code_commit_sha,scenario,parameter,multiplier,model_profile,model_profile_sha256,scheduler,workload_seed,policy_seed,config_sha256,workload_sha256,tasks_generated,tasks_admitted,tasks_rejected,tasks_completed_timely,tasks_late,tasks_expired,tasks_unfinished,tasks_failed,outcome_partition_count,task_completion_rate,critical_task_completion_rate,deadline_miss_rate_admitted,average_latency_s,median_latency_s,p95_latency_s,mission_value_total,timely_mission_value,timely_value_retention,freshness_adjusted_timely_value,freshness_value_retention,total_energy_consumed_j,solar_energy_harvested_j,energy_per_timely_task_j,mission_efficiency,minimum_battery_j,final_battery_j,total_transmitted_data_mb,timely_transmitted_data_mb,contact_capacity_mb,contact_utilization,peak_storage_utilization,mean_storage_utilization,processing_time_s,transmission_time_s,processing_duty_cycle,maximum_temperature_c,failed_action_count,arrival_horizon_s,drain_end_s
044701d81fe1c7e816d83581e907424106a40657,normal,available_energy_j,0.75,synthetic_v1,781d0e388741aa6fbb946d6cc78bc0e88df2ed45e0c690bc6a0098a567f08c5c,random,100,100100,855973433f1761cdd9ae209b71a3e73b75bd46f5c66cba2c7a5f5ff2bafdcec2,8f8016fe5ea3422ea5fc1c886794b38217b6c00ed045bbbdc9320bc69ff54e87,196,196,0,27,0,169,0,0,196,0.1377551020408163,0.14473684210526316,0.8622448979591837,209.22291573846326,203.2316946846695,449.2316926562446,35341.61520177111,2723.0535436518344,0.07704949329863599,1598.7427317712504,0.04523683263042067,88260.91014426436,139032.50507572835,3268.922597935717,0.030852316605402604,0.0,8000,340.9624102665272,340.9624102665272,867.4999999999998,0.393040242382164,0.39761559095398735,0.2136815940654566,591.0496217272765,407.0102522278773,0.14355591501112513,28.47657127866414,0,3600.0,4117.208417928805
044701d81fe1c7e816d83581e907424106a40657,normal,available_energy_j,0.75,synthetic_v1,781d0e388741aa6fbb946d6cc78bc0e88df2ed45e0c690bc6a0098a567f08c5c,rule,100,100100,855973433f1761cdd9ae209b71a3e73b75bd46f5c66cba2c7a5f5ff2bafdcec2,8f8016fe5ea3422ea5fc1c886794b38217b6c00ed045bbbdc9320bc69ff54e87,196,196,0,46,0,150,0,0,196,0.23469387755102042,0.3815789473684211,0.7653061224489796,174.07178401660514,164.14844109990196,391.17348600988953,35341.61520177111,4153.336118979214,0.1175197029130427,1532.768222829084,0.043370067102996214,98655.48744474402,139032.5050757283,2144.6845096683483,0.04209939281183378,0.0,8000,464.7777969123238,464.7777969123238,867.4999999999998,0.5357669128672322,0.41886296076676277,0.21399089370322147,570.4135885339372,628.7806293873173,0.13854377302106274,26.636464760706666,0,3600.0,4117.208417928805
044701d81fe1c7e816d83581e907424106a40657,normal,available_energy_j,0.75,synthetic_v1,781d0e388741aa6fbb946d6cc78bc0e88df2ed45e0c690bc6a0098a567f08c5c,greedy,100,100100,855973433f1761cdd9ae209b71a3e73b75bd46f5c66cba2c7a5f5ff2bafdcec2,8f8016fe5ea3422ea5fc1c886794b38217b6c00ed045bbbdc9320bc69ff54e87,196,196,0,36,0,160,0,0,196,0.1836734693877551,0.14473684210526316,0.8163265306122449,144.88631124806045,110.97767166036192,377.76654736255705,35341.61520177111,3222.3670081966343,0.09117769490159433,2665.6110089214512,0.07542414215374817,97101.82638830256,139032.5050757283,2697.272955230627,0.03318544179911346,0.0,8000,402.8515272612942,402.8515272612942,867.4999999999998,0.4643821639899646,0.41828987868057954,0.21059739356235793,719.9914805426208,506.81732689812833,0.17487370263000152,30.86614037751906,0,3600.0,4117.208417928805
044701d81fe1c7e816d83581e907424106a40657,normal,available_energy_j,0.75,synthetic_v1,781d0e388741aa6fbb946d6cc78bc0e88df2ed45e0c690bc6a0098a567f08c5c,edf,100,100100,855973433f1761cdd9ae209b71a3e73b75bd46f5c66cba2c7a5f5ff2bafdcec2,8f8016fe5ea3422ea5fc1c886794b38217b6c00ed045bbbdc9320bc69ff54e87,196,196,0,39,0,157,0,0,196,0.1989795918367347,0.13157894736842105,0.8010204081632653,253.9494522381566,229.78717869141656,529.0287915467575,35341.61520177111,3835.396761609103,0.1085235278498787,2485.295274084195,0.0703220625286998,98300.55610839392,139032.5050757283,2520.527079702408,0.039017040324572455,0.0,8000,460.55988131763445,460.55988131763445,867.4999999999998,0.5309047623258035,0.42518601369374726,0.21777433223296322,629.9992168474482,598.6472167669182,0.1530161101643658,29.244111454261056,0,3600.0,4117.208417928805
044701d81fe1c7e816d83581e907424106a40657,normal,available_energy_j,0.75,synthetic_v1,781d0e388741aa6fbb946d6cc78bc0e88df2ed45e0c690bc6a0098a567f08c5c,contact_knapsack,100,100100,855973433f1761cdd9ae209b71a3e73b75bd46f5c66cba2c7a5f5ff2bafdcec2,8f8016fe5ea3422ea5fc1c886794b38217b6c00ed045bbbdc9320bc69ff54e87,196,196,0,40,0,156,0,0,196,0.20408163265306123,0.2236842105263158,0.7959183673469388,202.08526184934345,201.56445881412122,415.9448989243947,35341.61520177111,3992.277557502499,0.11296250991104759,1969.8915931362556,0.05573858415609529,98827.26745073604,139032.50507572832,2470.681686268401,0.04039651869857266,0.0,8000,459.11395153086175,459.11395153086175,867.4999999999998,0.529237984473616,0.41740928064215016,0.2165535885212132,595.4206289079361,625.8357440710625,0.14461755842019464,26.403050702188853,0,3600.0,4117.208417928805
044701d81fe1c7e816d83581e907424106a40657,normal,available_energy_j,0.75,synthetic_v1,781d0e388741aa6fbb946d6cc78bc0e88df2ed45e0c690bc6a0098a567f08c5c,predictive,100,100100,855973433f1761cdd9ae209b71a3e73b75bd46f5c66cba2c7a5f5ff2bafdcec2,8f8016fe5ea3422ea5fc1c886794b38217b6c00ed045bbbdc9320bc69ff54e87,196,196,0,43,0,153,0,0,196,0.2193877551020408,0.25,0.7806122448979592,95.22139712878929,39.872824326111186,323.30851356435323,35341.61520177111,3560.7407784477837,0.10075206687976561,2669.6460889062832,0.07553831576923788,90201.76131794653,139032.50507572835,2097.7153794871283,0.039475291018949754,0.0,8000,423.4511299604926,423.4511299604926,867.4999999999998,0.4881281037008562,0.41675835469010786,0.22259658236211347,381.88370136517744,559.3800727081888,0.09275306532995169,20,0,3600.0,4117.208417928805
044701d81fe1c7e816d83581e907424106a40657,normal,available_energy_j,1.0,synthetic_v1,781d0e388741aa6fbb946d6cc78bc0e88df2ed45e0c690bc6a0098a567f08c5c,random,100,100100,bf28aafe5b3a3d13d9a2197916626f575e7193b94773923fed1269db1aad4eab,8f8016fe5ea3422ea5fc1c886794b38217b6c00ed045bbbdc9320bc69ff54e87,196,196,0,27,0,169,0,0,196,0.1377551020408163,0.14473684210526316,0.8622448979591837,209.22291573846326,203.2316946846695,449.2316926562446,35341.61520177111,2723.0535436518344,0.07704949329863599,1598.7427317712504,0.04523683263042067,88260.91014426436,139032.50507572835,3268.922597935717,0.030852316605402604,0.0,8000,340.9624102665272,340.9624102665272,867.4999999999998,0.393040242382164,0.39761559095398735,0.2136815940654566,591.0496217272765,407.0102522278773,0.14355591501112513,28.47657127866414,0,3600.0,4117.208417928805
044701d81fe1c7e816d83581e907424106a40657,normal,available_energy_j,1.0,synthetic_v1,781d0e388741aa6fbb946d6cc78bc0e88df2ed45e0c690bc6a0098a567f08c5c,rule,100,100100,bf28aafe5b3a3d13d9a2197916626f575e7193b94773923fed1269db1aad4eab,8f8016fe5ea3422ea5fc1c886794b38217b6c00ed045bbbdc9320bc69ff54e87,196,196,0,46,0,150,0,0,196,0.23469387755102042,0.3815789473684211,0.7653061224489796,174.07178401660514,164.14844109990196,391.17348600988953,35341.61520177111,4153.336118979214,0.1175197029130427,1532.768222829084,0.043370067102996214,98655.48744474402,139032.5050757283,2144.6845096683483,0.04209939281183378,0.0,8000,464.7777969123238,464.7777969123238,867.4999999999998,0.5357669128672322,0.41886296076676277,0.21399089370322147,570.4135885339372,628.7806293873173,0.13854377302106274,26.636464760706666,0,3600.0,4117.208417928805
044701d81fe1c7e816d83581e907424106a40657,normal,available_energy_j,1.0,synthetic_v1,781d0e388741aa6fbb946d6cc78bc0e88df2ed45e0c690bc6a0098a567f08c5c,greedy,100,100100,bf28aafe5b3a3d13d9a2197916626f575e7193b94773923fed1269db1aad4eab,8f8016fe5ea3422ea5fc1c886794b38217b6c00ed045bbbdc9320bc69ff54e87,196,196,0,36,0,160,0,0,196,0.1836734693877551,0.14473684210526316,0.8163265306122449,144.88631124806045,110.97767166036192,377.76654736255705,35341.61520177111,3222.3670081966343,0.09117769490159433,2665.6110089214512,0.07542414215374817,97101.82638830256,139032.5050757283,2697.272955230627,0.03318544179911346,0.0,8000,402.8515272612942,402.8515272612942,867.4999999999998,0.4643821639899646,0.41828987868057954,0.21059739356235793,719.9914805426208,506.81732689812833,0.17487370263000152,30.86614037751906,0,3600.0,4117.208417928805
044701d81fe1c7e816d83581e907424106a40657,normal,available_energy_j,1.0,synthetic_v1,781d0e388741aa6fbb946d6cc78bc0e88df2ed45e0c690bc6a0098a567f08c5c,edf,100,100100,bf28aafe5b3a3d13d9a2197916626f575e7193b94773923fed1269db1aad4eab,8f8016fe5ea3422ea5fc1c886794b38217b6c00ed045bbbdc9320bc69ff54e87,196,196,0,39,0,157,0,0,196,0.1989795918367347,0.13157894736842105,0.8010204081632653,253.9494522381566,229.78717869141656,529.0287915467575,35341.61520177111,3835.396761609103,0.1085235278498787,2485.295274084195,0.0703220625286998,98300.55610839392,139032.5050757283,2520.527079702408,0.039017040324572455,0.0,8000,460.55988131763445,460.55988131763445,867.4999999999998,0.5309047623258035,0.42518601369374726,0.21777433223296322,629.9992168474482,598.6472167669182,0.1530161101643658,29.244111454261056,0,3600.0,4117.208417928805
044701d81fe1c7e816d83581e907424106a40657,normal,available_energy_j,1.0,synthetic_v1,781d0e388741aa6fbb946d6cc78bc0e88df2ed45e0c690bc6a0098a567f08c5c,contact_knapsack,100,100100,bf28aafe5b3a3d13d9a2197916626f575e7193b94773923fed1269db1aad4eab,8f8016fe5ea3422ea5fc1c886794b38217b6c00ed045bbbdc9320bc69ff54e87,196,196,0,40,0,156,0,0,196,0.20408163265306123,0.2236842105263158,0.7959183673469388,202.08526184934345,201.56445881412122,415.9448989243947,35341.61520177111,3992.277557502499,0.11296250991104759,1969.8915931362556,0.05573858415609529,98827.26745073604,139032.50507572832,2470.681686268401,0.04039651869857266,0.0,8000,459.11395153086175,459.11395153086175,867.4999999999998,0.529237984473616,0.41740928064215016,0.2165535885212132,595.4206289079361,625.8357440710625,0.14461755842019464,26.403050702188853,0,3600.0,4117.208417928805
044701d81fe1c7e816d83581e907424106a40657,normal,available_energy_j,1.0,synthetic_v1,781d0e388741aa6fbb946d6cc78bc0e88df2ed45e0c690bc6a0098a567f08c5c,predictive,100,100100,bf28aafe5b3a3d13d9a2197916626f575e7193b94773923fed1269db1aad4eab,8f8016fe5ea3422ea5fc1c886794b38217b6c00ed045bbbdc9320bc69ff54e87,196,196,0,43,0,153,0,0,196,0.2193877551020408,0.25,0.7806122448979592,95.22139712878929,39.872824326111186,323.30851356435323,35341.61520177111,3560.7407784477837,0.10075206687976561,2669.6460889062832,0.07553831576923788,90201.76131794653,139032.50507572835,2097.7153794871283,0.039475291018949754,0.0,8000,423.4511299604926,423.4511299604926,867.4999999999998,0.4881281037008562,0.41675835469010786,0.22259658236211347,381.88370136517744,559.3800727081888,0.09275306532995169,20,0,3600.0,4117.208417928805
044701d81fe1c7e816d83581e907424106a40657,normal,available_energy_j,1.25,synthetic_v1,781d0e388741aa6fbb946d6cc78bc0e88df2ed45e0c690bc6a0098a567f08c5c,random,100,100100,311a7371b2f67243e4fd362b7e8ee7bd88b602c504cde3db731c182b9e05a10c,8f8016fe5ea3422ea5fc1c886794b38217b6c00ed045bbbdc9320bc69ff54e87,196,196,0,27,0,169,0,0,196,0.1377551020408163,0.14473684210526316,0.8622448979591837,209.22291573846326,203.2316946846695,449.2316926562446,35341.61520177111,2723.0535436518344,0.07704949329863599,1598.7427317712504,0.04523683263042067,88260.91014426436,139032.50507572835,3268.922597935717,0.030852316605402604,0.0,8000,340.9624102665272,340.9624102665272,867.4999999999998,0.393040242382164,0.39761559095398735,0.2136815940654566,591.0496217272765,407.0102522278773,0.14355591501112513,28.47657127866414,0,3600.0,4117.208417928805
044701d81fe1c7e816d83581e907424106a40657,normal,available_energy_j,1.25,synthetic_v1,781d0e388741aa6fbb946d6cc78bc0e88df2ed45e0c690bc6a0098a567f08c5c,rule,100,100100,311a7371b2f67243e4fd362b7e8ee7bd88b602c504cde3db731c182b9e05a10c,8f8016fe5ea3422ea5fc1c886794b38217b6c00ed045bbbdc9320bc69ff54e87,196,196,0,46,0,150,0,0,196,0.23469387755102042,0.3815789473684211,0.7653061224489796,174.07178401660514,164.14844109990196,391.17348600988953,35341.61520177111,4153.336118979214,0.1175197029130427,1532.768222829084,0.043370067102996214,98655.48744474402,139032.5050757283,2144.6845096683483,0.04209939281183378,0.0,8000,464.7777969123238,464.7777969123238,867.4999999999998,0.5357669128672322,0.41886296076676277,0.21399089370322147,570.4135885339372,628.7806293873173,0.13854377302106274,26.636464760706666,0,3600.0,4117.208417928805
044701d81fe1c7e816d83581e907424106a40657,normal,available_energy_j,1.25,synthetic_v1,781d0e388741aa6fbb946d6cc78bc0e88df2ed45e0c690bc6a0098a567f08c5c,greedy,100,100100,311a7371b2f67243e4fd362b7e8ee7bd88b602c504cde3db731c182b9e05a10c,8f8016fe5ea3422ea5fc1c886794b38217b6c00ed045bbbdc9320bc69ff54e87,196,196,0,36,0,160,0,0,196,0.1836734693877551,0.14473684210526316,0.8163265306122449,144.88631124806045,110.97767166036192,377.76654736255705,35341.61520177111,3222.3670081966343,0.09117769490159433,2665.6110089214512,0.07542414215374817,97101.82638830256,139032.5050757283,2697.272955230627,0.03318544179911346,0.0,8000,402.8515272612942,402.8515272612942,867.4999999999998,0.4643821639899646,0.41828987868057954,0.21059739356235793,719.9914805426208,506.81732689812833,0.17487370263000152,30.86614037751906,0,3600.0,4117.208417928805
044701d81fe1c7e816d83581e907424106a40657,normal,available_energy_j,1.25,synthetic_v1,781d0e388741aa6fbb946d6cc78bc0e88df2ed45e0c690bc6a0098a567f08c5c,edf,100,100100,311a7371b2f67243e4fd362b7e8ee7bd88b602c504cde3db731c182b9e05a10c,8f8016fe5ea3422ea5fc1c886794b38217b6c00ed045bbbdc9320bc69ff54e87,196,196,0,39,0,157,0,0,196,0.1989795918367347,0.13157894736842105,0.8010204081632653,253.9494522381566,229.78717869141656,529.0287915467575,35341.61520177111,3835.396761609103,0.1085235278498787,2485.295274084195,0.0703220625286998,98300.55610839392,139032.5050757283,2520.527079702408,0.039017040324572455,0.0,8000,460.55988131763445,460.55988131763445,867.4999999999998,0.5309047623258035,0.42518601369374726,0.21777433223296322,629.9992168474482,598.6472167669182,0.1530161101643658,29.244111454261056,0,3600.0,4117.208417928805
044701d81fe1c7e816d83581e907424106a40657,normal,available_energy_j,1.25,synthetic_v1,781d0e388741aa6fbb946d6cc78bc0e88df2ed45e0c690bc6a0098a567f08c5c,contact_knapsack,100,100100,311a7371b2f67243e4fd362b7e8ee7bd88b602c504cde3db731c182b9e05a10c,8f8016fe5ea3422ea5fc1c886794b38217b6c00ed045bbbdc9320bc69ff54e87,196,196,0,40,0,156,0,0,196,0.20408163265306123,0.2236842105263158,0.7959183673469388,202.08526184934345,201.56445881412122,415.9448989243947,35341.61520177111,3992.277557502499,0.11296250991104759,1969.8915931362556,0.05573858415609529,98827.26745073604,139032.50507572832,2470.681686268401,0.04039651869857266,0.0,8000,459.11395153086175,459.11395153086175,867.4999999999998,0.529237984473616,0.41740928064215016,0.2165535885212132,595.4206289079361,625.8357440710625,0.14461755842019464,26.403050702188853,0,3600.0,4117.208417928805
044701d81fe1c7e816d83581e907424106a40657,normal,available_energy_j,1.25,synthetic_v1,781d0e388741aa6fbb946d6cc78bc0e88df2ed45e0c690bc6a0098a567f08c5c,predictive,100,100100,311a7371b2f67243e4fd362b7e8ee7bd88b602c504cde3db731c182b9e05a10c,8f8016fe5ea3422ea5fc1c886794b38217b6c00ed045bbbdc9320bc69ff54e87,196,196,0,43,0,153,0,0,196,0.2193877551020408,0.25,0.7806122448979592,95.22139712878929,39.872824326111186,323.30851356435323,35341.61520177111,3560.7407784477837,0.10075206687976561,2669.6460889062832,0.07553831576923788,90201.76131794653,139032.50507572835,2097.7153794871283,0.039475291018949754,0.0,8000,423.4511299604926,423.4511299604926,867.4999999999998,0.4881281037008562,0.41675835469010786,0.22259658236211347,381.88370136517744,559.3800727081888,0.09275306532995169,20,0,3600.0,4117.208417928805
044701d81fe1c7e816d83581e907424106a40657,normal,contact_bandwidth,0.75,synthetic_v1,781d0e388741aa6fbb946d6cc78bc0e88df2ed45e0c690bc6a0098a567f08c5c,random,100,100100,4699cfe95a4f294faa9610125e2fb6e87c7e20b482f7269f352f0c96b8943ab7,8f8016fe5ea3422ea5fc1c886794b38217b6c00ed045bbbdc9320bc69ff54e87,196,196,0,26,0,170,0,0,196,0.1326530612244898,0.09210526315789473,0.8673469387755102,191.74060410493664,200.34739575488447,399.1891021626803,35341.61520177111,2088.648520849134,0.05909884166087756,1523.3160592949905,0.043102615729307445,91685.1347937892,139032.50507572832,3526.3513382226615,0.022780666959226852,0.0,8000,269.26510385840254,269.26510385840254,650.6249999999998,0.41385606740964864,0.4232059606499827,0.2216271410937779,582.9921982759374,460.88192800784304,0.141598903698253,25.92797066030816,0,3600.0,4117.208417928805
044701d81fe1c7e816d83581e907424106a40657,normal,contact_bandwidth,0.75,synthetic_v1,781d0e388741aa6fbb946d6cc78bc0e88df2ed45e0c690bc6a0098a567f08c5c,rule,100,100100,4699cfe95a4f294faa9610125e2fb6e87c7e20b482f7269f352f0c96b8943ab7,8f8016fe5ea3422ea5fc1c886794b38217b6c00ed045bbbdc9320bc69ff54e87,196,196,0,36,0,160,0,0,196,0.1836734693877551,0.2894736842105263,0.8163265306122449,173.68000609722299,126.6972193675308,395.7692284124255,35341.61520177111,3116.694379728928,0.08818766097517633,883.1472007999039,0.024988874893178224,96856.99725712698,139032.50507572835,2690.472146031305,0.03217830892955536,0.0,8000,346.6874736941858,346.6874736941858,650.6249999999998,0.5328529855049928,0.41886296076676294,0.21888494973950337,550.2146451479491,605.9571220193129,0.13363779272188,25.080096691369405,0,3600.0,4117.208417928805
044701d81fe1c7e816d83581e907424106a40657,normal,contact_bandwidth,0.75,synthetic_v1,781d0e388741aa6fbb946d6cc78bc0e88df2ed45e0c690bc6a0098a567f08c5c,greedy,100,100100,4699cfe95a4f294faa9610125e2fb6e87c7e20b482f7269f352f0c96b8943ab7,8f8016fe5ea3422ea5fc1c886794b38217b6c00ed045bbbdc9320bc69ff54e87,196,196,0,34,0,162,0,0,196,0.17346938775510204,0.11842105263157894,0.826530612244898,136.73883718099088,105.99012509663794,441.12519088382123,35341.61520177111,2432.5391923105376,0.06882931576337896,1968.0706733539357,0.055687060767254014,96620.06608399223,139032.50507572832,2841.7666495291833,0.025176335422870864,0.0,8000,305.9783277654431,305.9783277654431,650.6249999999998,0.470283693011248,0.42393048068985034,0.21723009413225547,656.753510907928,540.0886250982094,0.15951427380941605,26.083161577755796,0,3600.0,4117.208417928805
044701d81fe1c7e816d83581e907424106a40657,normal,contact_bandwidth,0.75,synthetic_v1,781d0e388741aa6fbb946d6cc78bc0e88df2ed45e0c690bc6a0098a567f08c5c,edf,100,100100,4699cfe95a4f294faa9610125e2fb6e87c7e20b482f7269f352f0c96b8943ab7,8f8016fe5ea3422ea5fc1c886794b38217b6c00ed045bbbdc9320bc69ff54e87,196,196,0,37,0,159,0,0,196,0.18877551020408162,0.17105263157894737,0.8112244897959183,235.50477496540543,216.97510108012744,548.3324769898597,35341.61520177111,2742.7268230675654,0.07760615374846017,1288.7756055184561,0.03646623387642652,97119.77999694667,139032.50507572838,2624.8589188363967,0.028240661409589203,0.0,8000,341.448954044383,341.448954044383,650.6249999999998,0.5248014663506368,0.4251860136937472,0.22124758972354308,581.7340749582352,600.9976628710508,0.1412933269117528,26.043380286961913,0,3600.0,4117.208417928805
044701d81fe1c7e816d83581e907424106a40657,normal,contact_bandwidth,0.75,synthetic_v1,781d0e388741aa6fbb946d6cc78bc0e88df2ed45e0c690bc6a0098a567f08c5c,contact_knapsack,100,100100,4699cfe95a4f294faa9610125e2fb6e87c7e20b482f7269f352f0c96b8943ab7,8f8016fe5ea3422ea5fc1c886794b38217b6c00ed045bbbdc9320bc69ff54e87,196,196,0,36,0,160,0,0,196,0.1836734693877551,0.21052631578947367,0.8163265306122449,201.69580147552375,206.5918399588918,418.28799030006485,35341.61520177111,3017.0195176919983,0.0853673353769299,1384.848121344254,0.039184630171482764,97890.77682941839,139032.50507572838,2719.188245261622,0.030820263311929462,0.0,8000,341.3410599339074,341.3410599339074,650.6249999999998,0.5246356348647954,0.41746499800327774,0.21822885642293788,573.750101233775,617.0703122076649,0.13935415529010423,25.219525032232834,0,3600.0,4117.208417928805
044701d81fe1c7e816d83581e907424106a40657,normal,contact_bandwidth,0.75,synthetic_v1,781d0e388741aa6fbb946d6cc78bc0e88df2ed45e0c690bc6a0098a567f08c5c,predictive,100,100100,4699cfe95a4f294faa9610125e2fb6e87c7e20b482f7269f352f0c96b8943ab7,8f8016fe5ea3422ea5fc1c886794b38217b6c00ed045bbbdc9320bc69ff54e87,196,196,0,30,0,166,0,0,196,0.15306122448979592,0.14473684210526316,0.8469387755102041,86.20145341470675,45.08584568477772,354.5096679867156,35341.61520177111,2718.126450745626,0.0769100799504322,2184.786923957381,0.0618191022533654,88657.04731409774,139032.50507572832,2955.2349104699247,0.03065888762475631,0.0,8000,330.4130570786274,330.4130570786274,650.6249999999998,0.5078394729354505,0.416758354690108,0.23103118479043097,311.7584137925711,563.0389537043857,0.07572082395318809,20,0,3600.0,4117.208417928805
044701d81fe1c7e816d83581e907424106a40657,normal,contact_bandwidth,1.0,synthetic_v1,781d0e388741aa6fbb946d6cc78bc0e88df2ed45e0c690bc6a0098a567f08c5c,random,100,100100,b8973bac621a56c911437d724bc2f691a11750bf53c5ba9d583f79692b373eae,8f8016fe5ea3422ea5fc1c886794b38217b6c00ed045bbbdc9320bc69ff54e87,196,196,0,27,0,169,0,0,196,0.1377551020408163,0.14473684210526316,0.8622448979591837,209.22291573846326,203.2316946846695,449.2316926562446,35341.61520177111,2723.0535436518344,0.07704949329863599,1598.7427317712504,0.04523683263042067,88260.91014426436,139032.50507572835,3268.922597935717,0.030852316605402604,0.0,8000,340.9624102665272,340.9624102665272,867.4999999999998,0.393040242382164,0.39761559095398735,0.2136815940654566,591.0496217272765,407.0102522278773,0.14355591501112513,28.47657127866414,0,3600.0,4117.208417928805
044701d81fe1c7e816d83581e907424106a40657,normal,contact_bandwidth,1.0,synthetic_v1,781d0e388741aa6fbb946d6cc78bc0e88df2ed45e0c690bc6a0098a567f08c5c,rule,100,100100,b8973bac621a56c911437d724bc2f691a11750bf53c5ba9d583f79692b373eae,8f8016fe5ea3422ea5fc1c886794b38217b6c00ed045bbbdc9320bc69ff54e87,196,196,0,46,0,150,0,0,196,0.23469387755102042,0.3815789473684211,0.7653061224489796,174.07178401660514,164.14844109990196,391.17348600988953,35341.61520177111,4153.336118979214,0.1175197029130427,1532.768222829084,0.043370067102996214,98655.48744474402,139032.5050757283,2144.6845096683483,0.04209939281183378,0.0,8000,464.7777969123238,464.7777969123238,867.4999999999998,0.5357669128672322,0.41886296076676277,0.21399089370322147,570.4135885339372,628.7806293873173,0.13854377302106274,26.636464760706666,0,3600.0,4117.208417928805
044701d81fe1c7e816d83581e907424106a40657,normal,contact_bandwidth,1.0,synthetic_v1,781d0e388741aa6fbb946d6cc78bc0e88df2ed45e0c690bc6a0098a567f08c5c,greedy,100,100100,b8973bac621a56c911437d724bc2f691a11750bf53c5ba9d583f79692b373eae,8f8016fe5ea3422ea5fc1c886794b38217b6c00ed045bbbdc9320bc69ff54e87,196,196,0,36,0,160,0,0,196,0.1836734693877551,0.14473684210526316,0.8163265306122449,144.88631124806045,110.97767166036192,377.76654736255705,35341.61520177111,3222.3670081966343,0.09117769490159433,2665.6110089214512,0.07542414215374817,97101.82638830256,139032.5050757283,2697.272955230627,0.03318544179911346,0.0,8000,402.8515272612942,402.8515272612942,867.4999999999998,0.4643821639899646,0.41828987868057954,0.21059739356235793,719.9914805426208,506.81732689812833,0.17487370263000152,30.86614037751906,0,3600.0,4117.208417928805
044701d81fe1c7e816d83581e907424106a40657,normal,contact_bandwidth,1.0,synthetic_v1,781d0e388741aa6fbb946d6cc78bc0e88df2ed45e0c690bc6a0098a567f08c5c,edf,100,100100,b8973bac621a56c911437d724bc2f691a11750bf53c5ba9d583f79692b373eae,8f8016fe5ea3422ea5fc1c886794b38217b6c00ed045bbbdc9320bc69ff54e87,196,196,0,39,0,157,0,0,196,0.1989795918367347,0.13157894736842105,0.8010204081632653,253.9494522381566,229.78717869141656,529.0287915467575,35341.61520177111,3835.396761609103,0.1085235278498787,2485.295274084195,0.0703220625286998,98300.55610839392,139032.5050757283,2520.527079702408,0.039017040324572455,0.0,8000,460.55988131763445,460.55988131763445,867.4999999999998,0.5309047623258035,0.42518601369374726,0.21777433223296322,629.9992168474482,598.6472167669182,0.1530161101643658,29.244111454261056,0,3600.0,4117.208417928805
044701d81fe1c7e816d83581e907424106a40657,normal,contact_bandwidth,1.0,synthetic_v1,781d0e388741aa6fbb946d6cc78bc0e88df2ed45e0c690bc6a0098a567f08c5c,contact_knapsack,100,100100,b8973bac621a56c911437d724bc2f691a11750bf53c5ba9d583f79692b373eae,8f8016fe5ea3422ea5fc1c886794b38217b6c00ed045bbbdc9320bc69ff54e87,196,196,0,40,0,156,0,0,196,0.20408163265306123,0.2236842105263158,0.7959183673469388,202.08526184934345,201.56445881412122,415.9448989243947,35341.61520177111,3992.277557502499,0.11296250991104759,1969.8915931362556,0.05573858415609529,98827.26745073604,139032.50507572832,2470.681686268401,0.04039651869857266,0.0,8000,459.11395153086175,459.11395153086175,867.4999999999998,0.529237984473616,0.41740928064215016,0.2165535885212132,595.4206289079361,625.8357440710625,0.14461755842019464,26.403050702188853,0,3600.0,4117.208417928805
044701d81fe1c7e816d83581e907424106a40657,normal,contact_bandwidth,1.0,synthetic_v1,781d0e388741aa6fbb946d6cc78bc0e88df2ed45e0c690bc6a0098a567f08c5c,predictive,100,100100,b8973bac621a56c911437d724bc2f691a11750bf53c5ba9d583f79692b373eae,8f8016fe5ea3422ea5fc1c886794b38217b6c00ed045bbbdc9320bc69ff54e87,196,196,0,43,0,153,0,0,196,0.2193877551020408,0.25,0.7806122448979592,95.22139712878929,39.872824326111186,323.30851356435323,35341.61520177111,3560.7407784477837,0.10075206687976561,2669.6460889062832,0.07553831576923788,90201.76131794653,139032.50507572835,2097.7153794871283,0.039475291018949754,0.0,8000,423.4511299604926,423.4511299604926,867.4999999999998,0.4881281037008562,0.41675835469010786,0.22259658236211347,381.88370136517744,559.3800727081888,0.09275306532995169,20,0,3600.0,4117.208417928805
044701d81fe1c7e816d83581e907424106a40657,normal,contact_bandwidth,1.25,synthetic_v1,781d0e388741aa6fbb946d6cc78bc0e88df2ed45e0c690bc6a0098a567f08c5c,random,100,100100,f2669837141d661a259accf4f0b59645da3c0c9fb82d9737f9466cf357ca6549,8f8016fe5ea3422ea5fc1c886794b38217b6c00ed045bbbdc9320bc69ff54e87,196,196,0,25,0,171,0,0,196,0.12755102040816327,0.15789473684210525,0.8724489795918368,187.81267921199978,162.39270729143527,369.33419124579586,35341.61520177111,2939.586716910227,0.08317635456465818,1926.5116045798065,0.054511136335479694,89380.9310257791,139032.5050757283,3575.2372410311636,0.032888298244089634,0.0,8000,403.526945164939,403.526945164939,1084.3749999999995,0.3721285949647854,0.4218237462155749,0.2172609221302144,552.5997059704646,428.0893818689929,0.13421708348892727,24.809265276285146,0,3600.0,4117.208417928805
044701d81fe1c7e816d83581e907424106a40657,normal,contact_bandwidth,1.25,synthetic_v1,781d0e388741aa6fbb946d6cc78bc0e88df2ed45e0c690bc6a0098a567f08c5c,rule,100,100100,f2669837141d661a259accf4f0b59645da3c0c9fb82d9737f9466cf357ca6549,8f8016fe5ea3422ea5fc1c886794b38217b6c00ed045bbbdc9320bc69ff54e87,196,196,0,49,0,147,0,0,196,0.25,0.40789473684210525,0.75,146.0431692765448,104.20866377529546,383.7996992806793,35341.61520177111,5283.628338061298,0.1495016090208722,2292.365382230091,0.06486306211933437,98568.48260785836,139032.50507572832,2011.6016858746605,0.053603628647521266,0.0,8000,571.6796114035169,571.6796114035169,1084.3749999999995,0.5271973361646267,0.41886296076676294,0.20969025558915094,593.7738739738516,605.6974447151397,0.14421758961441022,27.519737083632453,0,3600.0,4117.208417928805
044701d81fe1c7e816d83581e907424106a40657,normal,contact_bandwidth,1.25,synthetic_v1,781d0e388741aa6fbb946d6cc78bc0e88df2ed45e0c690bc6a0098a567f08c5c,greedy,100,100100,f2669837141d661a259accf4f0b59645da3c0c9fb82d9737f9466cf357ca6549,8f8016fe5ea3422ea5fc1c886794b38217b6c00ed045bbbdc9320bc69ff54e87,196,196,0,40,0,156,0,0,196,0.20408163265306123,0.18421052631578946,0.7959183673469388,147.27896508536793,122.36876025084098,377.08490951099975,35341.61520177111,4466.75361036341,0.12638793062688214,3527.2406338280725,0.09980417175871771,96940.88489243372,139032.5050757283,2423.522122310843,0.04607708724053583,0.0,8000,516.6089985748117,516.6089985748117,1084.3749999999995,0.47641175661077756,0.41683619855596654,0.20846438404527304,743.2910926905604,510.66622510900174,0.18053278271117473,33.8616035237185,0,3600.0,4117.208417928805
044701d81fe1c7e816d83581e907424106a40657,normal,contact_bandwidth,1.25,synthetic_v1,781d0e388741aa6fbb946d6cc78bc0e88df2ed45e0c690bc6a0098a567f08c5c,edf,100,100100,f2669837141d661a259accf4f0b59645da3c0c9fb82d9737f9466cf357ca6549,8f8016fe5ea3422ea5fc1c886794b38217b6c00ed045bbbdc9320bc69ff54e87,196,196,0,44,0,152,0,0,196,0.22448979591836735,0.18421052631578946,0.7755102040816326,225.86870481669237,210.83779627739113,514.9638947588173,35341.61520177111,4666.668627210476,0.13204457692631466,2760.3505322384613,0.0781048210863925,97964.49102141672,139032.5050757283,2226.465705032198,0.047636328005728756,0.0,8000,552.0220995882189,552.0220995882189,1084.3749999999995,0.5090693713781848,0.4245572142464362,0.217890701165017,635.5889407280457,583.3908442286963,0.15437375916174384,29.014333829254788,0,3600.0,4117.208417928805
044701d81fe1c7e816d83581e907424106a40657,normal,contact_bandwidth,1.25,synthetic_v1,781d0e388741aa6fbb946d6cc78bc0e88df2ed45e0c690bc6a0098a567f08c5c,contact_knapsack,100,100100,f2669837141d661a259accf4f0b59645da3c0c9fb82d9737f9466cf357ca6549,8f8016fe5ea3422ea5fc1c886794b38217b6c00ed045bbbdc9320bc69ff54e87,196,196,0,44,0,152,0,0,196,0.22448979591836735,0.2894736842105263,0.7755102040816326,190.38423747817598,174.2286141592033,418.95624331191493,35341.61520177111,5372.290617561181,0.15201033079246346,2547.909351545757,0.0720937437918251,99041.52425229624,139032.50507572826,2250.9437330067326,0.05424281035776392,0.0,8000,579.6026978751214,579.6026978751214,1084.3749999999995,0.5345039288761929,0.41886296076676294,0.21405001423085385,602.6401584427111,622.6709641197842,0.14637105953112622,26.836082339510096,0,3600.0,4117.208417928805
044701d81fe1c7e816d83581e907424106a40657,normal,contact_bandwidth,1.25,synthetic_v1,781d0e388741aa6fbb946d6cc78bc0e88df2ed45e0c690bc6a0098a567f08c5c,predictive,100,100100,f2669837141d661a259accf4f0b59645da3c0c9fb82d9737f9466cf357ca6549,8f8016fe5ea3422ea5fc1c886794b38217b6c00ed045bbbdc9320bc69ff54e87,196,196,0,42,0,154,0,0,196,0.21428571428571427,0.23684210526315788,0.7857142857142857,113.20562536010469,38.9802961854557,377.09299627964447,35341.61520177111,4282.552129591575,0.12117590283131598,3378.466337942926,0.09559456517917206,89976.10908862694,139032.5050757284,2142.288311633975,0.04759654727204572,0.0,8000,503.40561179499497,503.40561179499497,1084.3749999999995,0.46423572269279095,0.37480959274423103,0.21562517653508123,408.7832522979912,529.4900727878572,0.09928650940231804,20,0,3600.0,4117.208417928805
044701d81fe1c7e816d83581e907424106a40657,normal,contact_window_duration,0.75,synthetic_v1,781d0e388741aa6fbb946d6cc78bc0e88df2ed45e0c690bc6a0098a567f08c5c,random,100,100100,1ef0aa6c381c75f759fa69fadfc5b07c13bdcc7ade4bc61a9af118f5c6946c31,8f8016fe5ea3422ea5fc1c886794b38217b6c00ed045bbbdc9320bc69ff54e87,196,196,0,18,0,178,0,0,196,0.09183673469387756,0.06578947368421052,0.9081632653061225,200.85364076535132,198.3857599070882,406.8050967798795,35341.61520177111,2221.0348942689225,0.06284474780195155,1436.610271269271,0.04064925338209434,87277.66949664913,139032.50507572838,4848.759416480508,0.025447917056884695,0.0,8000,282.0438834070376,282.0438834070376,650.6249999999995,0.4334968428926613,0.4178993009360751,0.21936024675130372,526.7310070969584,383.0356675654055,0.1279340158742643,24.012266315762854,0,3600.0,4117.208417928805
044701d81fe1c7e816d83581e907424106a40657,normal,contact_window_duration,0.75,synthetic_v1,781d0e388741aa6fbb946d6cc78bc0e88df2ed45e0c690bc6a0098a567f08c5c,rule,100,100100,1ef0aa6c381c75f759fa69fadfc5b07c13bdcc7ade4bc61a9af118f5c6946c31,8f8016fe5ea3422ea5fc1c886794b38217b6c00ed045bbbdc9320bc69ff54e87,196,196,0,37,0,159,0,0,196,0.18877551020408162,0.25,0.8112244897959183,181.31996602240574,167.26767275339233,408.85917194109516,35341.61520177111,3102.0252051005587,0.08777259294434013,1058.5141422286038,0.029950927148784005,93835.76308564284,139032.5050757283,2536.101705017374,0.03305802716464697,0.0,8000,350.45020241451385,350.45020241451385,650.6249999999995,0.5386362381010783,0.42176288426861186,0.21488545011943344,578.4008148655987,472.1619464270238,0.14048373464575978,26.43646476070667,0,3600.0,4117.208417928805
044701d81fe1c7e816d83581e907424106a40657,normal,contact_window_duration,0.75,synthetic_v1,781d0e388741aa6fbb946d6cc78bc0e88df2ed45e0c690bc6a0098a567f08c5c,greedy,100,100100,1ef0aa6c381c75f759fa69fadfc5b07c13bdcc7ade4bc61a9af118f5c6946c31,8f8016fe5ea3422ea5fc1c886794b38217b6c00ed045bbbdc9320bc69ff54e87,196,196,0,24,0,172,0,0,196,0.12244897959183673,0.05263157894736842,0.8775510204081632,146.043719294218,109.54750183183296,372.77088892236134,35341.61520177111,2520.219196162073,0.07131024379541585,2208.5280085886675,0.062490862287414344,93186.99583522593,139032.50507572826,3882.7914931344135,0.027044752044784733,0.0,8000,311.8557779235967,311.8557779235967,650.6249999999995,0.47931723792291553,0.42250619713328846,0.21458508062513346,672.4268921863679,408.3014551348998,0.16332107193267562,29.76088972259466,0,3600.0,4117.208417928805
044701d81fe1c7e816d83581e907424106a40657,normal,contact_window_duration,0.75,synthetic_v1,781d0e388741aa6fbb946d6cc78bc0e88df2ed45e0c690bc6a0098a567f08c5c,edf,100,100100,1ef0aa6c381c75f759fa69fadfc5b07c13bdcc7ade4bc61a9af118f5c6946c31,8f8016fe5ea3422ea5fc1c886794b38217b6c00ed045bbbdc9320bc69ff54e87,196,196,0,36,0,160,0,0,196,0.1836734693877551,0.09210526315789473,0.8163265306122449,256.09172662546,227.91301996413222,539.8481647424353,35341.61520177111,2932.571995484203,0.08297787123598245,1831.0591992572406,0.05181028622499062,93612.98256244701,139032.50507572838,2600.360626734639,0.031326552313702356,0.0,8000,340.6003321390362,340.6003321390362,650.6249999999995,0.5234971483404979,0.42250619713328835,0.2176743681172466,612.2038422637014,457.31816924646944,0.14869391590617498,27.813130125905225,0,3600.0,4117.208417928805
044701d81fe1c7e816d83581e907424106a40657,normal,contact_window_duration,0.75,synthetic_v1,781d0e388741aa6fbb946d6cc78bc0e88df2ed45e0c690bc6a0098a567f08c5c,contact_knapsack,100,100100,1ef0aa6c381c75f759fa69fadfc5b07c13bdcc7ade4bc61a9af118f5c6946c31,8f8016fe5ea3422ea5fc1c886794b38217b6c00ed045bbbdc9320bc69ff54e87,196,196,0,32,0,164,0,0,196,0.16326530612244897,0.13157894736842105,0.8367346938775511,221.18978499844573,205.2640542230315,483.7568268578152,35341.61520177111,3148.4803617987045,0.08908705343045334,1701.9499156582285,0.04815710617473242,93698.89408763441,139032.5050757283,2928.0904402385754,0.03360210803399668,0.0,8000,360.8795886832121,360.8795886832121,650.6249999999995,0.554666034479481,0.42245047977216077,0.21556291380334563,596.1674685175843,475.6024705185039,0.1447989530774085,27.613130125905236,0,3600.0,4117.208417928805
044701d81fe1c7e816d83581e907424106a40657,normal,contact_window_duration,0.75,synthetic_v1,781d0e388741aa6fbb946d6cc78bc0e88df2ed45e0c690bc6a0098a567f08c5c,predictive,100,100100,1ef0aa6c381c75f759fa69fadfc5b07c13bdcc7ade4bc61a9af118f5c6946c31,8f8016fe5ea3422ea5fc1c886794b38217b6c00ed045bbbdc9320bc69ff54e87,196,196,0,42,0,154,0,0,196,0.21428571428571427,0.15789473684210525,0.7857142857142857,122.72879210877153,74.9864646202642,373.52381130710205,35341.61520177111,2648.9608187707995,0.07495302078434858,2103.2472280879824,0.05951191579898647,86357.39672287022,139032.50507572832,2056.128493401672,0.030674394079659297,0.0,8000,333.1779140343155,333.1779140343155,650.6249999999995,0.512089012924981,0.4173538394131011,0.22752643473331113,367.2765649630635,432.78028352993834,0.08920523997855444,20.02903740781336,0,3600.0,4117.208417928805
044701d81fe1c7e816d83581e907424106a40657,normal,contact_window_duration,1.0,synthetic_v1,781d0e388741aa6fbb946d6cc78bc0e88df2ed45e0c690bc6a0098a567f08c5c,random,100,100100,c97b1d34f6ec82bec985703ae543ed502f7d5dfcc9c7d242d0f41a2abbe32cd5,8f8016fe5ea3422ea5fc1c886794b38217b6c00ed045bbbdc9320bc69ff54e87,196,196,0,27,0,169,0,0,196,0.1377551020408163,0.14473684210526316,0.8622448979591837,209.22291573846326,203.2316946846695,449.2316926562446,35341.61520177111,2723.0535436518344,0.07704949329863599,1598.7427317712504,0.04523683263042067,88260.91014426436,139032.50507572835,3268.922597935717,0.030852316605402604,0.0,8000,340.9624102665272,340.9624102665272,867.4999999999998,0.393040242382164,0.39761559095398735,0.2136815940654566,591.0496217272765,407.0102522278773,0.14355591501112513,28.47657127866414,0,3600.0,4117.208417928805
044701d81fe1c7e816d83581e907424106a40657,normal,contact_window_duration,1.0,synthetic_v1,781d0e388741aa6fbb946d6cc78bc0e88df2ed45e0c690bc6a0098a567f08c5c,rule,100,100100,c97b1d34f6ec82bec985703ae543ed502f7d5dfcc9c7d242d0f41a2abbe32cd5,8f8016fe5ea3422ea5fc1c886794b38217b6c00ed045bbbdc9320bc69ff54e87,196,196,0,46,0,150,0,0,196,0.23469387755102042,0.3815789473684211,0.7653061224489796,174.07178401660514,164.14844109990196,391.17348600988953,35341.61520177111,4153.336118979214,0.1175197029130427,1532.768222829084,0.043370067102996214,98655.48744474402,139032.5050757283,2144.6845096683483,0.04209939281183378,0.0,8000,464.7777969123238,464.7777969123238,867.4999999999998,0.5357669128672322,0.41886296076676277,0.21399089370322147,570.4135885339372,628.7806293873173,0.13854377302106274,26.636464760706666,0,3600.0,4117.208417928805
044701d81fe1c7e816d83581e907424106a40657,normal,contact_window_duration,1.0,synthetic_v1,781d0e388741aa6fbb946d6cc78bc0e88df2ed45e0c690bc6a0098a567f08c5c,greedy,100,100100,c97b1d34f6ec82bec985703ae543ed502f7d5dfcc9c7d242d0f41a2abbe32cd5,8f8016fe5ea3422ea5fc1c886794b38217b6c00ed045bbbdc9320bc69ff54e87,196,196,0,36,0,160,0,0,196,0.1836734693877551,0.14473684210526316,0.8163265306122449,144.88631124806045,110.97767166036192,377.76654736255705,35341.61520177111,3222.3670081966343,0.09117769490159433,2665.6110089214512,0.07542414215374817,97101.82638830256,139032.5050757283,2697.272955230627,0.03318544179911346,0.0,8000,402.8515272612942,402.8515272612942,867.4999999999998,0.4643821639899646,0.41828987868057954,0.21059739356235793,719.9914805426208,506.81732689812833,0.17487370263000152,30.86614037751906,0,3600.0,4117.208417928805
044701d81fe1c7e816d83581e907424106a40657,normal,contact_window_duration,1.0,synthetic_v1,781d0e388741aa6fbb946d6cc78bc0e88df2ed45e0c690bc6a0098a567f08c5c,edf,100,100100,c97b1d34f6ec82bec985703ae543ed502f7d5dfcc9c7d242d0f41a2abbe32cd5,8f8016fe5ea3422ea5fc1c886794b38217b6c00ed045bbbdc9320bc69ff54e87,196,196,0,39,0,157,0,0,196,0.1989795918367347,0.13157894736842105,0.8010204081632653,253.9494522381566,229.78717869141656,529.0287915467575,35341.61520177111,3835.396761609103,0.1085235278498787,2485.295274084195,0.0703220625286998,98300.55610839392,139032.5050757283,2520.527079702408,0.039017040324572455,0.0,8000,460.55988131763445,460.55988131763445,867.4999999999998,0.5309047623258035,0.42518601369374726,0.21777433223296322,629.9992168474482,598.6472167669182,0.1530161101643658,29.244111454261056,0,3600.0,4117.208417928805
044701d81fe1c7e816d83581e907424106a40657,normal,contact_window_duration,1.0,synthetic_v1,781d0e388741aa6fbb946d6cc78bc0e88df2ed45e0c690bc6a0098a567f08c5c,contact_knapsack,100,100100,c97b1d34f6ec82bec985703ae543ed502f7d5dfcc9c7d242d0f41a2abbe32cd5,8f8016fe5ea3422ea5fc1c886794b38217b6c00ed045bbbdc9320bc69ff54e87,196,196,0,40,0,156,0,0,196,0.20408163265306123,0.2236842105263158,0.7959183673469388,202.08526184934345,201.56445881412122,415.9448989243947,35341.61520177111,3992.277557502499,0.11296250991104759,1969.8915931362556,0.05573858415609529,98827.26745073604,139032.50507572832,2470.681686268401,0.04039651869857266,0.0,8000,459.11395153086175,459.11395153086175,867.4999999999998,0.529237984473616,0.41740928064215016,0.2165535885212132,595.4206289079361,625.8357440710625,0.14461755842019464,26.403050702188853,0,3600.0,4117.208417928805
044701d81fe1c7e816d83581e907424106a40657,normal,contact_window_duration,1.0,synthetic_v1,781d0e388741aa6fbb946d6cc78bc0e88df2ed45e0c690bc6a0098a567f08c5c,predictive,100,100100,c97b1d34f6ec82bec985703ae543ed502f7d5dfcc9c7d242d0f41a2abbe32cd5,8f8016fe5ea3422ea5fc1c886794b38217b6c00ed045bbbdc9320bc69ff54e87,196,196,0,43,0,153,0,0,196,0.2193877551020408,0.25,0.7806122448979592,95.22139712878929,39.872824326111186,323.30851356435323,35341.61520177111,3560.7407784477837,0.10075206687976561,2669.6460889062832,0.07553831576923788,90201.76131794653,139032.50507572835,2097.7153794871283,0.039475291018949754,0.0,8000,423.4511299604926,423.4511299604926,867.4999999999998,0.4881281037008562,0.41675835469010786,0.22259658236211347,381.88370136517744,559.3800727081888,0.09275306532995169,20,0,3600.0,4117.208417928805
044701d81fe1c7e816d83581e907424106a40657,normal,contact_window_duration,1.25,synthetic_v1,781d0e388741aa6fbb946d6cc78bc0e88df2ed45e0c690bc6a0098a567f08c5c,random,100,100100,ba051c8f83596a5692211b5e007efd1d05ea20d522572c31660c4db1fda1b60b,8f8016fe5ea3422ea5fc1c886794b38217b6c00ed045bbbdc9320bc69ff54e87,196,196,0,32,0,164,0,0,196,0.16326530612244897,0.10526315789473684,0.8367346938775511,210.34533824701504,210.80175939913835,431.9616007448967,35341.61520177111,2568.5739292869994,0.0726784532801511,1917.991176298955,0.05427004864799832,87708.12730947563,139032.5050757283,2740.8789784211135,0.02928547225987233,0.0,8000,387.07469154340976,387.07469154340976,1084.3749999999995,0.3569564878786489,0.43026052754807553,0.22362691358807696,550.259929510656,477.2719510664381,0.13364879152449335,29.039158725889738,0,3600.0,4117.208417928805
044701d81fe1c7e816d83581e907424106a40657,normal,contact_window_duration,1.25,synthetic_v1,781d0e388741aa6fbb946d6cc78bc0e88df2ed45e0c690bc6a0098a567f08c5c,rule,100,100100,ba051c8f83596a5692211b5e007efd1d05ea20d522572c31660c4db1fda1b60b,8f8016fe5ea3422ea5fc1c886794b38217b6c00ed045bbbdc9320bc69ff54e87,196,196,0,60,0,136,0,0,196,0.30612244897959184,0.4342105263157895,0.6938775510204082,158.6945054806161,137.7329954721297,380.72550052882843,35341.61520177111,5268.134847282912,0.14906321675470297,1879.5459368725512,0.05318223081038922,102349.2226000421,139032.50507572832,1705.8203766673685,0.05147215302132392,0.0,8000,574.7671961606566,574.7671961606566,1084.3749999999995,0.5300446765746691,0.4154700358678322,0.2157657820333143,529.837802381568,743.6029090699739,0.1286886036845585,24.548163040525004,0,3600.0,4117.208417928805
044701d81fe1c7e816d83581e907424106a40657,normal,contact_window_duration,1.25,synthetic_v1,781d0e388741aa6fbb946d6cc78bc0e88df2ed45e0c690bc6a0098a567f08c5c,greedy,100,100100,ba051c8f83596a5692211b5e007efd1d05ea20d522572c31660c4db1fda1b60b,8f8016fe5ea3422ea5fc1c886794b38217b6c00ed045bbbdc9320bc69ff54e87,196,196,0,46,0,150,0,0,196,0.23469387755102042,0.19736842105263158,0.7653061224489796,142.12403884201314,114.32564230127196,353.3240153871793,35341.61520177111,3923.6252452803847,0.11101997525805658,3022.528673313729,0.08552321833786075,100469.94413835333,139032.5050757283,2184.1292203989856,0.03905272645396627,0.0,8000,485.07720890952515,485.07720890952515,1084.3749999999995,0.4473334491384672,0.41780531140354243,0.21099658471049884,758.4633430951377,577.3809861635937,0.18421786465614215,34.4676871694388,0,3600.0,4117.208417928805
044701d81fe1c7e816d83581e907424106a40657,normal,contact_window_duration,1.25,synthetic_v1,781d0e388741aa6fbb946d6cc78bc0e88df2ed45e0c690bc6a0098a567f08c5c,edf,100,100100,ba051c8f83596a5692211b5e007efd1d05ea20d522572c31660c4db1fda1b60b,8f8016fe5ea3422ea5fc1c886794b38217b6c00ed045bbbdc9320bc69ff54e87,196,196,0,50,0,146,0,0,196,0.25510204081632654,0.17105263157894737,0.7448979591836735,221.43615372001375,215.81854866344565,481.19052061408615,35341.61520177111,4372.8823336068135,0.12373181895171761,2755.9634340743814,0.07798068702689823,101335.18014974012,139032.50507572832,2026.7036029948024,0.043152657617474305,0.0,8000,540.222362708602,540.222362708602,1084.3749999999995,0.4981877696448205,0.4308024233075619,0.22292631061164592,630.7284415312139,669.1179582813015,0.15319322645524633,31.296151473254188,0,3600.0,4117.208417928805
044701d81fe1c7e816d83581e907424106a40657,normal,contact_window_duration,1.25,synthetic_v1,781d0e388741aa6fbb946d6cc78bc0e88df2ed45e0c690bc6a0098a567f08c5c,contact_knapsack,100,100100,ba051c8f83596a5692211b5e007efd1d05ea20d522572c31660c4db1fda1b60b,8f8016fe5ea3422ea5fc1c886794b38217b6c00ed045bbbdc9320bc69ff54e87,196,196,0,52,0,144,0,0,196,0.2653061224489796,0.25,0.7346938775510204,201.1667928991657,203.12410530280272,481.19052061408615,35341.61520177111,4987.43881348778,0.14112085101412794,2644.1906832849713,0.07481804858631534,102361.81845977395,139032.5050757283,1968.4965088418066,0.04872362457538539,0.0,8000,552.5667425028718,552.5667425028718,1084.3749999999995,0.5095716357375188,0.4308024233075617,0.218169454139615,583.2090097389688,719.0278399018985,0.14165156352040026,26.18259399290988,0,3600.0,4117.208417928805
044701d81fe1c7e816d83581e907424106a40657,normal,contact_window_duration,1.25,synthetic_v1,781d0e388741aa6fbb946d6cc78bc0e88df2ed45e0c690bc6a0098a567f08c5c,predictive,100,100100,ba051c8f83596a5692211b5e007efd1d05ea20d522572c31660c4db1fda1b60b,8f8016fe5ea3422ea5fc1c886794b38217b6c00ed045bbbdc9320bc69ff54e87,196,196,0,54,0,142,0,0,196,0.2755102040816326,0.25,0.7244897959183674,117.75178171971109,52.119629001241265,375.82629223561435,35341.61520177111,3924.558801577421,0.11104639047116177,3030.918526346426,0.08576061136545154,93773.7906661668,139032.5050757284,1736.5516790030888,0.041851340056719984,0.0,8000,481.66141125797856,481.66141125797856,1084.3749999999995,0.4441834340131216,0.373720100868564,0.2184395866863592,433.2377667274875,620.5075467411483,0.10522609563336881,20,0,3600.0,4117.208417928805
044701d81fe1c7e816d83581e907424106a40657,normal,interarrival_s,0.75,synthetic_v1,781d0e388741aa6fbb946d6cc78bc0e88df2ed45e0c690bc6a0098a567f08c5c,random,100,100100,f26750ac9b9c4da65e5c20b745fe8a1117f7f55121aa3ebd11c89f0a645d93bd,d75e0874896177657fa38e03f311e8b2c96a45cc20c59f982c99c2fab44b05a7,262,262,0,34,0,228,0,0,262,0.1297709923664122,0.1702127659574468,0.8702290076335878,191.49960814546594,172.1319211946966,435.74841258250103,45838.5772096834,3136.2533537859977,0.06841951789732828,608.97470505023,0.013285200853083724,83802.89089650608,141362.56621267291,2464.790908720767,0.037424166639539576,0.0,8000,295.483727291417,295.483727291417,867.4999999999998,0.3406152475981753,0.6803726415627203,0.32606597639250134,538.0903921492766,381.6738227628495,0.12947181294814492,26.15505835405494,0,3600.0,4156.042770211216
044701d81fe1c7e816d83581e907424106a40657,normal,interarrival_s,0.75,synthetic_v1,781d0e388741aa6fbb946d6cc78bc0e88df2ed45e0c690bc6a0098a567f08c5c,rule,100,100100,f26750ac9b9c4da65e5c20b745fe8a1117f7f55121aa3ebd11c89f0a645d93bd,d75e0874896177657fa38e03f311e8b2c96a45cc20c59f982c99c2fab44b05a7,262,262,0,46,0,216,0,0,262,0.17557251908396945,0.32978723404255317,0.8244274809160306,234.08578061021498,252.71855354105674,462.08262790446247,45838.5772096834,4776.444851749783,0.10420142034296735,659.7325467672938,0.014392517982166456,101852.68207783882,141362.56621267303,2214.188740822583,0.046895621738261964,0.0,8000,438.0249703071162,438.0249703071162,867.4999999999998,0.5049279196623819,0.68067203066616,0.3177130074272827,688.2457148148252,603.8211228048978,0.16560121078346063,35.49151818973229,0,3600.0,4156.042770211216
044701d81fe1c7e816d83581e907424106a40657,normal,interarrival_s,0.75,synthetic_v1,781d0e388741aa6fbb946d6cc78bc0e88df2ed45e0c690bc6a0098a567f08c5c,greedy,100,100100,f26750ac9b9c4da65e5c20b745fe8a1117f7f55121aa3ebd11c89f0a645d93bd,d75e0874896177657fa38e03f311e8b2c96a45cc20c59f982c99c2fab44b05a7,262,262,0,45,0,217,0,0,262,0.1717557251908397,0.09574468085106383,0.8282442748091603,139.63335682861617,103.42462893665652,343.0211515409246,45838.5772096834,2802.243352462148,0.06113286063927338,2418.527618161277,0.05276183872588356,101854.67714166333,141362.566212673,2263.437269814741,0.027512171567385973,0.0,8000,375.11423066916393,375.11423066916393,867.4999999999998,0.4324083350653188,0.6736618730189531,0.3108409962346338,871.8180234619878,473.22342858384854,0.20977118659865976,44.908686314630096,0,3600.0,4156.042770211216
044701d81fe1c7e816d83581e907424106a40657,normal,interarrival_s,0.75,synthetic_v1,781d0e388741aa6fbb946d6cc78bc0e88df2ed45e0c690bc6a0098a567f08c5c,edf,100,100100,f26750ac9b9c4da65e5c20b745fe8a1117f7f55121aa3ebd11c89f0a645d93bd,d75e0874896177657fa38e03f311e8b2c96a45cc20c59f982c99c2fab44b05a7,262,262,0,51,0,211,0,0,262,0.1946564885496183,0.20212765957446807,0.8053435114503816,260.27849559792054,269.13300767454075,482.9915419761071,45838.5772096834,3326.2713954296555,0.07256489179875725,1442.0932337683837,0.0314602529474615,102471.3625660326,141362.566212673,2009.2424032555414,0.03246049737346084,0.0,8000,408.78449489732526,408.78449489732526,867.4999999999998,0.4712213197663693,0.6954572114346909,0.32162211417270264,745.5295656242696,583.0456699895286,0.1793844786603052,36.66818355493085,0,3600.0,4156.042770211216
044701d81fe1c7e816d83581e907424106a40657,normal,interarrival_s,0.75,synthetic_v1,781d0e388741aa6fbb946d6cc78bc0e88df2ed45e0c690bc6a0098a567f08c5c,contact_knapsack,100,100100,f26750ac9b9c4da65e5c20b745fe8a1117f7f55121aa3ebd11c89f0a645d93bd,d75e0874896177657fa38e03f311e8b2c96a45cc20c59f982c99c2fab44b05a7,262,262,0,45,0,217,0,0,262,0.1717557251908397,0.2765957446808511,0.8282442748091603,237.16857494035617,233.0698629883284,455.6290311805303,45838.5772096834,4284.728197954709,0.09347428429889312,1119.0003348372002,0.024411759765545504,102540.63085386,141362.56621267306,2278.680685641333,0.041785662544452894,0.0,8000,435.2618559571994,435.2618559571994,867.4999999999998,0.5017427734376939,0.6954572114346909,0.32104791639033964,692.5461466873957,609.8118087630677,0.16663595275084225,36.18988751188673,0,3600.0,4156.042770211216
044701d81fe1c7e816d83581e907424106a40657,normal,interarrival_s,0.75,synthetic_v1,781d0e388741aa6fbb946d6cc78bc0e88df2ed45e0c690bc6a0098a567f08c5c,predictive,100,100100,f26750ac9b9c4da65e5c20b745fe8a1117f7f55121aa3ebd11c89f0a645d93bd,d75e0874896177657fa38e03f311e8b2c96a45cc20c59f982c99c2fab44b05a7,262,262,0,45,0,217,0,0,262,0.1717557251908397,0.1595744680851064,0.8282442748091603,108.50559045289266,63.9216666328598,312.34475655547794,45838.5772096834,3324.99024821561,0.0725369426936141,2714.2061576346987,0.05921226885422008,89267.65714596858,141362.5662126729,1983.7257143548572,0.037247423697685446,0.0,8000,406.6189163536219,406.6189163536219,867.4999999999998,0.46872497562377174,0.6807566799399428,0.33184632201181263,391.159416631238,515.3660137038987,0.0941182365674641,20.846728456188554,0,3600.0,4156.042770211216
044701d81fe1c7e816d83581e907424106a40657,normal,interarrival_s,1.0,synthetic_v1,781d0e388741aa6fbb946d6cc78bc0e88df2ed45e0c690bc6a0098a567f08c5c,random,100,100100,e1f45d60e94196211e86e00e17b27f087ba98d36b7e8f41de0d468f16306edcc,8f8016fe5ea3422ea5fc1c886794b38217b6c00ed045bbbdc9320bc69ff54e87,196,196,0,27,0,169,0,0,196,0.1377551020408163,0.14473684210526316,0.8622448979591837,209.22291573846326,203.2316946846695,449.2316926562446,35341.61520177111,2723.0535436518344,0.07704949329863599,1598.7427317712504,0.04523683263042067,88260.91014426436,139032.50507572835,3268.922597935717,0.030852316605402604,0.0,8000,340.9624102665272,340.9624102665272,867.4999999999998,0.393040242382164,0.39761559095398735,0.2136815940654566,591.0496217272765,407.0102522278773,0.14355591501112513,28.47657127866414,0,3600.0,4117.208417928805
044701d81fe1c7e816d83581e907424106a40657,normal,interarrival_s,1.0,synthetic_v1,781d0e388741aa6fbb946d6cc78bc0e88df2ed45e0c690bc6a0098a567f08c5c,rule,100,100100,e1f45d60e94196211e86e00e17b27f087ba98d36b7e8f41de0d468f16306edcc,8f8016fe5ea3422ea5fc1c886794b38217b6c00ed045bbbdc9320bc69ff54e87,196,196,0,46,0,150,0,0,196,0.23469387755102042,0.3815789473684211,0.7653061224489796,174.07178401660514,164.14844109990196,391.17348600988953,35341.61520177111,4153.336118979214,0.1175197029130427,1532.768222829084,0.043370067102996214,98655.48744474402,139032.5050757283,2144.6845096683483,0.04209939281183378,0.0,8000,464.7777969123238,464.7777969123238,867.4999999999998,0.5357669128672322,0.41886296076676277,0.21399089370322147,570.4135885339372,628.7806293873173,0.13854377302106274,26.636464760706666,0,3600.0,4117.208417928805
044701d81fe1c7e816d83581e907424106a40657,normal,interarrival_s,1.0,synthetic_v1,781d0e388741aa6fbb946d6cc78bc0e88df2ed45e0c690bc6a0098a567f08c5c,greedy,100,100100,e1f45d60e94196211e86e00e17b27f087ba98d36b7e8f41de0d468f16306edcc,8f8016fe5ea3422ea5fc1c886794b38217b6c00ed045bbbdc9320bc69ff54e87,196,196,0,36,0,160,0,0,196,0.1836734693877551,0.14473684210526316,0.8163265306122449,144.88631124806045,110.97767166036192,377.76654736255705,35341.61520177111,3222.3670081966343,0.09117769490159433,2665.6110089214512,0.07542414215374817,97101.82638830256,139032.5050757283,2697.272955230627,0.03318544179911346,0.0,8000,402.8515272612942,402.8515272612942,867.4999999999998,0.4643821639899646,0.41828987868057954,0.21059739356235793,719.9914805426208,506.81732689812833,0.17487370263000152,30.86614037751906,0,3600.0,4117.208417928805
044701d81fe1c7e816d83581e907424106a40657,normal,interarrival_s,1.0,synthetic_v1,781d0e388741aa6fbb946d6cc78bc0e88df2ed45e0c690bc6a0098a567f08c5c,edf,100,100100,e1f45d60e94196211e86e00e17b27f087ba98d36b7e8f41de0d468f16306edcc,8f8016fe5ea3422ea5fc1c886794b38217b6c00ed045bbbdc9320bc69ff54e87,196,196,0,39,0,157,0,0,196,0.1989795918367347,0.13157894736842105,0.8010204081632653,253.9494522381566,229.78717869141656,529.0287915467575,35341.61520177111,3835.396761609103,0.1085235278498787,2485.295274084195,0.0703220625286998,98300.55610839392,139032.5050757283,2520.527079702408,0.039017040324572455,0.0,8000,460.55988131763445,460.55988131763445,867.4999999999998,0.5309047623258035,0.42518601369374726,0.21777433223296322,629.9992168474482,598.6472167669182,0.1530161101643658,29.244111454261056,0,3600.0,4117.208417928805
044701d81fe1c7e816d83581e907424106a40657,normal,interarrival_s,1.0,synthetic_v1,781d0e388741aa6fbb946d6cc78bc0e88df2ed45e0c690bc6a0098a567f08c5c,contact_knapsack,100,100100,e1f45d60e94196211e86e00e17b27f087ba98d36b7e8f41de0d468f16306edcc,8f8016fe5ea3422ea5fc1c886794b38217b6c00ed045bbbdc9320bc69ff54e87,196,196,0,40,0,156,0,0,196,0.20408163265306123,0.2236842105263158,0.7959183673469388,202.08526184934345,201.56445881412122,415.9448989243947,35341.61520177111,3992.277557502499,0.11296250991104759,1969.8915931362556,0.05573858415609529,98827.26745073604,139032.50507572832,2470.681686268401,0.04039651869857266,0.0,8000,459.11395153086175,459.11395153086175,867.4999999999998,0.529237984473616,0.41740928064215016,0.2165535885212132,595.4206289079361,625.8357440710625,0.14461755842019464,26.403050702188853,0,3600.0,4117.208417928805
044701d81fe1c7e816d83581e907424106a40657,normal,interarrival_s,1.0,synthetic_v1,781d0e388741aa6fbb946d6cc78bc0e88df2ed45e0c690bc6a0098a567f08c5c,predictive,100,100100,e1f45d60e94196211e86e00e17b27f087ba98d36b7e8f41de0d468f16306edcc,8f8016fe5ea3422ea5fc1c886794b38217b6c00ed045bbbdc9320bc69ff54e87,196,196,0,43,0,153,0,0,196,0.2193877551020408,0.25,0.7806122448979592,95.22139712878929,39.872824326111186,323.30851356435323,35341.61520177111,3560.7407784477837,0.10075206687976561,2669.6460889062832,0.07553831576923788,90201.76131794653,139032.50507572835,2097.7153794871283,0.039475291018949754,0.0,8000,423.4511299604926,423.4511299604926,867.4999999999998,0.4881281037008562,0.41675835469010786,0.22259658236211347,381.88370136517744,559.3800727081888,0.09275306532995169,20,0,3600.0,4117.208417928805
044701d81fe1c7e816d83581e907424106a40657,normal,interarrival_s,1.25,synthetic_v1,781d0e388741aa6fbb946d6cc78bc0e88df2ed45e0c690bc6a0098a567f08c5c,random,100,100100,4bcc4013a4be2176da6e7111ab51d215070cf2136555d9840254e4ada2ac87fd,cd7d30ff65d30cdd72b37f2f0579e1bea7a4f4fb909999ac2dc72cb7c9fdb999,157,157,0,29,0,128,0,0,157,0.18471337579617833,0.08928571428571429,0.8152866242038217,155.5434403897189,140.9751844676225,299.8395912181538,27666.30754275781,2175.963105326232,0.07865028977803842,1706.0440115135411,0.06166504181582161,80472.8939722509,136997.49695685218,2774.927378353479,0.02703970241304556,0.0,8000,320.5249655011122,320.5249655011122,867.4999999999998,0.3694812282433571,0.3708136005388456,0.18635913817355704,400.202249009699,397.3540802094936,0.0980097153597077,23.82801347289931,0,3600.0,4083.291615947537
044701d81fe1c7e816d83581e907424106a40657,normal,interarrival_s,1.25,synthetic_v1,781d0e388741aa6fbb946d6cc78bc0e88df2ed45e0c690bc6a0098a567f08c5c,rule,100,100100,4bcc4013a4be2176da6e7111ab51d215070cf2136555d9840254e4ada2ac87fd,cd7d30ff65d30cdd72b37f2f0579e1bea7a4f4fb909999ac2dc72cb7c9fdb999,157,157,0,41,0,116,0,0,157,0.2611464968152866,0.35714285714285715,0.7388535031847133,174.0934321113311,166.46814444413064,359.97631228982345,27666.30754275781,4253.8133113367885,0.1537542841509512,1524.3923456734462,0.055099233727432674,90589.14453389586,136997.49695685226,2209.491330095021,0.046957208098428765,0.0,8000,460.63177163674584,460.63177163674584,867.4999999999998,0.5309876330106582,0.3776301894120081,0.18324480294683357,351.2934794924564,615.2917857652988,0.08603193514772713,21.052338967563326,0,3600.0,4083.291615947537
044701d81fe1c7e816d83581e907424106a40657,normal,interarrival_s,1.25,synthetic_v1,781d0e388741aa6fbb946d6cc78bc0e88df2ed45e0c690bc6a0098a567f08c5c,greedy,100,100100,4bcc4013a4be2176da6e7111ab51d215070cf2136555d9840254e4ada2ac87fd,cd7d30ff65d30cdd72b37f2f0579e1bea7a4f4fb909999ac2dc72cb7c9fdb999,157,157,0,35,0,122,0,0,157,0.2229299363057325,0.14285714285714285,0.7770700636942676,156.99331808279467,114.215027569114,391.0291357427211,27666.30754275781,3077.18786893986,0.11122510165782398,2516.3090552373856,0.09095211030053332,90418.6118153974,136997.49695685226,2583.388909011354,0.034032682067961645,0.0,8000,404.8190253582042,404.8190253582042,867.4999999999998,0.46665017332357844,0.3756722043888366,0.17981683519250696,511.49315122294223,496.49431581186207,0.12526490864019493,25.29511788906012,0,3600.0,4083.291615947537
044701d81fe1c7e816d83581e907424106a40657,normal,interarrival_s,1.25,synthetic_v1,781d0e388741aa6fbb946d6cc78bc0e88df2ed45e0c690bc6a0098a567f08c5c,edf,100,100100,4bcc4013a4be2176da6e7111ab51d215070cf2136555d9840254e4ada2ac87fd,cd7d30ff65d30cdd72b37f2f0579e1bea7a4f4fb909999ac2dc72cb7c9fdb999,157,157,0,38,0,119,0,0,157,0.24203821656050956,0.23214285714285715,0.7579617834394905,212.78154610259048,188.76869467731075,431.4888276600274,27666.30754275781,4182.532528740501,0.15117783687889927,1838.9603278892218,0.06646930838338798,91256.54090600848,136997.49695685224,2401.4879185791706,0.04583268757741306,0.0,8000,457.7387758307451,457.7387758307451,867.4999999999998,0.5276527675282365,0.3766959631674692,0.1867533368259458,384.9429622758031,608.4085053462553,0.09427270900084274,22.915481341419724,0,3600.0,4083.291615947537
044701d81fe1c7e816d83581e907424106a40657,normal,interarrival_s,1.25,synthetic_v1,781d0e388741aa6fbb946d6cc78bc0e88df2ed45e0c690bc6a0098a567f08c5c,contact_knapsack,100,100100,4bcc4013a4be2176da6e7111ab51d215070cf2136555d9840254e4ada2ac87fd,cd7d30ff65d30cdd72b37f2f0579e1bea7a4f4fb909999ac2dc72cb7c9fdb999,157,157,0,37,0,120,0,0,157,0.2356687898089172,0.26785714285714285,0.7643312101910829,226.7178924154826,223.53648280670058,467.6649569669121,27666.30754275781,4450.783454023931,0.16087377931244784,1934.1630225184226,0.06991041430191601,91300.97532950927,136997.49695685226,2467.5939278245746,0.04874847654103208,0.0,8000,467.06642907145766,467.06642907145766,867.4999999999998,0.5384051055578765,0.37255567555767966,0.1858831782426513,382.0194412731281,624.4832698450399,0.09355673735893086,22.915481341419728,0,3600.0,4083.291615947537
044701d81fe1c7e816d83581e907424106a40657,normal,interarrival_s,1.25,synthetic_v1,781d0e388741aa6fbb946d6cc78bc0e88df2ed45e0c690bc6a0098a567f08c5c,predictive,100,100100,4bcc4013a4be2176da6e7111ab51d215070cf2136555d9840254e4ada2ac87fd,cd7d30ff65d30cdd72b37f2f0579e1bea7a4f4fb909999ac2dc72cb7c9fdb999,157,157,0,34,0,123,0,0,157,0.21656050955414013,0.14285714285714285,0.7834394904458599,137.85244823302617,110.56950663354473,358.2420650032113,27666.30754275781,3195.6478440491333,0.1155068430837875,2589.4558655625447,0.09359600523346255,86552.7505430372,136997.49695685224,2545.669133618741,0.03692138983451647,0.0,8000,408.15938603286145,408.15938603286145,867.4999999999998,0.47050073317909114,0.3907747254816822,0.18751806295366663,299.7244066855514,537.9562508826648,0.07340264543315006,20,0,3600.0,4083.291615947537
044701d81fe1c7e816d83581e907424106a40657,normal,deadline_s,0.75,synthetic_v1,781d0e388741aa6fbb946d6cc78bc0e88df2ed45e0c690bc6a0098a567f08c5c,random,100,100100,fd6e65fe239296acb9b3c696a76f2a408bf10dd401a4016371df3ef3e8f6c0d8,f192c3472443d270e5bcdae882b01b58b8b5bfaaadd28b26a7774cb5f4a3cf89,196,196,0,32,0,164,0,0,196,0.16326530612244897,0.17105263157894737,0.8367346938775511,162.51230546590884,154.63759065091403,334.97616185320226,35341.61520177111,2456.5056200106305,0.06950745193693143,1405.2366434821015,0.039761528596227814,80966.4140485973,131261.04881933617,2530.2004390186657,0.030339810017227607,0.0,8000,321.1498446620276,321.1498446620276,867.4999999999998,0.3702015500426832,0.36898154653105336,0.17877361253177132,377.15961280513466,412.57395583572816,0.09458111497870875,21.846809559896183,0,3600.0,3987.684146988936
044701d81fe1c7e816d83581e907424106a40657,normal,deadline_s,0.75,synthetic_v1,781d0e388741aa6fbb946d6cc78bc0e88df2ed45e0c690bc6a0098a567f08c5c,rule,100,100100,fd6e65fe239296acb9b3c696a76f2a408bf10dd401a4016371df3ef3e8f6c0d8,f192c3472443d270e5bcdae882b01b58b8b5bfaaadd28b26a7774cb5f4a3cf89,196,196,0,39,0,157,0,0,196,0.1989795918367347,0.3026315789473684,0.8010204081632653,132.0526070673966,89.61566471535525,355.9706771095414,35341.61520177111,3976.7521800623854,0.11252321540366651,1751.689762455168,0.04956450780346293,90794.25431504735,131261.0488193361,2328.057802949932,0.04379960174862428,0.0,8000,447.3484176277174,447.3484176277174,867.4999999999998,0.5156754093691268,0.3718046652132481,0.176639608949473,395.45186499010924,588.3807215095687,0.09916830180462295,20,0,3600.0,3987.684146988936
044701d81fe1c7e816d83581e907424106a40657,normal,deadline_s,0.75,synthetic_v1,781d0e388741aa6fbb946d6cc78bc0e88df2ed45e0c690bc6a0098a567f08c5c,greedy,100,100100,fd6e65fe239296acb9b3c696a76f2a408bf10dd401a4016371df3ef3e8f6c0d8,f192c3472443d270e5bcdae882b01b58b8b5bfaaadd28b26a7774cb5f4a3cf89,196,196,0,34,0,162,0,0,196,0.17346938775510204,0.14473684210526316,0.826530612244898,105.78606621148127,85.28786303816787,368.4819689863309,35341.61520177111,3273.1121842963844,0.0926135425789016,2763.356094807919,0.07818986424450222,90454.73585101735,131261.04881933614,2660.433407382863,0.03618508366092997,0.0,8000,408.40199032050685,408.40199032050685,867.4999999999998,0.4707803923002962,0.37180466521324806,0.1732959580439769,541.8579008389926,509.5167645115717,0.13588285352242468,24.37195335099981,0,3600.0,3987.684146988936
044701d81fe1c7e816d83581e907424106a40657,normal,deadline_s,0.75,synthetic_v1,781d0e388741aa6fbb946d6cc78bc0e88df2ed45e0c690bc6a0098a567f08c5c,edf,100,100100,fd6e65fe239296acb9b3c696a76f2a408bf10dd401a4016371df3ef3e8f6c0d8,f192c3472443d270e5bcdae882b01b58b8b5bfaaadd28b26a7774cb5f4a3cf89,196,196,0,38,0,158,0,0,196,0.19387755102040816,0.19736842105263158,0.8061224489795918,206.6295471033147,200.90801768261235,397.70612532534824,35341.61520177111,3632.2326722193234,0.1027749482156463,2299.650390065808,0.06506919327078643,92255.61239748685,131261.0488193361,2427.779273618075,0.03937140058828843,0.0,8000,443.1255691937051,443.1255691937051,867.4999999999998,0.5108075725575852,0.3718046652132482,0.17900890514260603,441.58091732029584,608.1515602095405,0.1107361819650961,21.450262651868268,0,3600.0,3987.684146988936
044701d81fe1c7e816d83581e907424106a40657,normal,deadline_s,0.75,synthetic_v1,781d0e388741aa6fbb946d6cc78bc0e88df2ed45e0c690bc6a0098a567f08c5c,contact_knapsack,100,100100,fd6e65fe239296acb9b3c696a76f2a408bf10dd401a4016371df3ef3e8f6c0d8,f192c3472443d270e5bcdae882b01b58b8b5bfaaadd28b26a7774cb5f4a3cf89,196,196,0,38,0,158,0,0,196,0.19387755102040816,0.19736842105263158,0.8061224489795918,190.8239796277804,184.84314162914598,390.4887812833309,35341.61520177111,3720.2939136320365,0.10526666346153862,2408.4584708041384,0.06814794561747821,92347.06581609335,131261.0488193361,2430.1859425287726,0.04028600021835994,0.0,8000,451.2324663659256,451.2324663659256,867.4999999999998,0.5201526989808942,0.3640836495227787,0.17787762714802122,433.98617479053223,618.2117458929632,0.10883163229420546,21.448001702105444,0,3600.0,3987.684146988936
044701d81fe1c7e816d83581e907424106a40657,normal,deadline_s,0.75,synthetic_v1,781d0e388741aa6fbb946d6cc78bc0e88df2ed45e0c690bc6a0098a567f08c5c,predictive,100,100100,fd6e65fe239296acb9b3c696a76f2a408bf10dd401a4016371df3ef3e8f6c0d8,f192c3472443d270e5bcdae882b01b58b8b5bfaaadd28b26a7774cb5f4a3cf89,196,196,0,41,0,155,0,0,196,0.20918367346938777,0.25,0.7908163265306123,76.07948262369389,29.5429813822509,252.3694413068303,35341.61520177111,3573.044570374367,0.10110020580483565,2767.659594128763,0.07831163285344311,87425.09561503831,131261.0488193362,2132.319405244837,0.04086978167124537,0.0,8000,424.6226121321035,424.6226121321035,867.4999999999998,0.489478515426056,0.36408364952277855,0.17509257281548388,357.5305405127177,555.8910061277861,0.08965869094288367,20,0,3600.0,3987.684146988936
044701d81fe1c7e816d83581e907424106a40657,normal,deadline_s,1.0,synthetic_v1,781d0e388741aa6fbb946d6cc78bc0e88df2ed45e0c690bc6a0098a567f08c5c,random,100,100100,22360c7015a4ec70807e7f34f9b0792634d5f93a923d599185b14aaf0b90c970,8f8016fe5ea3422ea5fc1c886794b38217b6c00ed045bbbdc9320bc69ff54e87,196,196,0,27,0,169,0,0,196,0.1377551020408163,0.14473684210526316,0.8622448979591837,209.22291573846326,203.2316946846695,449.2316926562446,35341.61520177111,2723.0535436518344,0.07704949329863599,1598.7427317712504,0.04523683263042067,88260.91014426436,139032.50507572835,3268.922597935717,0.030852316605402604,0.0,8000,340.9624102665272,340.9624102665272,867.4999999999998,0.393040242382164,0.39761559095398735,0.2136815940654566,591.0496217272765,407.0102522278773,0.14355591501112513,28.47657127866414,0,3600.0,4117.208417928805
044701d81fe1c7e816d83581e907424106a40657,normal,deadline_s,1.0,synthetic_v1,781d0e388741aa6fbb946d6cc78bc0e88df2ed45e0c690bc6a0098a567f08c5c,rule,100,100100,22360c7015a4ec70807e7f34f9b0792634d5f93a923d599185b14aaf0b90c970,8f8016fe5ea3422ea5fc1c886794b38217b6c00ed045bbbdc9320bc69ff54e87,196,196,0,46,0,150,0,0,196,0.23469387755102042,0.3815789473684211,0.7653061224489796,174.07178401660514,164.14844109990196,391.17348600988953,35341.61520177111,4153.336118979214,0.1175197029130427,1532.768222829084,0.043370067102996214,98655.48744474402,139032.5050757283,2144.6845096683483,0.04209939281183378,0.0,8000,464.7777969123238,464.7777969123238,867.4999999999998,0.5357669128672322,0.41886296076676277,0.21399089370322147,570.4135885339372,628.7806293873173,0.13854377302106274,26.636464760706666,0,3600.0,4117.208417928805
044701d81fe1c7e816d83581e907424106a40657,normal,deadline_s,1.0,synthetic_v1,781d0e388741aa6fbb946d6cc78bc0e88df2ed45e0c690bc6a0098a567f08c5c,greedy,100,100100,22360c7015a4ec70807e7f34f9b0792634d5f93a923d599185b14aaf0b90c970,8f8016fe5ea3422ea5fc1c886794b38217b6c00ed045bbbdc9320bc69ff54e87,196,196,0,36,0,160,0,0,196,0.1836734693877551,0.14473684210526316,0.8163265306122449,144.88631124806045,110.97767166036192,377.76654736255705,35341.61520177111,3222.3670081966343,0.09117769490159433,2665.6110089214512,0.07542414215374817,97101.82638830256,139032.5050757283,2697.272955230627,0.03318544179911346,0.0,8000,402.8515272612942,402.8515272612942,867.4999999999998,0.4643821639899646,0.41828987868057954,0.21059739356235793,719.9914805426208,506.81732689812833,0.17487370263000152,30.86614037751906,0,3600.0,4117.208417928805
044701d81fe1c7e816d83581e907424106a40657,normal,deadline_s,1.0,synthetic_v1,781d0e388741aa6fbb946d6cc78bc0e88df2ed45e0c690bc6a0098a567f08c5c,edf,100,100100,22360c7015a4ec70807e7f34f9b0792634d5f93a923d599185b14aaf0b90c970,8f8016fe5ea3422ea5fc1c886794b38217b6c00ed045bbbdc9320bc69ff54e87,196,196,0,39,0,157,0,0,196,0.1989795918367347,0.13157894736842105,0.8010204081632653,253.9494522381566,229.78717869141656,529.0287915467575,35341.61520177111,3835.396761609103,0.1085235278498787,2485.295274084195,0.0703220625286998,98300.55610839392,139032.5050757283,2520.527079702408,0.039017040324572455,0.0,8000,460.55988131763445,460.55988131763445,867.4999999999998,0.5309047623258035,0.42518601369374726,0.21777433223296322,629.9992168474482,598.6472167669182,0.1530161101643658,29.244111454261056,0,3600.0,4117.208417928805
044701d81fe1c7e816d83581e907424106a40657,normal,deadline_s,1.0,synthetic_v1,781d0e388741aa6fbb946d6cc78bc0e88df2ed45e0c690bc6a0098a567f08c5c,contact_knapsack,100,100100,22360c7015a4ec70807e7f34f9b0792634d5f93a923d599185b14aaf0b90c970,8f8016fe5ea3422ea5fc1c886794b38217b6c00ed045bbbdc9320bc69ff54e87,196,196,0,40,0,156,0,0,196,0.20408163265306123,0.2236842105263158,0.7959183673469388,202.08526184934345,201.56445881412122,415.9448989243947,35341.61520177111,3992.277557502499,0.11296250991104759,1969.8915931362556,0.05573858415609529,98827.26745073604,139032.50507572832,2470.681686268401,0.04039651869857266,0.0,8000,459.11395153086175,459.11395153086175,867.4999999999998,0.529237984473616,0.41740928064215016,0.2165535885212132,595.4206289079361,625.8357440710625,0.14461755842019464,26.403050702188853,0,3600.0,4117.208417928805
044701d81fe1c7e816d83581e907424106a40657,normal,deadline_s,1.0,synthetic_v1,781d0e388741aa6fbb946d6cc78bc0e88df2ed45e0c690bc6a0098a567f08c5c,predictive,100,100100,22360c7015a4ec70807e7f34f9b0792634d5f93a923d599185b14aaf0b90c970,8f8016fe5ea3422ea5fc1c886794b38217b6c00ed045bbbdc9320bc69ff54e87,196,196,0,43,0,153,0,0,196,0.2193877551020408,0.25,0.7806122448979592,95.22139712878929,39.872824326111186,323.30851356435323,35341.61520177111,3560.7407784477837,0.10075206687976561,2669.6460889062832,0.07553831576923788,90201.76131794653,139032.50507572835,2097.7153794871283,0.039475291018949754,0.0,8000,423.4511299604926,423.4511299604926,867.4999999999998,0.4881281037008562,0.41675835469010786,0.22259658236211347,381.88370136517744,559.3800727081888,0.09275306532995169,20,0,3600.0,4117.208417928805
044701d81fe1c7e816d83581e907424106a40657,normal,deadline_s,1.25,synthetic_v1,781d0e388741aa6fbb946d6cc78bc0e88df2ed45e0c690bc6a0098a567f08c5c,random,100,100100,74d50d9ab2ecb51a1dd0619c8bc17661d282e5e1d44c50bb30f85364909775a0,888a8d109729f58812a6f88f4112fda4c7c21f3e695c3bf1be3bef2f476ba73b,196,196,0,30,0,166,0,0,196,0.15306122448979592,0.2236842105263158,0.8469387755102041,240.25154857526894,215.88437276949935,589.2964496880984,35341.61520177111,2820.108948657303,0.07979570069327155,1085.192664863756,0.030705802739014958,89718.58450181245,143999.99999999994,2990.6194833937484,0.031432829266274616,0.0,7158.811600363853,334.1672230068977,334.1672230068977,867.4999999999998,0.385207173494983,0.4831849125375604,0.25609767166986314,617.393559427448,392.7381123455529,0.14538083855518608,29.531566714009788,0,3600.0,4246.732688868675
044701d81fe1c7e816d83581e907424106a40657,normal,deadline_s,1.25,synthetic_v1,781d0e388741aa6fbb946d6cc78bc0e88df2ed45e0c690bc6a0098a567f08c5c,rule,100,100100,74d50d9ab2ecb51a1dd0619c8bc17661d282e5e1d44c50bb30f85364909775a0,888a8d109729f58812a6f88f4112fda4c7c21f3e695c3bf1be3bef2f476ba73b,196,196,0,44,0,152,0,0,196,0.22448979591836735,0.3815789473684211,0.7755102040816326,194.94236106513128,166.166273158651,423.38863563933546,35341.61520177111,4745.354082147353,0.13427100190682698,1220.4258711158122,0.034532260739872804,102839.8691709496,144000.00000000006,2337.2697538852185,0.04614313612417381,0.0,7158.811600363853,469.8051867850958,469.8051867850958,867.4999999999998,0.5415621749684103,0.4879451427792181,0.2504867671568876,659.3399865965257,634.3200508181294,0.1552581796176517,27.99509569473205,0,3600.0,4246.732688868675
044701d81fe1c7e816d83581e907424106a40657,normal,deadline_s,1.25,synthetic_v1,781d0e388741aa6fbb946d6cc78bc0e88df2ed45e0c690bc6a0098a567f08c5c,greedy,100,100100,74d50d9ab2ecb51a1dd0619c8bc17661d282e5e1d44c50bb30f85364909775a0,888a8d109729f58812a6f88f4112fda4c7c21f3e695c3bf1be3bef2f476ba73b,196,196,0,35,0,161,0,0,196,0.17857142857142858,0.15789473684210525,0.8214285714285714,151.90433990020514,102.6387654772584,421.25944790625726,35341.61520177111,3293.464265953126,0.09318940991095612,2657.348641391994,0.07519035636092897,101385.65040669453,144000.00000000006,2896.732868762701,0.032484520765432276,0.0,7158.811600363853,413.02491922684436,413.02491922684436,867.4999999999998,0.4761094169761896,0.49194142449024847,0.24823039896297575,808.742396931973,521.9734283385765,0.19043873400645359,38.89191198201487,0,3600.0,4246.732688868675
044701d81fe1c7e816d83581e907424106a40657,normal,deadline_s,1.25,synthetic_v1,781d0e388741aa6fbb946d6cc78bc0e88df2ed45e0c690bc6a0098a567f08c5c,edf,100,100100,74d50d9ab2ecb51a1dd0619c8bc17661d282e5e1d44c50bb30f85364909775a0,888a8d109729f58812a6f88f4112fda4c7c21f3e695c3bf1be3bef2f476ba73b,196,196,0,43,0,153,0,0,196,0.2193877551020408,0.14473684210526316,0.7806122448979592,271.12198532112774,254.98547869025066,614.0035296175151,35341.61520177111,3796.079362048096,0.10741103201921172,2160.699921625712,0.06113755438991455,102667.21837861682,143999.99999999994,2387.609729735275,0.036974600286226615,0.0,7158.811600363853,460.80350202414246,460.80350202414246,867.4999999999998,0.5311855931114036,0.5087554236074229,0.2547044055863626,742.2049617369157,593.812783921822,0.17477082173840294,32.23105880516457,0,3600.0,4246.732688868675
044701d81fe1c7e816d83581e907424106a40657,normal,deadline_s,1.25,synthetic_v1,781d0e388741aa6fbb946d6cc78bc0e88df2ed45e0c690bc6a0098a567f08c5c,contact_knapsack,100,100100,74d50d9ab2ecb51a1dd0619c8bc17661d282e5e1d44c50bb30f85364909775a0,888a8d109729f58812a6f88f4112fda4c7c21f3e695c3bf1be3bef2f476ba73b,196,196,0,43,0,153,0,0,196,0.2193877551020408,0.2236842105263158,0.7806122448979592,215.33984300064236,171.14499591177196,527.6915340294327,35341.61520177111,4045.2083807339004,0.11446020103040393,1841.8652900939276,0.05211604731641197,103156.92926754523,144000.0,2398.9983550591915,0.03921412172169597,0.0,7158.811600363853,453.0331403650062,453.0331403650062,867.4999999999998,0.5222284038789698,0.5036040054497642,0.25309889241615796,700.1431895463645,620.9275578066638,0.16486631979016367,30.21826920019691,0,3600.0,4246.732688868675
044701d81fe1c7e816d83581e907424106a40657,normal,deadline_s,1.25,synthetic_v1,781d0e388741aa6fbb946d6cc78bc0e88df2ed45e0c690bc6a0098a567f08c5c,predictive,100,100100,74d50d9ab2ecb51a1dd0619c8bc17661d282e5e1d44c50bb30f85364909775a0,888a8d109729f58812a6f88f4112fda4c7c21f3e695c3bf1be3bef2f476ba73b,196,196,0,44,0,152,0,0,196,0.22448979591836735,0.2236842105263158,0.7755102040816326,110.41382532708903,41.98367961864642,375.1395589136114,35341.61520177111,3477.7836097976915,0.09840477267217278,2831.0763657259045,0.08010602655149808,91917.85657567262,144000.0,2089.0421949016504,0.037835777936516164,0.0,7158.811600363853,428.1078038852123,428.1078038852123,867.4999999999998,0.49349602753338606,0.511834322958349,0.27292532300956956,359.2213855094816,558.9126347707278,0.08458770820472286,20,0,3600.0,4246.732688868675
044701d81fe1c7e816d83581e907424106a40657,normal,storage_mb,0.75,synthetic_v1,781d0e388741aa6fbb946d6cc78bc0e88df2ed45e0c690bc6a0098a567f08c5c,random,100,100100,c9660ff6b584d33ce1df45399e9adbd88ed7c3c17272cbf036074d8199129146,8f8016fe5ea3422ea5fc1c886794b38217b6c00ed045bbbdc9320bc69ff54e87,196,196,0,27,0,169,0,0,196,0.1377551020408163,0.14473684210526316,0.8622448979591837,209.22291573846326,203.2316946846695,449.2316926562446,35341.61520177111,2723.0535436518344,0.07704949329863599,1598.7427317712504,0.04523683263042067,88260.91014426436,139032.50507572835,3268.922597935717,0.030852316605402604,0.0,8000,340.9624102665272,340.9624102665272,867.4999999999998,0.393040242382164,0.5301541212719831,0.2849087920872755,591.0496217272765,407.0102522278773,0.14355591501112513,28.47657127866414,0,3600.0,4117.208417928805
044701d81fe1c7e816d83581e907424106a40657,normal,storage_mb,0.75,synthetic_v1,781d0e388741aa6fbb946d6cc78bc0e88df2ed45e0c690bc6a0098a567f08c5c,rule,100,100100,c9660ff6b584d33ce1df45399e9adbd88ed7c3c17272cbf036074d8199129146,8f8016fe5ea3422ea5fc1c886794b38217b6c00ed045bbbdc9320bc69ff54e87,196,196,0,46,0,150,0,0,196,0.23469387755102042,0.3815789473684211,0.7653061224489796,174.07178401660514,164.14844109990196,391.17348600988953,35341.61520177111,4153.336118979214,0.1175197029130427,1532.768222829084,0.043370067102996214,98655.48744474402,139032.5050757283,2144.6845096683483,0.04209939281183378,0.0,8000,464.7777969123238,464.7777969123238,867.4999999999998,0.5357669128672322,0.5584839476890171,0.2853211916042953,570.4135885339372,628.7806293873173,0.13854377302106274,26.636464760706666,0,3600.0,4117.208417928805
044701d81fe1c7e816d83581e907424106a40657,normal,storage_mb,0.75,synthetic_v1,781d0e388741aa6fbb946d6cc78bc0e88df2ed45e0c690bc6a0098a567f08c5c,greedy,100,100100,c9660ff6b584d33ce1df45399e9adbd88ed7c3c17272cbf036074d8199129146,8f8016fe5ea3422ea5fc1c886794b38217b6c00ed045bbbdc9320bc69ff54e87,196,196,0,36,0,160,0,0,196,0.1836734693877551,0.14473684210526316,0.8163265306122449,144.88631124806045,110.97767166036192,377.76654736255705,35341.61520177111,3222.3670081966343,0.09117769490159433,2665.6110089214512,0.07542414215374817,97101.82638830256,139032.5050757283,2697.272955230627,0.03318544179911346,0.0,8000,402.8515272612942,402.8515272612942,867.4999999999998,0.4643821639899646,0.5577198382407728,0.2807965247498106,719.9914805426208,506.81732689812833,0.17487370263000152,30.86614037751906,0,3600.0,4117.208417928805
044701d81fe1c7e816d83581e907424106a40657,normal,storage_mb,0.75,synthetic_v1,781d0e388741aa6fbb946d6cc78bc0e88df2ed45e0c690bc6a0098a567f08c5c,edf,100,100100,c9660ff6b584d33ce1df45399e9adbd88ed7c3c17272cbf036074d8199129146,8f8016fe5ea3422ea5fc1c886794b38217b6c00ed045bbbdc9320bc69ff54e87,196,196,0,39,0,157,0,0,196,0.1989795918367347,0.13157894736842105,0.8010204081632653,253.9494522381566,229.78717869141656,529.0287915467575,35341.61520177111,3835.396761609103,0.1085235278498787,2485.295274084195,0.0703220625286998,98300.55610839392,139032.5050757283,2520.527079702408,0.039017040324572455,0.0,8000,460.55988131763445,460.55988131763445,867.4999999999998,0.5309047623258035,0.5669146849249964,0.2903657763106176,629.9992168474482,598.6472167669182,0.1530161101643658,29.244111454261056,0,3600.0,4117.208417928805
044701d81fe1c7e816d83581e907424106a40657,normal,storage_mb,0.75,synthetic_v1,781d0e388741aa6fbb946d6cc78bc0e88df2ed45e0c690bc6a0098a567f08c5c,contact_knapsack,100,100100,c9660ff6b584d33ce1df45399e9adbd88ed7c3c17272cbf036074d8199129146,8f8016fe5ea3422ea5fc1c886794b38217b6c00ed045bbbdc9320bc69ff54e87,196,196,0,40,0,156,0,0,196,0.20408163265306123,0.2236842105263158,0.7959183673469388,202.08526184934345,201.56445881412122,415.9448989243947,35341.61520177111,3992.277557502499,0.11296250991104759,1969.8915931362556,0.05573858415609529,98827.26745073604,139032.50507572832,2470.681686268401,0.04039651869857266,0.0,8000,459.11395153086175,459.11395153086175,867.4999999999998,0.529237984473616,0.5565457075228669,0.28873811802828425,595.4206289079361,625.8357440710625,0.14461755842019464,26.403050702188853,0,3600.0,4117.208417928805
044701d81fe1c7e816d83581e907424106a40657,normal,storage_mb,0.75,synthetic_v1,781d0e388741aa6fbb946d6cc78bc0e88df2ed45e0c690bc6a0098a567f08c5c,predictive,100,100100,c9660ff6b584d33ce1df45399e9adbd88ed7c3c17272cbf036074d8199129146,8f8016fe5ea3422ea5fc1c886794b38217b6c00ed045bbbdc9320bc69ff54e87,196,196,0,43,0,153,0,0,196,0.2193877551020408,0.25,0.7806122448979592,95.22139712878929,39.872824326111186,323.30851356435323,35341.61520177111,3560.7407784477837,0.10075206687976561,2669.6460889062832,0.07553831576923788,90201.76131794653,139032.50507572835,2097.7153794871283,0.039475291018949754,0.0,8000,423.4511299604926,423.4511299604926,867.4999999999998,0.4881281037008562,0.5556778062534772,0.29679544314948464,381.88370136517744,559.3800727081888,0.09275306532995169,20,0,3600.0,4117.208417928805
044701d81fe1c7e816d83581e907424106a40657,normal,storage_mb,1.0,synthetic_v1,781d0e388741aa6fbb946d6cc78bc0e88df2ed45e0c690bc6a0098a567f08c5c,random,100,100100,644c6d65b26ebadc33a9171ba0800b7b936d4aaef4dc631526316988923ca78b,8f8016fe5ea3422ea5fc1c886794b38217b6c00ed045bbbdc9320bc69ff54e87,196,196,0,27,0,169,0,0,196,0.1377551020408163,0.14473684210526316,0.8622448979591837,209.22291573846326,203.2316946846695,449.2316926562446,35341.61520177111,2723.0535436518344,0.07704949329863599,1598.7427317712504,0.04523683263042067,88260.91014426436,139032.50507572835,3268.922597935717,0.030852316605402604,0.0,8000,340.9624102665272,340.9624102665272,867.4999999999998,0.393040242382164,0.39761559095398735,0.2136815940654566,591.0496217272765,407.0102522278773,0.14355591501112513,28.47657127866414,0,3600.0,4117.208417928805
044701d81fe1c7e816d83581e907424106a40657,normal,storage_mb,1.0,synthetic_v1,781d0e388741aa6fbb946d6cc78bc0e88df2ed45e0c690bc6a0098a567f08c5c,rule,100,100100,644c6d65b26ebadc33a9171ba0800b7b936d4aaef4dc631526316988923ca78b,8f8016fe5ea3422ea5fc1c886794b38217b6c00ed045bbbdc9320bc69ff54e87,196,196,0,46,0,150,0,0,196,0.23469387755102042,0.3815789473684211,0.7653061224489796,174.07178401660514,164.14844109990196,391.17348600988953,35341.61520177111,4153.336118979214,0.1175197029130427,1532.768222829084,0.043370067102996214,98655.48744474402,139032.5050757283,2144.6845096683483,0.04209939281183378,0.0,8000,464.7777969123238,464.7777969123238,867.4999999999998,0.5357669128672322,0.41886296076676277,0.21399089370322147,570.4135885339372,628.7806293873173,0.13854377302106274,26.636464760706666,0,3600.0,4117.208417928805
044701d81fe1c7e816d83581e907424106a40657,normal,storage_mb,1.0,synthetic_v1,781d0e388741aa6fbb946d6cc78bc0e88df2ed45e0c690bc6a0098a567f08c5c,greedy,100,100100,644c6d65b26ebadc33a9171ba0800b7b936d4aaef4dc631526316988923ca78b,8f8016fe5ea3422ea5fc1c886794b38217b6c00ed045bbbdc9320bc69ff54e87,196,196,0,36,0,160,0,0,196,0.1836734693877551,0.14473684210526316,0.8163265306122449,144.88631124806045,110.97767166036192,377.76654736255705,35341.61520177111,3222.3670081966343,0.09117769490159433,2665.6110089214512,0.07542414215374817,97101.82638830256,139032.5050757283,2697.272955230627,0.03318544179911346,0.0,8000,402.8515272612942,402.8515272612942,867.4999999999998,0.4643821639899646,0.41828987868057954,0.21059739356235793,719.9914805426208,506.81732689812833,0.17487370263000152,30.86614037751906,0,3600.0,4117.208417928805
044701d81fe1c7e816d83581e907424106a40657,normal,storage_mb,1.0,synthetic_v1,781d0e388741aa6fbb946d6cc78bc0e88df2ed45e0c690bc6a0098a567f08c5c,edf,100,100100,644c6d65b26ebadc33a9171ba0800b7b936d4aaef4dc631526316988923ca78b,8f8016fe5ea3422ea5fc1c886794b38217b6c00ed045bbbdc9320bc69ff54e87,196,196,0,39,0,157,0,0,196,0.1989795918367347,0.13157894736842105,0.8010204081632653,253.9494522381566,229.78717869141656,529.0287915467575,35341.61520177111,3835.396761609103,0.1085235278498787,2485.295274084195,0.0703220625286998,98300.55610839392,139032.5050757283,2520.527079702408,0.039017040324572455,0.0,8000,460.55988131763445,460.55988131763445,867.4999999999998,0.5309047623258035,0.42518601369374726,0.21777433223296322,629.9992168474482,598.6472167669182,0.1530161101643658,29.244111454261056,0,3600.0,4117.208417928805
044701d81fe1c7e816d83581e907424106a40657,normal,storage_mb,1.0,synthetic_v1,781d0e388741aa6fbb946d6cc78bc0e88df2ed45e0c690bc6a0098a567f08c5c,contact_knapsack,100,100100,644c6d65b26ebadc33a9171ba0800b7b936d4aaef4dc631526316988923ca78b,8f8016fe5ea3422ea5fc1c886794b38217b6c00ed045bbbdc9320bc69ff54e87,196,196,0,40,0,156,0,0,196,0.20408163265306123,0.2236842105263158,0.7959183673469388,202.08526184934345,201.56445881412122,415.9448989243947,35341.61520177111,3992.277557502499,0.11296250991104759,1969.8915931362556,0.05573858415609529,98827.26745073604,139032.50507572832,2470.681686268401,0.04039651869857266,0.0,8000,459.11395153086175,459.11395153086175,867.4999999999998,0.529237984473616,0.41740928064215016,0.2165535885212132,595.4206289079361,625.8357440710625,0.14461755842019464,26.403050702188853,0,3600.0,4117.208417928805
044701d81fe1c7e816d83581e907424106a40657,normal,storage_mb,1.0,synthetic_v1,781d0e388741aa6fbb946d6cc78bc0e88df2ed45e0c690bc6a0098a567f08c5c,predictive,100,100100,644c6d65b26ebadc33a9171ba0800b7b936d4aaef4dc631526316988923ca78b,8f8016fe5ea3422ea5fc1c886794b38217b6c00ed045bbbdc9320bc69ff54e87,196,196,0,43,0,153,0,0,196,0.2193877551020408,0.25,0.7806122448979592,95.22139712878929,39.872824326111186,323.30851356435323,35341.61520177111,3560.7407784477837,0.10075206687976561,2669.6460889062832,0.07553831576923788,90201.76131794653,139032.50507572835,2097.7153794871283,0.039475291018949754,0.0,8000,423.4511299604926,423.4511299604926,867.4999999999998,0.4881281037008562,0.41675835469010786,0.22259658236211347,381.88370136517744,559.3800727081888,0.09275306532995169,20,0,3600.0,4117.208417928805
044701d81fe1c7e816d83581e907424106a40657,normal,storage_mb,1.25,synthetic_v1,781d0e388741aa6fbb946d6cc78bc0e88df2ed45e0c690bc6a0098a567f08c5c,random,100,100100,1c4c01037c209e1d53e2f922eb2681f0b3789d5a6ac24418974085d8de9387f8,8f8016fe5ea3422ea5fc1c886794b38217b6c00ed045bbbdc9320bc69ff54e87,196,196,0,27,0,169,0,0,196,0.1377551020408163,0.14473684210526316,0.8622448979591837,209.22291573846326,203.2316946846695,449.2316926562446,35341.61520177111,2723.0535436518344,0.07704949329863599,1598.7427317712504,0.04523683263042067,88260.91014426436,139032.50507572835,3268.922597935717,0.030852316605402604,0.0,8000,340.9624102665272,340.9624102665272,867.4999999999998,0.393040242382164,0.31809247276318986,0.17094527525236528,591.0496217272765,407.0102522278773,0.14355591501112513,28.47657127866414,0,3600.0,4117.208417928805
044701d81fe1c7e816d83581e907424106a40657,normal,storage_mb,1.25,synthetic_v1,781d0e388741aa6fbb946d6cc78bc0e88df2ed45e0c690bc6a0098a567f08c5c,rule,100,100100,1c4c01037c209e1d53e2f922eb2681f0b3789d5a6ac24418974085d8de9387f8,8f8016fe5ea3422ea5fc1c886794b38217b6c00ed045bbbdc9320bc69ff54e87,196,196,0,46,0,150,0,0,196,0.23469387755102042,0.3815789473684211,0.7653061224489796,174.07178401660514,164.14844109990196,391.17348600988953,35341.61520177111,4153.336118979214,0.1175197029130427,1532.768222829084,0.043370067102996214,98655.48744474402,139032.5050757283,2144.6845096683483,0.04209939281183378,0.0,8000,464.7777969123238,464.7777969123238,867.4999999999998,0.5357669128672322,0.33509036861341024,0.17119271496257715,570.4135885339372,628.7806293873173,0.13854377302106274,26.636464760706666,0,3600.0,4117.208417928805
044701d81fe1c7e816d83581e907424106a40657,normal,storage_mb,1.25,synthetic_v1,781d0e388741aa6fbb946d6cc78bc0e88df2ed45e0c690bc6a0098a567f08c5c,greedy,100,100100,1c4c01037c209e1d53e2f922eb2681f0b3789d5a6ac24418974085d8de9387f8,8f8016fe5ea3422ea5fc1c886794b38217b6c00ed045bbbdc9320bc69ff54e87,196,196,0,36,0,160,0,0,196,0.1836734693877551,0.14473684210526316,0.8163265306122449,144.88631124806045,110.97767166036192,377.76654736255705,35341.61520177111,3222.3670081966343,0.09117769490159433,2665.6110089214512,0.07542414215374817,97101.82638830256,139032.5050757283,2697.272955230627,0.03318544179911346,0.0,8000,402.8515272612942,402.8515272612942,867.4999999999998,0.4643821639899646,0.3346319029444636,0.16847791484988633,719.9914805426208,506.81732689812833,0.17487370263000152,30.86614037751906,0,3600.0,4117.208417928805
044701d81fe1c7e816d83581e907424106a40657,normal,storage_mb,1.25,synthetic_v1,781d0e388741aa6fbb946d6cc78bc0e88df2ed45e0c690bc6a0098a567f08c5c,edf,100,100100,1c4c01037c209e1d53e2f922eb2681f0b3789d5a6ac24418974085d8de9387f8,8f8016fe5ea3422ea5fc1c886794b38217b6c00ed045bbbdc9320bc69ff54e87,196,196,0,39,0,157,0,0,196,0.1989795918367347,0.13157894736842105,0.8010204081632653,253.9494522381566,229.78717869141656,529.0287915467575,35341.61520177111,3835.396761609103,0.1085235278498787,2485.295274084195,0.0703220625286998,98300.55610839392,139032.5050757283,2520.527079702408,0.039017040324572455,0.0,8000,460.55988131763445,460.55988131763445,867.4999999999998,0.5309047623258035,0.3401488109549978,0.17421946578637057,629.9992168474482,598.6472167669182,0.1530161101643658,29.244111454261056,0,3600.0,4117.208417928805
044701d81fe1c7e816d83581e907424106a40657,normal,storage_mb,1.25,synthetic_v1,781d0e388741aa6fbb946d6cc78bc0e88df2ed45e0c690bc6a0098a567f08c5c,contact_knapsack,100,100100,1c4c01037c209e1d53e2f922eb2681f0b3789d5a6ac24418974085d8de9387f8,8f8016fe5ea3422ea5fc1c886794b38217b6c00ed045bbbdc9320bc69ff54e87,196,196,0,40,0,156,0,0,196,0.20408163265306123,0.2236842105263158,0.7959183673469388,202.08526184934345,201.56445881412122,415.9448989243947,35341.61520177111,3992.277557502499,0.11296250991104759,1969.8915931362556,0.05573858415609529,98827.26745073604,139032.50507572832,2470.681686268401,0.04039651869857266,0.0,8000,459.11395153086175,459.11395153086175,867.4999999999998,0.529237984473616,0.33392742451372015,0.17324287081697054,595.4206289079361,625.8357440710625,0.14461755842019464,26.403050702188853,0,3600.0,4117.208417928805
044701d81fe1c7e816d83581e907424106a40657,normal,storage_mb,1.25,synthetic_v1,781d0e388741aa6fbb946d6cc78bc0e88df2ed45e0c690bc6a0098a567f08c5c,predictive,100,100100,1c4c01037c209e1d53e2f922eb2681f0b3789d5a6ac24418974085d8de9387f8,8f8016fe5ea3422ea5fc1c886794b38217b6c00ed045bbbdc9320bc69ff54e87,196,196,0,43,0,153,0,0,196,0.2193877551020408,0.25,0.7806122448979592,95.22139712878929,39.872824326111186,323.30851356435323,35341.61520177111,3560.7407784477837,0.10075206687976561,2669.6460889062832,0.07553831576923788,90201.76131794653,139032.50507572835,2097.7153794871283,0.039475291018949754,0.0,8000,423.4511299604926,423.4511299604926,867.4999999999998,0.4881281037008562,0.3334066837520863,0.17807726588969078,381.88370136517744,559.3800727081888,0.09275306532995169,20,0,3600.0,4117.208417928805
044701d81fe1c7e816d83581e907424106a40657,low_energy,available_energy_j,0.75,synthetic_v1,781d0e388741aa6fbb946d6cc78bc0e88df2ed45e0c690bc6a0098a567f08c5c,random,100,100100,08030cc84e8d5c54fa1114da07f7064001dc873dbefb8622ead88fd4ee33e80c,8f8016fe5ea3422ea5fc1c886794b38217b6c00ed045bbbdc9320bc69ff54e87,196,196,0,3,0,193,0,0,196,0.015306122448979591,0.0,0.9846938775510204,204.91482220013418,158.98428281406336,328.50636507886236,35341.61520177111,7.39349602098935,0.00020920085227510576,5.294870800504341,0.00014981971735799425,34950.0,33599.99999999999,11650.0,0.00021154495052902288,0.0,0.0,1.47869920419787,1.47869920419787,389.9999999999995,0.0037915364210201843,0.43147784122788985,0.24212633116163132,276.12721979558825,2.5974353985301377,0.06706661207461931,21.812279428685066,0,3600.0,4117.208417928805
044701d81fe1c7e816d83581e907424106a40657,low_energy,available_energy_j,0.75,synthetic_v1,781d0e388741aa6fbb946d6cc78bc0e88df2ed45e0c690bc6a0098a567f08c5c,rule,100,100100,08030cc84e8d5c54fa1114da07f7064001dc873dbefb8622ead88fd4ee33e80c,8f8016fe5ea3422ea5fc1c886794b38217b6c00ed045bbbdc9320bc69ff54e87,196,196,0,4,0,192,0,0,196,0.02040816326530612,0.0,0.9795918367346939,164.13329813345865,146.45359546461157,329.62555379093965,35341.61520177111,11.174770375803567,0.00031619297284532586,8.734868208823556,0.0002471553198390836,34950.0,33600.0,8737.5,0.0003197359191932351,0.0,0.0,2.2349540751607133,2.2349540751607133,389.9999999999995,0.005730651474771067,0.43147784122788985,0.23854585218715388,311.49573681104397,4.00618791385773,0.07565702417555642,22.98112812989439,0,3600.0,4117.208417928805
044701d81fe1c7e816d83581e907424106a40657,low_energy,available_energy_j,0.75,synthetic_v1,781d0e388741aa6fbb946d6cc78bc0e88df2ed45e0c690bc6a0098a567f08c5c,greedy,100,100100,08030cc84e8d5c54fa1114da07f7064001dc873dbefb8622ead88fd4ee33e80c,8f8016fe5ea3422ea5fc1c886794b38217b6c00ed045bbbdc9320bc69ff54e87,196,196,0,4,0,192,0,0,196,0.02040816326530612,0.0,0.9795918367346939,164.2181490043168,145.53857557971355,332.7101334886436,35341.61520177111,11.174770375803567,0.00031619297284532586,8.738498258494985,0.00024725803301873606,34950.0,33600.0,8737.5,0.0003197359191932351,0.0,0.0,2.2349540751607133,2.2349540751607133,389.9999999999995,0.005730651474771067,0.43147784122788985,0.2385458492218433,311.49573681104397,4.006342997302397,0.07565702417555642,22.98112812989439,0,3600.0,4117.208417928805
044701d81fe1c7e816d83581e907424106a40657,low_energy,available_energy_j,0.75,synthetic_v1,781d0e388741aa6fbb946d6cc78bc0e88df2ed45e0c690bc6a0098a567f08c5c,edf,100,100100,08030cc84e8d5c54fa1114da07f7064001dc873dbefb8622ead88fd4ee33e80c,8f8016fe5ea3422ea5fc1c886794b38217b6c00ed045bbbdc9320bc69ff54e87,196,196,0,4,0,192,0,0,196,0.02040816326530612,0.0,0.9795918367346939,164.13329813345865,146.45359546461157,329.62555379093965,35341.61520177111,11.174770375803567,0.00031619297284532586,8.734868208823556,0.0002471553198390836,34950.0,33600.0,8737.5,0.0003197359191932351,0.0,0.0,2.2349540751607133,2.2349540751607133,389.9999999999995,0.005730651474771067,0.43147784122788985,0.23854427330928518,311.49573681104397,4.00618791385773,0.07565702417555642,22.98112812989439,0,3600.0,4117.208417928805
044701d81fe1c7e816d83581e907424106a40657,low_energy,available_energy_j,0.75,synthetic_v1,781d0e388741aa6fbb946d6cc78bc0e88df2ed45e0c690bc6a0098a567f08c5c,contact_knapsack,100,100100,08030cc84e8d5c54fa1114da07f7064001dc873dbefb8622ead88fd4ee33e80c,8f8016fe5ea3422ea5fc1c886794b38217b6c00ed045bbbdc9320bc69ff54e87,196,196,0,4,0,192,0,0,196,0.02040816326530612,0.0,0.9795918367346939,164.13329813345865,146.45359546461157,329.62555379093965,35341.61520177111,11.174770375803567,0.00031619297284532586,8.734868208823556,0.0002471553198390836,34950.0,33600.0,8737.5,0.0003197359191932351,0.0,0.0,2.2349540751607133,2.2349540751607133,389.9999999999995,0.005730651474771067,0.43147784122788985,0.23854427330928518,311.49573681104397,4.00618791385773,0.07565702417555642,22.98112812989439,0,3600.0,4117.208417928805
044701d81fe1c7e816d83581e907424106a40657,low_energy,available_energy_j,0.75,synthetic_v1,781d0e388741aa6fbb946d6cc78bc0e88df2ed45e0c690bc6a0098a567f08c5c,predictive,100,100100,08030cc84e8d5c54fa1114da07f7064001dc873dbefb8622ead88fd4ee33e80c,8f8016fe5ea3422ea5fc1c886794b38217b6c00ed045bbbdc9320bc69ff54e87,196,196,0,11,0,185,0,0,196,0.05612244897959184,0.0,0.9438775510204082,208.12321035623089,161.35168140486257,554.0824993368906,35341.61520177111,32.87314634873901,0.0009301540453389241,23.89527267443811,0.0006761228239857194,34950.0,33600.0,3177.2727272727275,0.0009405764334403151,0.0,0.0,6.5746292697478035,6.5746292697478035,389.9999999999995,0.016858023768584134,0.4308024233075618,0.25088086650443137,193.22169576627854,11.52461368641633,0.046930268315996566,20,0,3600.0,4117.208417928805
044701d81fe1c7e816d83581e907424106a40657,low_energy,available_energy_j,1.0,synthetic_v1,781d0e388741aa6fbb946d6cc78bc0e88df2ed45e0c690bc6a0098a567f08c5c,random,100,100100,400c10e34c8901401fc5697f9af1312774e083327a5315a14cfe00ee611454bd,8f8016fe5ea3422ea5fc1c886794b38217b6c00ed045bbbdc9320bc69ff54e87,196,196,0,5,0,191,0,0,196,0.025510204081632654,0.0,0.9744897959183674,248.0621901716375,157.90144687329786,553.160722013718,35341.61520177111,13.914714172756645,0.00039372038016132675,9.679701523053867,0.0002738896190168688,35400.0,33600.0,7080.0,0.00039307102182928376,0.0,0.0,4.694965791690806,4.694965791690806,389.9999999999995,0.012038373824848236,0.43147784122788974,0.24355664220362416,271.3452823157889,7.9092900665304455,0.06590516067493404,21.812279428685066,0,3600.0,4117.208417928805
044701d81fe1c7e816d83581e907424106a40657,low_energy,available_energy_j,1.0,synthetic_v1,781d0e388741aa6fbb946d6cc78bc0e88df2ed45e0c690bc6a0098a567f08c5c,rule,100,100100,400c10e34c8901401fc5697f9af1312774e083327a5315a14cfe00ee611454bd,8f8016fe5ea3422ea5fc1c886794b38217b6c00ed045bbbdc9320bc69ff54e87,196,196,0,1,0,195,0,0,196,0.00510204081632653,0.0,0.9948979591836735,328.74411919665636,328.74411919665636,328.74411919665636,35341.61520177111,2.5270051132608673,7.150225304739975e-05,1.4610100133758661,4.13396502970993e-05,35400.0,33600.0,35400.0,7.138432523335783e-05,0.0,0.0,0.5054010226521735,0.5054010226521735,389.9999999999995,0.0012959000580824978,0.43147784122788985,0.2371339934069719,330.61165805275584,0.9244074636032451,0.08029995678942888,24.11040182923134,0,3600.0,4117.208417928805
044701d81fe1c7e816d83581e907424106a40657,low_energy,available_energy_j,1.0,synthetic_v1,781d0e388741aa6fbb946d6cc78bc0e88df2ed45e0c690bc6a0098a567f08c5c,greedy,100,100100,400c10e34c8901401fc5697f9af1312774e083327a5315a14cfe00ee611454bd,8f8016fe5ea3422ea5fc1c886794b38217b6c00ed045bbbdc9320bc69ff54e87,196,196,0,1,0,195,0,0,196,0.00510204081632653,0.0,0.9948979591836735,75.87113511675733,75.87113511675733,75.87113511675733,35341.61520177111,3.781274354814217,0.00010699212057022008,3.3321215121022605,9.428322653276116e-05,35400.0,33600.0,35400.0,0.0001068156597405146,0.0,0.0,0.7562548709628434,0.7562548709628434,389.9999999999995,0.001939115053750883,0.43147784122788985,0.23712339088317072,330.61165805275584,1.3236720056411286,0.08029995678942888,24.11040182923134,0,3600.0,4117.208417928805
044701d81fe1c7e816d83581e907424106a40657,low_energy,available_energy_j,1.0,synthetic_v1,781d0e388741aa6fbb946d6cc78bc0e88df2ed45e0c690bc6a0098a567f08c5c,edf,100,100100,400c10e34c8901401fc5697f9af1312774e083327a5315a14cfe00ee611454bd,8f8016fe5ea3422ea5fc1c886794b38217b6c00ed045bbbdc9320bc69ff54e87,196,196,0,1,0,195,0,0,196,0.00510204081632653,0.0,0.9948979591836735,328.74411919665636,328.74411919665636,328.74411919665636,35341.61520177111,2.5270051132608673,7.150225304739975e-05,1.4610100133758661,4.13396502970993e-05,35400.00000000001,33600.0,35400.00000000001,7.138432523335782e-05,0.0,0.0,0.5054010226521735,0.5054010226521735,389.9999999999995,0.0012959000580824978,0.43147784122788985,0.23713241452910316,330.61165805275584,0.9244074636032451,0.08029995678942888,24.11040182923134,0,3600.0,4117.208417928805
044701d81fe1c7e816d83581e907424106a40657,low_energy,available_energy_j,1.0,synthetic_v1,781d0e388741aa6fbb946d6cc78bc0e88df2ed45e0c690bc6a0098a567f08c5c,contact_knapsack,100,100100,400c10e34c8901401fc5697f9af1312774e083327a5315a14cfe00ee611454bd,8f8016fe5ea3422ea5fc1c886794b38217b6c00ed045bbbdc9320bc69ff54e87,196,196,0,1,0,195,0,0,196,0.00510204081632653,0.0,0.9948979591836735,328.74411919665636,328.74411919665636,328.74411919665636,35341.61520177111,2.5270051132608673,7.150225304739975e-05,1.4610100133758661,4.13396502970993e-05,35400.00000000001,33600.0,35400.00000000001,7.138432523335782e-05,0.0,0.0,0.5054010226521735,0.5054010226521735,389.9999999999995,0.0012959000580824978,0.43147784122788985,0.23713241452910316,330.61165805275584,0.9244074636032451,0.08029995678942888,24.11040182923134,0,3600.0,4117.208417928805
044701d81fe1c7e816d83581e907424106a40657,low_energy,available_energy_j,1.0,synthetic_v1,781d0e388741aa6fbb946d6cc78bc0e88df2ed45e0c690bc6a0098a567f08c5c,predictive,100,100100,400c10e34c8901401fc5697f9af1312774e083327a5315a14cfe00ee611454bd,8f8016fe5ea3422ea5fc1c886794b38217b6c00ed045bbbdc9320bc69ff54e87,196,196,0,11,0,185,0,0,196,0.05612244897959184,0.0,0.9438775510204082,210.5779644387637,166.11493770551158,554.0824993368906,35341.61520177111,32.87314634873901,0.0009301540453389241,23.7969441566536,0.0006733405935408702,35400.0,33600.0,3218.181818181818,0.0009286199533542094,0.0,0.0,6.5746292697478035,6.5746292697478035,389.9999999999995,0.016858023768584134,0.4308024233075618,0.25050721258156594,213.38464343302272,11.44353227582127,0.05182750586630919,20.31692801879464,0,3600.0,4117.208417928805
044701d81fe1c7e816d83581e907424106a40657,low_energy,available_energy_j,1.25,synthetic_v1,781d0e388741aa6fbb946d6cc78bc0e88df2ed45e0c690bc6a0098a567f08c5c,random,100,100100,8552933224ef8fa7d67cbb434e3876e4589b7fd172d026fe55e3c6e4bf3b844a,8f8016fe5ea3422ea5fc1c886794b38217b6c00ed045bbbdc9320bc69ff54e87,196,196,0,3,0,193,0,0,196,0.015306122448979591,0.0,0.9846938775510204,342.5812706448143,328.50636507886236,553.160722013718,35341.61520177111,7.656977606638291,0.0002166561308226391,4.42496564109198,0.00012520552939725932,35850.0,33599.99999999999,11950.0,0.00021358375471794397,0.0,0.0,3.443418478467136,3.443418478467136,389.9999999999995,0.008829278149915744,0.43147784122788974,0.24237429975182087,288.46120355750077,5.276096865547345,0.07006232725585787,22.60209542757717,0,3600.0,4117.208417928805
044701d81fe1c7e816d83581e907424106a40657,low_energy,available_energy_j,1.25,synthetic_v1,781d0e388741aa6fbb946d6cc78bc0e88df2ed45e0c690bc6a0098a567f08c5c,rule,100,100100,8552933224ef8fa7d67cbb434e3876e4589b7fd172d026fe55e3c6e4bf3b844a,8f8016fe5ea3422ea5fc1c886794b38217b6c00ed045bbbdc9320bc69ff54e87,196,196,0,1,0,195,0,0,196,0.00510204081632653,0.0,0.9948979591836735,330.8789351824636,330.8789351824636,330.8789351824636,35341.61520177111,2.5270051132608673,7.150225304739975e-05,1.4558209377315456,4.119282408062065e-05,35850.0,33600.0,35850.0,7.04882876781274e-05,0.0,0.0,0.5054010226521735,0.5054010226521735,389.9999999999995,0.0012959000580824978,0.43147784122788996,0.23659150088666878,342.75284826503025,0.9180332371361146,0.08324884569177454,25.081697046213293,0,3600.0,4117.208417928805
044701d81fe1c7e816d83581e907424106a40657,low_energy,available_energy_j,1.25,synthetic_v1,781d0e388741aa6fbb946d6cc78bc0e88df2ed45e0c690bc6a0098a567f08c5c,greedy,100,100100,8552933224ef8fa7d67cbb434e3876e4589b7fd172d026fe55e3c6e4bf3b844a,8f8016fe5ea3422ea5fc1c886794b38217b6c00ed045bbbdc9320bc69ff54e87,196,196,0,1,0,195,0,0,196,0.00510204081632653,0.0,0.9948979591836735,78.00278727984238,78.00278727984238,78.00278727984238,35341.61520177111,3.781274354814217,0.00010699212057022008,3.3203043096215095,9.39488557799451e-05,35850.0,33600.0,35850.0,0.00010547487740067551,0.0,0.0,0.7562548709628434,0.7562548709628434,389.9999999999995,0.001939115053750883,0.43147784122788996,0.23658096310748275,342.75284826503025,1.3141339564517693,0.08324884569177454,25.081697046213293,0,3600.0,4117.208417928805
044701d81fe1c7e816d83581e907424106a40657,low_energy,available_energy_j,1.25,synthetic_v1,781d0e388741aa6fbb946d6cc78bc0e88df2ed45e0c690bc6a0098a567f08c5c,edf,100,100100,8552933224ef8fa7d67cbb434e3876e4589b7fd172d026fe55e3c6e4bf3b844a,8f8016fe5ea3422ea5fc1c886794b38217b6c00ed045bbbdc9320bc69ff54e87,196,196,0,1,0,195,0,0,196,0.00510204081632653,0.0,0.9948979591836735,330.8789351824636,330.8789351824636,330.8789351824636,35341.61520177111,2.5270051132608673,7.150225304739975e-05,1.4558209377315456,4.119282408062065e-05,35850.0,33600.0,35850.0,7.04882876781274e-05,0.0,0.0,0.5054010226521735,0.5054010226521735,389.9999999999995,0.0012959000580824978,0.43147784122788996,0.23658992200880002,342.75284826503025,0.9180332371361146,0.08324884569177454,25.081697046213293,0,3600.0,4117.208417928805
044701d81fe1c7e816d83581e907424106a40657,low_energy,available_energy_j,1.25,synthetic_v1,781d0e388741aa6fbb946d6cc78bc0e88df2ed45e0c690bc6a0098a567f08c5c,contact_knapsack,100,100100,8552933224ef8fa7d67cbb434e3876e4589b7fd172d026fe55e3c6e4bf3b844a,8f8016fe5ea3422ea5fc1c886794b38217b6c00ed045bbbdc9320bc69ff54e87,196,196,0,1,0,195,0,0,196,0.00510204081632653,0.0,0.9948979591836735,330.8789351824636,330.8789351824636,330.8789351824636,35341.61520177111,2.5270051132608673,7.150225304739975e-05,1.4558209377315456,4.119282408062065e-05,35850.0,33600.0,35850.0,7.04882876781274e-05,0.0,0.0,0.5054010226521735,0.5054010226521735,389.9999999999995,0.0012959000580824978,0.43147784122788996,0.23658992200880002,342.75284826503025,0.9180332371361146,0.08324884569177454,25.081697046213293,0,3600.0,4117.208417928805
044701d81fe1c7e816d83581e907424106a40657,low_energy,available_energy_j,1.25,synthetic_v1,781d0e388741aa6fbb946d6cc78bc0e88df2ed45e0c690bc6a0098a567f08c5c,predictive,100,100100,8552933224ef8fa7d67cbb434e3876e4589b7fd172d026fe55e3c6e4bf3b844a,8f8016fe5ea3422ea5fc1c886794b38217b6c00ed045bbbdc9320bc69ff54e87,196,196,0,10,0,186,0,0,196,0.05102040816326531,0.0,0.9489795918367347,219.96178030533383,177.70200287030025,554.0824993368906,35341.61520177111,181.37660310420543,0.00513209716275548,165.80956588299742,0.004691623881261885,35850.0,33600.0,3585.0,0.005059319472920654,0.0,0.0,26.989649021546,26.989649021546,389.9999999999995,0.06920422826037445,0.4308024233075618,0.25145979883361563,166.0117547473055,43.50118462860053,0.040321435763220136,20,0,3600.0,4117.208417928805
044701d81fe1c7e816d83581e907424106a40657,low_energy,contact_bandwidth,0.75,synthetic_v1,781d0e388741aa6fbb946d6cc78bc0e88df2ed45e0c690bc6a0098a567f08c5c,random,100,100100,871c10372a28ef180585ff7818bdad096dbc5eecadd2f2b8439662b34a8aafa9,8f8016fe5ea3422ea5fc1c886794b38217b6c00ed045bbbdc9320bc69ff54e87,196,196,0,2,0,194,0,0,196,0.01020408163265306,0.0,0.9897959183673469,123.96339555189658,165.9510797412533,165.9510797412533,35341.61520177111,6.257736566118353,0.00017706424933868763,5.1764637150121455,0.00014646935872791498,35399.99999999999,33600.0,17699.999999999996,0.0001767722193818744,0.0,0.0,1.2515473132236705,1.2515473132236705,292.4999999999996,0.004278794233243324,0.43147784122788974,0.24098411603435171,279.2870469030752,2.7812098646916183,0.06783408041402306,21.069360150196765,0,3600.0,4117.208417928805
044701d81fe1c7e816d83581e907424106a40657,low_energy,contact_bandwidth,0.75,synthetic_v1,781d0e388741aa6fbb946d6cc78bc0e88df2ed45e0c690bc6a0098a567f08c5c,rule,100,100100,871c10372a28ef180585ff7818bdad096dbc5eecadd2f2b8439662b34a8aafa9,8f8016fe5ea3422ea5fc1c886794b38217b6c00ed045bbbdc9320bc69ff54e87,196,196,0,0,0,196,0,0,196,0.0,0.0,1.0,0.0,0.0,0.0,35341.61520177111,0,0.0,0,0.0,35400.0,33600.0,0.0,0.0,0.0,0.0,0.0,0.0,292.4999999999996,0.0,0.43147784122788985,0.23690092733873988,332.60574851881006,0.0,0.0807842874969468,24.069929066515662,0,3600.0,4117.208417928805
044701d81fe1c7e816d83581e907424106a40657,low_energy,contact_bandwidth,0.75,synthetic_v1,781d0e388741aa6fbb946d6cc78bc0e88df2ed45e0c690bc6a0098a567f08c5c,greedy,100,100100,871c10372a28ef180585ff7818bdad096dbc5eecadd2f2b8439662b34a8aafa9,8f8016fe5ea3422ea5fc1c886794b38217b6c00ed045bbbdc9320bc69ff54e87,196,196,0,0,0,196,0,0,196,0.0,0.0,1.0,0.0,0.0,0.0,35341.61520177111,0,0.0,0,0.0,35400.0,33600.0,0.0,0.0,0.0,0.0,0.0,0.0,292.4999999999996,0.0,0.43147784122788985,0.23690092733873988,332.60574851881006,0.0,0.0807842874969468,24.069929066515662,0,3600.0,4117.208417928805
044701d81fe1c7e816d83581e907424106a40657,low_energy,contact_bandwidth,0.75,synthetic_v1,781d0e388741aa6fbb946d6cc78bc0e88df2ed45e0c690bc6a0098a567f08c5c,edf,100,100100,871c10372a28ef180585ff7818bdad096dbc5eecadd2f2b8439662b34a8aafa9,8f8016fe5ea3422ea5fc1c886794b38217b6c00ed045bbbdc9320bc69ff54e87,196,196,0,0,0,196,0,0,196,0.0,0.0,1.0,0.0,0.0,0.0,35341.61520177111,0,0.0,0,0.0,35400.0,33600.0,0.0,0.0,0.0,0.0,0.0,0.0,292.4999999999996,0.0,0.43147784122788985,0.23689934846087113,332.60574851881006,0.0,0.0807842874969468,24.069929066515662,0,3600.0,4117.208417928805
044701d81fe1c7e816d83581e907424106a40657,low_energy,contact_bandwidth,0.75,synthetic_v1,781d0e388741aa6fbb946d6cc78bc0e88df2ed45e0c690bc6a0098a567f08c5c,contact_knapsack,100,100100,871c10372a28ef180585ff7818bdad096dbc5eecadd2f2b8439662b34a8aafa9,8f8016fe5ea3422ea5fc1c886794b38217b6c00ed045bbbdc9320bc69ff54e87,196,196,0,0,0,196,0,0,196,0.0,0.0,1.0,0.0,0.0,0.0,35341.61520177111,0,0.0,0,0.0,35400.0,33600.0,0.0,0.0,0.0,0.0,0.0,0.0,292.4999999999996,0.0,0.43147784122788985,0.23689934846087113,332.60574851881006,0.0,0.0807842874969468,24.069929066515662,0,3600.0,4117.208417928805
044701d81fe1c7e816d83581e907424106a40657,low_energy,contact_bandwidth,0.75,synthetic_v1,781d0e388741aa6fbb946d6cc78bc0e88df2ed45e0c690bc6a0098a567f08c5c,predictive,100,100100,871c10372a28ef180585ff7818bdad096dbc5eecadd2f2b8439662b34a8aafa9,8f8016fe5ea3422ea5fc1c886794b38217b6c00ed045bbbdc9320bc69ff54e87,196,196,0,11,0,185,0,0,196,0.05612244897959184,0.0,0.9438775510204082,208.2205847680723,154.95725098205065,564.0461853379804,35341.61520177111,32.87314634873901,0.0009301540453389241,23.91086482799458,0.0006765640079403137,35399.999999999985,33600.0,3218.1818181818167,0.0009286199533542098,0.0,0.0,6.5746292697478035,6.5746292697478035,292.4999999999996,0.022477365024778845,0.43080242330756174,0.2529406093902803,201.63388419289953,14.929836580503604,0.04897344601620461,20.01456914489973,0,3600.0,4117.208417928805
044701d81fe1c7e816d83581e907424106a40657,low_energy,contact_bandwidth,1.0,synthetic_v1,781d0e388741aa6fbb946d6cc78bc0e88df2ed45e0c690bc6a0098a567f08c5c,random,100,100100,99d389e2110bd8f1306c668c5b4ef3e4e9405f8e5c6b35412127694107d751ee,8f8016fe5ea3422ea5fc1c886794b38217b6c00ed045bbbdc9320bc69ff54e87,196,196,0,5,0,191,0,0,196,0.025510204081632654,0.0,0.9744897959183674,248.0621901716375,157.90144687329786,553.160722013718,35341.61520177111,13.914714172756645,0.00039372038016132675,9.679701523053867,0.0002738896190168688,35400.0,33600.0,7080.0,0.00039307102182928376,0.0,0.0,4.694965791690806,4.694965791690806,389.9999999999995,0.012038373824848236,0.43147784122788974,0.24355664220362416,271.3452823157889,7.9092900665304455,0.06590516067493404,21.812279428685066,0,3600.0,4117.208417928805
044701d81fe1c7e816d83581e907424106a40657,low_energy,contact_bandwidth,1.0,synthetic_v1,781d0e388741aa6fbb946d6cc78bc0e88df2ed45e0c690bc6a0098a567f08c5c,rule,100,100100,99d389e2110bd8f1306c668c5b4ef3e4e9405f8e5c6b35412127694107d751ee,8f8016fe5ea3422ea5fc1c886794b38217b6c00ed045bbbdc9320bc69ff54e87,196,196,0,1,0,195,0,0,196,0.00510204081632653,0.0,0.9948979591836735,328.74411919665636,328.74411919665636,328.74411919665636,35341.61520177111,2.5270051132608673,7.150225304739975e-05,1.4610100133758661,4.13396502970993e-05,35400.0,33600.0,35400.0,7.138432523335783e-05,0.0,0.0,0.5054010226521735,0.5054010226521735,389.9999999999995,0.0012959000580824978,0.43147784122788985,0.2371339934069719,330.61165805275584,0.9244074636032451,0.08029995678942888,24.11040182923134,0,3600.0,4117.208417928805
044701d81fe1c7e816d83581e907424106a40657,low_energy,contact_bandwidth,1.0,synthetic_v1,781d0e388741aa6fbb946d6cc78bc0e88df2ed45e0c690bc6a0098a567f08c5c,greedy,100,100100,99d389e2110bd8f1306c668c5b4ef3e4e9405f8e5c6b35412127694107d751ee,8f8016fe5ea3422ea5fc1c886794b38217b6c00ed045bbbdc9320bc69ff54e87,196,196,0,1,0,195,0,0,196,0.00510204081632653,0.0,0.9948979591836735,75.87113511675733,75.87113511675733,75.87113511675733,35341.61520177111,3.781274354814217,0.00010699212057022008,3.3321215121022605,9.428322653276116e-05,35400.0,33600.0,35400.0,0.0001068156597405146,0.0,0.0,0.7562548709628434,0.7562548709628434,389.9999999999995,0.001939115053750883,0.43147784122788985,0.23712339088317072,330.61165805275584,1.3236720056411286,0.08029995678942888,24.11040182923134,0,3600.0,4117.208417928805
044701d81fe1c7e816d83581e907424106a40657,low_energy,contact_bandwidth,1.0,synthetic_v1,781d0e388741aa6fbb946d6cc78bc0e88df2ed45e0c690bc6a0098a567f08c5c,edf,100,100100,99d389e2110bd8f1306c668c5b4ef3e4e9405f8e5c6b35412127694107d751ee,8f8016fe5ea3422ea5fc1c886794b38217b6c00ed045bbbdc9320bc69ff54e87,196,196,0,1,0,195,0,0,196,0.00510204081632653,0.0,0.9948979591836735,328.74411919665636,328.74411919665636,328.74411919665636,35341.61520177111,2.5270051132608673,7.150225304739975e-05,1.4610100133758661,4.13396502970993e-05,35400.00000000001,33600.0,35400.00000000001,7.138432523335782e-05,0.0,0.0,0.5054010226521735,0.5054010226521735,389.9999999999995,0.0012959000580824978,0.43147784122788985,0.23713241452910316,330.61165805275584,0.9244074636032451,0.08029995678942888,24.11040182923134,0,3600.0,4117.208417928805
044701d81fe1c7e816d83581e907424106a40657,low_energy,contact_bandwidth,1.0,synthetic_v1,781d0e388741aa6fbb946d6cc78bc0e88df2ed45e0c690bc6a0098a567f08c5c,contact_knapsack,100,100100,99d389e2110bd8f1306c668c5b4ef3e4e9405f8e5c6b35412127694107d751ee,8f8016fe5ea3422ea5fc1c886794b38217b6c00ed045bbbdc9320bc69ff54e87,196,196,0,1,0,195,0,0,196,0.00510204081632653,0.0,0.9948979591836735,328.74411919665636,328.74411919665636,328.74411919665636,35341.61520177111,2.5270051132608673,7.150225304739975e-05,1.4610100133758661,4.13396502970993e-05,35400.00000000001,33600.0,35400.00000000001,7.138432523335782e-05,0.0,0.0,0.5054010226521735,0.5054010226521735,389.9999999999995,0.0012959000580824978,0.43147784122788985,0.23713241452910316,330.61165805275584,0.9244074636032451,0.08029995678942888,24.11040182923134,0,3600.0,4117.208417928805
044701d81fe1c7e816d83581e907424106a40657,low_energy,contact_bandwidth,1.0,synthetic_v1,781d0e388741aa6fbb946d6cc78bc0e88df2ed45e0c690bc6a0098a567f08c5c,predictive,100,100100,99d389e2110bd8f1306c668c5b4ef3e4e9405f8e5c6b35412127694107d751ee,8f8016fe5ea3422ea5fc1c886794b38217b6c00ed045bbbdc9320bc69ff54e87,196,196,0,11,0,185,0,0,196,0.05612244897959184,0.0,0.9438775510204082,210.5779644387637,166.11493770551158,554.0824993368906,35341.61520177111,32.87314634873901,0.0009301540453389241,23.7969441566536,0.0006733405935408702,35400.0,33600.0,3218.181818181818,0.0009286199533542094,0.0,0.0,6.5746292697478035,6.5746292697478035,389.9999999999995,0.016858023768584134,0.4308024233075618,0.25050721258156594,213.38464343302272,11.44353227582127,0.05182750586630919,20.31692801879464,0,3600.0,4117.208417928805
044701d81fe1c7e816d83581e907424106a40657,low_energy,contact_bandwidth,1.25,synthetic_v1,781d0e388741aa6fbb946d6cc78bc0e88df2ed45e0c690bc6a0098a567f08c5c,random,100,100100,eb67d8ec7b7c4c4bf39fc58bf6a8d4173dbe66cad50cd57c03dbc3c0b6ced4aa,8f8016fe5ea3422ea5fc1c886794b38217b6c00ed045bbbdc9320bc69ff54e87,196,196,0,3,0,193,0,0,196,0.015306122448979591,0.0,0.9846938775510204,113.0554259664609,108.08145430841745,147.058617290072,35341.61520177111,8.6477652625427,0.0002446907197979261,7.221336056752534,0.00020432954225563083,35400.0,33599.99999999999,11800.0,0.0002442871543091158,0.0,0.0,4.754572536359913,4.754572536359913,487.4999999999993,0.009752969305353682,0.4314778412278898,0.24132554955085206,288.2206277878258,6.3025219004335895,0.07000389548722857,22.42112812989437,0,3600.0,4117.208417928805
044701d81fe1c7e816d83581e907424106a40657,low_energy,contact_bandwidth,1.25,synthetic_v1,781d0e388741aa6fbb946d6cc78bc0e88df2ed45e0c690bc6a0098a567f08c5c,rule,100,100100,eb67d8ec7b7c4c4bf39fc58bf6a8d4173dbe66cad50cd57c03dbc3c0b6ced4aa,8f8016fe5ea3422ea5fc1c886794b38217b6c00ed045bbbdc9320bc69ff54e87,196,196,0,2,0,194,0,0,196,0.01020408163265306,0.0,0.9897959183673469,236.26425906479614,328.58323770393565,328.58323770393565,35341.61520177111,5.003467324565003,0.0001415743818158673,3.4096336565716268,9.647645239487403e-05,35400.0,33600.0,17700.0,0.0001413408848747176,0.0,0.0,1.0006934649130006,1.0006934649130006,487.4999999999993,0.0020527045434112863,0.43147784122788985,0.23712416838859365,330.61165805275584,1.5123895611628768,0.08029995678942888,24.11040182923134,0,3600.0,4117.208417928805
044701d81fe1c7e816d83581e907424106a40657,low_energy,contact_bandwidth,1.25,synthetic_v1,781d0e388741aa6fbb946d6cc78bc0e88df2ed45e0c690bc6a0098a567f08c5c,greedy,100,100100,eb67d8ec7b7c4c4bf39fc58bf6a8d4173dbe66cad50cd57c03dbc3c0b6ced4aa,8f8016fe5ea3422ea5fc1c886794b38217b6c00ed045bbbdc9320bc69ff54e87,196,196,0,1,0,195,0,0,196,0.00510204081632653,0.0,0.9948979591836735,75.6304007156291,75.6304007156291,75.6304007156291,35341.61520177111,3.781274354814217,0.00010699212057022008,3.333458707469598,9.432106281612576e-05,35400.0,33600.0,35400.0,0.0001068156597405146,0.0,0.0,0.7562548709628434,0.7562548709628434,487.4999999999993,0.0015512920430007066,0.43147784122788985,0.23712336877394702,330.61165805275584,1.0829376045128924,0.08029995678942888,24.11040182923134,0,3600.0,4117.208417928805
044701d81fe1c7e816d83581e907424106a40657,low_energy,contact_bandwidth,1.25,synthetic_v1,781d0e388741aa6fbb946d6cc78bc0e88df2ed45e0c690bc6a0098a567f08c5c,edf,100,100100,eb67d8ec7b7c4c4bf39fc58bf6a8d4173dbe66cad50cd57c03dbc3c0b6ced4aa,8f8016fe5ea3422ea5fc1c886794b38217b6c00ed045bbbdc9320bc69ff54e87,196,196,0,2,0,194,0,0,196,0.01020408163265306,0.0,0.9897959183673469,236.26425906479614,328.58323770393565,328.58323770393565,35341.61520177111,5.003467324565003,0.0001415743818158673,3.4096336565716268,9.647645239487403e-05,35400.0,33600.0,17700.0,0.0001413408848747176,0.0,0.0,1.0006934649130006,1.0006934649130006,487.4999999999993,0.0020527045434112863,0.43147784122788985,0.23712258951072498,330.61165805275584,1.5123895611628768,0.08029995678942888,24.11040182923134,0,3600.0,4117.208417928805
044701d81fe1c7e816d83581e907424106a40657,low_energy,contact_bandwidth,1.25,synthetic_v1,781d0e388741aa6fbb946d6cc78bc0e88df2ed45e0c690bc6a0098a567f08c5c,contact_knapsack,100,100100,eb67d8ec7b7c4c4bf39fc58bf6a8d4173dbe66cad50cd57c03dbc3c0b6ced4aa,8f8016fe5ea3422ea5fc1c886794b38217b6c00ed045bbbdc9320bc69ff54e87,196,196,0,2,0,194,0,0,196,0.01020408163265306,0.0,0.9897959183673469,236.26425906479614,328.58323770393565,328.58323770393565,35341.61520177111,5.003467324565003,0.0001415743818158673,3.4096336565716268,9.647645239487403e-05,35400.0,33600.0,17700.0,0.0001413408848747176,0.0,0.0,1.0006934649130006,1.0006934649130006,487.4999999999993,0.0020527045434112863,0.43147784122788985,0.23712258951072498,330.61165805275584,1.5123895611628768,0.08029995678942888,24.11040182923134,0,3600.0,4117.208417928805
044701d81fe1c7e816d83581e907424106a40657,low_energy,contact_bandwidth,1.25,synthetic_v1,781d0e388741aa6fbb946d6cc78bc0e88df2ed45e0c690bc6a0098a567f08c5c,predictive,100,100100,eb67d8ec7b7c4c4bf39fc58bf6a8d4173dbe66cad50cd57c03dbc3c0b6ced4aa,8f8016fe5ea3422ea5fc1c886794b38217b6c00ed045bbbdc9320bc69ff54e87,196,196,0,8,0,188,0,0,196,0.04081632653061224,0.013157894736842105,0.9591836734693877,203.54236791107317,175.0186359849722,563.5891233736793,35341.61520177111,296.8649533589504,0.008399869436190152,257.8016647474488,0.007294563739535293,35399.99999999999,33600.0,4424.999999999999,0.00838601563160877,0.0,0.0,39.056610862562145,39.056610862562145,487.4999999999993,0.08011612484628143,0.43080242330756163,0.2506398011981853,153.78440125564472,50.05250523334854,0.037351619263667785,20,0,3600.0,4117.208417928805
044701d81fe1c7e816d83581e907424106a40657,low_energy,contact_window_duration,0.75,synthetic_v1,781d0e388741aa6fbb946d6cc78bc0e88df2ed45e0c690bc6a0098a567f08c5c,random,100,100100,fdae9287e6b70857b03f7df6fb6cf2c1682564a746c54408c4e4dd0d445e319d,8f8016fe5ea3422ea5fc1c886794b38217b6c00ed045bbbdc9320bc69ff54e87,196,196,0,5,0,191,0,0,196,0.025510204081632654,0.0,0.9744897959183674,247.04729151126358,157.87668039460073,553.1526700060529,35341.61520177111,13.914714172756645,0.00039372038016132675,9.70685679068903,0.00027465798422825286,35400.0,33599.99999999999,7080.0,0.00039307102182928376,0.0,0.0,4.694965791690806,4.694965791690806,292.4999999999995,0.016051165099797655,0.43147784122788974,0.24355274928203727,271.3452823157889,7.871684673301274,0.06590516067493404,21.812279428685066,0,3600.0,4117.208417928805
044701d81fe1c7e816d83581e907424106a40657,low_energy,contact_window_duration,0.75,synthetic_v1,781d0e388741aa6fbb946d6cc78bc0e88df2ed45e0c690bc6a0098a567f08c5c,rule,100,100100,fdae9287e6b70857b03f7df6fb6cf2c1682564a746c54408c4e4dd0d445e319d,8f8016fe5ea3422ea5fc1c886794b38217b6c00ed045bbbdc9320bc69ff54e87,196,196,0,1,0,195,0,0,196,0.00510204081632653,0.0,0.9948979591836735,328.7427176422889,328.7427176422889,328.7427176422889,35341.61520177111,2.5270051132608673,7.150225304739975e-05,1.4610134261881276,4.133974686349113e-05,35400.0,33600.0,35400.0,7.138432523335783e-05,0.0,0.0,0.5054010226521735,0.5054010226521735,292.4999999999995,0.0017278667441099978,0.43147784122788985,0.23713399332094914,330.61165805275584,0.923005909235826,0.08029995678942888,24.11040182923134,0,3600.0,4117.208417928805
044701d81fe1c7e816d83581e907424106a40657,low_energy,contact_window_duration,0.75,synthetic_v1,781d0e388741aa6fbb946d6cc78bc0e88df2ed45e0c690bc6a0098a567f08c5c,greedy,100,100100,fdae9287e6b70857b03f7df6fb6cf2c1682564a746c54408c4e4dd0d445e319d,8f8016fe5ea3422ea5fc1c886794b38217b6c00ed045bbbdc9320bc69ff54e87,196,196,0,1,0,195,0,0,196,0.00510204081632653,0.0,0.9948979591836735,75.86903790628531,75.86903790628531,75.86903790628531,35341.61520177111,3.781274354814217,0.00010699212057022008,3.3321331590561645,9.428355608628714e-05,35400.0,33600.0,35400.0,0.0001068156597405146,0.0,0.0,0.7562548709628434,0.7562548709628434,292.4999999999995,0.0025854867383345117,0.43147784122788985,0.23712339069056135,330.61165805275584,1.3215747951691128,0.08029995678942888,24.11040182923134,0,3600.0,4117.208417928805
044701d81fe1c7e816d83581e907424106a40657,low_energy,contact_window_duration,0.75,synthetic_v1,781d0e388741aa6fbb946d6cc78bc0e88df2ed45e0c690bc6a0098a567f08c5c,edf,100,100100,fdae9287e6b70857b03f7df6fb6cf2c1682564a746c54408c4e4dd0d445e319d,8f8016fe5ea3422ea5fc1c886794b38217b6c00ed045bbbdc9320bc69ff54e87,196,196,0,1,0,195,0,0,196,0.00510204081632653,0.0,0.9948979591836735,328.7427176422889,328.7427176422889,328.7427176422889,35341.61520177111,2.5270051132608673,7.150225304739975e-05,1.4610134261881276,4.133974686349113e-05,35400.0,33600.0,35400.0,7.138432523335783e-05,0.0,0.0,0.5054010226521735,0.5054010226521735,292.4999999999995,0.0017278667441099978,0.43147784122788985,0.23713241444308047,330.61165805275584,0.923005909235826,0.08029995678942888,24.11040182923134,0,3600.0,4117.208417928805
044701d81fe1c7e816d83581e907424106a40657,low_energy,contact_window_duration,0.75,synthetic_v1,781d0e388741aa6fbb946d6cc78bc0e88df2ed45e0c690bc6a0098a567f08c5c,contact_knapsack,100,100100,fdae9287e6b70857b03f7df6fb6cf2c1682564a746c54408c4e4dd0d445e319d,8f8016fe5ea3422ea5fc1c886794b38217b6c00ed045bbbdc9320bc69ff54e87,196,196,0,1,0,195,0,0,196,0.00510204081632653,0.0,0.9948979591836735,328.7427176422889,328.7427176422889,328.7427176422889,35341.61520177111,2.5270051132608673,7.150225304739975e-05,1.4610134261881276,4.133974686349113e-05,35400.0,33600.0,35400.0,7.138432523335783e-05,0.0,0.0,0.5054010226521735,0.5054010226521735,292.4999999999995,0.0017278667441099978,0.43147784122788985,0.23713241444308047,330.61165805275584,0.923005909235826,0.08029995678942888,24.11040182923134,0,3600.0,4117.208417928805
044701d81fe1c7e816d83581e907424106a40657,low_energy,contact_window_duration,0.75,synthetic_v1,781d0e388741aa6fbb946d6cc78bc0e88df2ed45e0c690bc6a0098a567f08c5c,predictive,100,100100,fdae9287e6b70857b03f7df6fb6cf2c1682564a746c54408c4e4dd0d445e319d,8f8016fe5ea3422ea5fc1c886794b38217b6c00ed045bbbdc9320bc69ff54e87,196,196,0,11,0,185,0,0,196,0.05612244897959184,0.0,0.9438775510204082,210.55487624128074,166.0787005667218,554.0632347719413,35341.61520177111,32.87314634873901,0.0009301540453389241,23.797788971884263,0.0006733644978029092,35400.0,33600.0,3218.181818181818,0.0009286199533542094,0.0,0.0,6.5746292697478035,6.5746292697478035,292.4999999999995,0.022477365024778855,0.4308024233075618,0.2505069090573367,213.38464343302272,11.321603220395446,0.05182750586630919,20.317652761570436,0,3600.0,4117.208417928805
044701d81fe1c7e816d83581e907424106a40657,low_energy,contact_window_duration,1.0,synthetic_v1,781d0e388741aa6fbb946d6cc78bc0e88df2ed45e0c690bc6a0098a567f08c5c,random,100,100100,f17b1e7ff3b31dad152ae136533aa3686bd26420addb8916fbc67c8008db297f,8f8016fe5ea3422ea5fc1c886794b38217b6c00ed045bbbdc9320bc69ff54e87,196,196,0,5,0,191,0,0,196,0.025510204081632654,0.0,0.9744897959183674,248.0621901716375,157.90144687329786,553.160722013718,35341.61520177111,13.914714172756645,0.00039372038016132675,9.679701523053867,0.0002738896190168688,35400.0,33600.0,7080.0,0.00039307102182928376,0.0,0.0,4.694965791690806,4.694965791690806,389.9999999999995,0.012038373824848236,0.43147784122788974,0.24355664220362416,271.3452823157889,7.9092900665304455,0.06590516067493404,21.812279428685066,0,3600.0,4117.208417928805
044701d81fe1c7e816d83581e907424106a40657,low_energy,contact_window_duration,1.0,synthetic_v1,781d0e388741aa6fbb946d6cc78bc0e88df2ed45e0c690bc6a0098a567f08c5c,rule,100,100100,f17b1e7ff3b31dad152ae136533aa3686bd26420addb8916fbc67c8008db297f,8f8016fe5ea3422ea5fc1c886794b38217b6c00ed045bbbdc9320bc69ff54e87,196,196,0,1,0,195,0,0,196,0.00510204081632653,0.0,0.9948979591836735,328.74411919665636,328.74411919665636,328.74411919665636,35341.61520177111,2.5270051132608673,7.150225304739975e-05,1.4610100133758661,4.13396502970993e-05,35400.0,33600.0,35400.0,7.138432523335783e-05,0.0,0.0,0.5054010226521735,0.5054010226521735,389.9999999999995,0.0012959000580824978,0.43147784122788985,0.2371339934069719,330.61165805275584,0.9244074636032451,0.08029995678942888,24.11040182923134,0,3600.0,4117.208417928805
044701d81fe1c7e816d83581e907424106a40657,low_energy,contact_window_duration,1.0,synthetic_v1,781d0e388741aa6fbb946d6cc78bc0e88df2ed45e0c690bc6a0098a567f08c5c,greedy,100,100100,f17b1e7ff3b31dad152ae136533aa3686bd26420addb8916fbc67c8008db297f,8f8016fe5ea3422ea5fc1c886794b38217b6c00ed045bbbdc9320bc69ff54e87,196,196,0,1,0,195,0,0,196,0.00510204081632653,0.0,0.9948979591836735,75.87113511675733,75.87113511675733,75.87113511675733,35341.61520177111,3.781274354814217,0.00010699212057022008,3.3321215121022605,9.428322653276116e-05,35400.0,33600.0,35400.0,0.0001068156597405146,0.0,0.0,0.7562548709628434,0.7562548709628434,389.9999999999995,0.001939115053750883,0.43147784122788985,0.23712339088317072,330.61165805275584,1.3236720056411286,0.08029995678942888,24.11040182923134,0,3600.0,4117.208417928805
044701d81fe1c7e816d83581e907424106a40657,low_energy,contact_window_duration,1.0,synthetic_v1,781d0e388741aa6fbb946d6cc78bc0e88df2ed45e0c690bc6a0098a567f08c5c,edf,100,100100,f17b1e7ff3b31dad152ae136533aa3686bd26420addb8916fbc67c8008db297f,8f8016fe5ea3422ea5fc1c886794b38217b6c00ed045bbbdc9320bc69ff54e87,196,196,0,1,0,195,0,0,196,0.00510204081632653,0.0,0.9948979591836735,328.74411919665636,328.74411919665636,328.74411919665636,35341.61520177111,2.5270051132608673,7.150225304739975e-05,1.4610100133758661,4.13396502970993e-05,35400.00000000001,33600.0,35400.00000000001,7.138432523335782e-05,0.0,0.0,0.5054010226521735,0.5054010226521735,389.9999999999995,0.0012959000580824978,0.43147784122788985,0.23713241452910316,330.61165805275584,0.9244074636032451,0.08029995678942888,24.11040182923134,0,3600.0,4117.208417928805
044701d81fe1c7e816d83581e907424106a40657,low_energy,contact_window_duration,1.0,synthetic_v1,781d0e388741aa6fbb946d6cc78bc0e88df2ed45e0c690bc6a0098a567f08c5c,contact_knapsack,100,100100,f17b1e7ff3b31dad152ae136533aa3686bd26420addb8916fbc67c8008db297f,8f8016fe5ea3422ea5fc1c886794b38217b6c00ed045bbbdc9320bc69ff54e87,196,196,0,1,0,195,0,0,196,0.00510204081632653,0.0,0.9948979591836735,328.74411919665636,328.74411919665636,328.74411919665636,35341.61520177111,2.5270051132608673,7.150225304739975e-05,1.4610100133758661,4.13396502970993e-05,35400.00000000001,33600.0,35400.00000000001,7.138432523335782e-05,0.0,0.0,0.5054010226521735,0.5054010226521735,389.9999999999995,0.0012959000580824978,0.43147784122788985,0.23713241452910316,330.61165805275584,0.9244074636032451,0.08029995678942888,24.11040182923134,0,3600.0,4117.208417928805
044701d81fe1c7e816d83581e907424106a40657,low_energy,contact_window_duration,1.0,synthetic_v1,781d0e388741aa6fbb946d6cc78bc0e88df2ed45e0c690bc6a0098a567f08c5c,predictive,100,100100,f17b1e7ff3b31dad152ae136533aa3686bd26420addb8916fbc67c8008db297f,8f8016fe5ea3422ea5fc1c886794b38217b6c00ed045bbbdc9320bc69ff54e87,196,196,0,11,0,185,0,0,196,0.05612244897959184,0.0,0.9438775510204082,210.5779644387637,166.11493770551158,554.0824993368906,35341.61520177111,32.87314634873901,0.0009301540453389241,23.7969441566536,0.0006733405935408702,35400.0,33600.0,3218.181818181818,0.0009286199533542094,0.0,0.0,6.5746292697478035,6.5746292697478035,389.9999999999995,0.016858023768584134,0.4308024233075618,0.25050721258156594,213.38464343302272,11.44353227582127,0.05182750586630919,20.31692801879464,0,3600.0,4117.208417928805
044701d81fe1c7e816d83581e907424106a40657,low_energy,contact_window_duration,1.25,synthetic_v1,781d0e388741aa6fbb946d6cc78bc0e88df2ed45e0c690bc6a0098a567f08c5c,random,100,100100,cbff41e99edbb8842a3adee32d8389889206cb6986b2f8ce17a0c2a0a7d6d620,8f8016fe5ea3422ea5fc1c886794b38217b6c00ed045bbbdc9320bc69ff54e87,196,196,0,5,0,191,0,0,196,0.025510204081632654,0.0,0.9744897959183674,248.0743950452157,157.91659980916558,553.165627421854,35341.61520177111,13.914714172756645,0.00039372038016132675,9.679440571694384,0.0002738822353317148,35400.0,33600.0,7080.0,0.00039307102182928376,0.0,0.0,4.694965791690806,4.694965791690806,487.4999999999995,0.009630699059878586,0.43147784122788974,0.24355665462974932,271.3452823157889,7.947855777937605,0.06590516067493404,21.812279428685066,0,3600.0,4117.208417928805
044701d81fe1c7e816d83581e907424106a40657,low_energy,contact_window_duration,1.25,synthetic_v1,781d0e388741aa6fbb946d6cc78bc0e88df2ed45e0c690bc6a0098a567f08c5c,rule,100,100100,cbff41e99edbb8842a3adee32d8389889206cb6986b2f8ce17a0c2a0a7d6d620,8f8016fe5ea3422ea5fc1c886794b38217b6c00ed045bbbdc9320bc69ff54e87,196,196,0,1,0,195,0,0,196,0.00510204081632653,0.0,0.9948979591836735,328.74496248014043,328.74496248014043,328.74496248014043,35341.61520177111,2.5270051132608673,7.150225304739975e-05,1.461007959967952,4.133959219539958e-05,35400.0,33600.0,35400.0,7.138432523335783e-05,0.0,0.0,0.5054010226521735,0.5054010226521735,487.4999999999995,0.001036720046465998,0.43147784122788985,0.23713399345872985,330.61165805275584,0.9252507470873184,0.08029995678942888,24.11040182923134,0,3600.0,4117.208417928805
044701d81fe1c7e816d83581e907424106a40657,low_energy,contact_window_duration,1.25,synthetic_v1,781d0e388741aa6fbb946d6cc78bc0e88df2ed45e0c690bc6a0098a567f08c5c,greedy,100,100100,cbff41e99edbb8842a3adee32d8389889206cb6986b2f8ce17a0c2a0a7d6d620,8f8016fe5ea3422ea5fc1c886794b38217b6c00ed045bbbdc9320bc69ff54e87,196,196,0,1,0,195,0,0,196,0.00510204081632653,0.0,0.9948979591836735,75.87239696074624,75.87239696074624,75.87239696074624,35341.61520177111,3.781274354814217,0.00010699212057022008,3.3321145044137954,9.428302824843189e-05,35400.0,33600.0,35400.0,0.0001068156597405146,0.0,0.0,0.7562548709628434,0.7562548709628434,487.4999999999995,0.001551292043000706,0.43147784122788985,0.23712339099905938,330.61165805275584,1.3249338496300425,0.08029995678942888,24.11040182923134,0,3600.0,4117.208417928805
044701d81fe1c7e816d83581e907424106a40657,low_energy,contact_window_duration,1.25,synthetic_v1,781d0e388741aa6fbb946d6cc78bc0e88df2ed45e0c690bc6a0098a567f08c5c,edf,100,100100,cbff41e99edbb8842a3adee32d8389889206cb6986b2f8ce17a0c2a0a7d6d620,8f8016fe5ea3422ea5fc1c886794b38217b6c00ed045bbbdc9320bc69ff54e87,196,196,0,1,0,195,0,0,196,0.00510204081632653,0.0,0.9948979591836735,328.74496248014043,328.74496248014043,328.74496248014043,35341.61520177111,2.5270051132608673,7.150225304739975e-05,1.461007959967952,4.133959219539958e-05,35400.00000000001,33600.0,35400.00000000001,7.138432523335782e-05,0.0,0.0,0.5054010226521735,0.5054010226521735,487.4999999999995,0.001036720046465998,0.43147784122788985,0.2371324145808611,330.61165805275584,0.9252507470873184,0.08029995678942888,24.11040182923134,0,3600.0,4117.208417928805
044701d81fe1c7e816d83581e907424106a40657,low_energy,contact_window_duration,1.25,synthetic_v1,781d0e388741aa6fbb946d6cc78bc0e88df2ed45e0c690bc6a0098a567f08c5c,contact_knapsack,100,100100,cbff41e99edbb8842a3adee32d8389889206cb6986b2f8ce17a0c2a0a7d6d620,8f8016fe5ea3422ea5fc1c886794b38217b6c00ed045bbbdc9320bc69ff54e87,196,196,0,1,0,195,0,0,196,0.00510204081632653,0.0,0.9948979591836735,328.74496248014043,328.74496248014043,328.74496248014043,35341.61520177111,2.5270051132608673,7.150225304739975e-05,1.461007959967952,4.133959219539958e-05,35400.00000000001,33600.0,35400.00000000001,7.138432523335782e-05,0.0,0.0,0.5054010226521735,0.5054010226521735,487.4999999999995,0.001036720046465998,0.43147784122788985,0.2371324145808611,330.61165805275584,0.9252507470873184,0.08029995678942888,24.11040182923134,0,3600.0,4117.208417928805
044701d81fe1c7e816d83581e907424106a40657,low_energy,contact_window_duration,1.25,synthetic_v1,781d0e388741aa6fbb946d6cc78bc0e88df2ed45e0c690bc6a0098a567f08c5c,predictive,100,100100,cbff41e99edbb8842a3adee32d8389889206cb6986b2f8ce17a0c2a0a7d6d620,8f8016fe5ea3422ea5fc1c886794b38217b6c00ed045bbbdc9320bc69ff54e87,196,196,0,11,0,185,0,0,196,0.05612244897959184,0.0,0.9438775510204082,210.592165579791,166.1373771710107,554.0942184507642,35341.61520177111,32.87314634873901,0.0009301540453389241,23.796424520285594,0.0006733258902975397,35399.99999999999,33600.0,3218.1818181818176,0.0009286199533542096,0.0,0.0,6.5746292697478035,6.5746292697478035,487.4999999999995,0.013486419014867303,0.4308024233075618,0.2505073998222603,213.38464343302272,11.51895174655425,0.05182750586630919,20.316479229484667,0,3600.0,4117.208417928805
044701d81fe1c7e816d83581e907424106a40657,low_energy,interarrival_s,0.75,synthetic_v1,781d0e388741aa6fbb946d6cc78bc0e88df2ed45e0c690bc6a0098a567f08c5c,random,100,100100,c2f9e3fd8368eb83ed9857430ea82d586e85e588131b52c1c4135879445d0d36,d75e0874896177657fa38e03f311e8b2c96a45cc20c59f982c99c2fab44b05a7,262,262,0,2,0,260,0,0,262,0.007633587786259542,0.0,0.9923664122137404,210.8057511660138,235.63476681644383,235.63476681644383,45838.5772096834,6.257736566118353,0.0001365168150288139,4.445615313978357,9.698414707861442e-05,35400.0,33599.99999999999,17700.0,0.00017677221938187436,0.0,0.0,1.2515473132236705,1.2515473132236705,389.9999999999995,0.0032090956749324926,0.695457211434691,0.3517286751042292,297.00970515520874,2.122339771938755,0.07146454489930919,23.456066187637315,0,3600.0,4156.042770211216
044701d81fe1c7e816d83581e907424106a40657,low_energy,interarrival_s,0.75,synthetic_v1,781d0e388741aa6fbb946d6cc78bc0e88df2ed45e0c690bc6a0098a567f08c5c,rule,100,100100,c2f9e3fd8368eb83ed9857430ea82d586e85e588131b52c1c4135879445d0d36,d75e0874896177657fa38e03f311e8b2c96a45cc20c59f982c99c2fab44b05a7,262,262,0,0,0,262,0,0,262,0.0,0.0,1.0,0.0,0.0,0.0,45838.5772096834,0,0.0,0,0.0,35400.00000000001,33599.999999999985,0.0,0.0,0.0,0.0,0.0,0.0,389.9999999999995,0.0,0.6954572114346909,0.34800165791241217,332.2741639953458,0.0,0.07994964979113033,26.480297585625973,0,3600.0,4156.042770211216
044701d81fe1c7e816d83581e907424106a40657,low_energy,interarrival_s,0.75,synthetic_v1,781d0e388741aa6fbb946d6cc78bc0e88df2ed45e0c690bc6a0098a567f08c5c,greedy,100,100100,c2f9e3fd8368eb83ed9857430ea82d586e85e588131b52c1c4135879445d0d36,d75e0874896177657fa38e03f311e8b2c96a45cc20c59f982c99c2fab44b05a7,262,262,0,0,0,262,0,0,262,0.0,0.0,1.0,0.0,0.0,0.0,45838.5772096834,0,0.0,0,0.0,35400.00000000001,33599.999999999985,0.0,0.0,0.0,0.0,0.0,0.0,389.9999999999995,0.0,0.6954572114346909,0.34800165791241217,332.2741639953458,0.0,0.07994964979113033,26.480297585625973,0,3600.0,4156.042770211216
044701d81fe1c7e816d83581e907424106a40657,low_energy,interarrival_s,0.75,synthetic_v1,781d0e388741aa6fbb946d6cc78bc0e88df2ed45e0c690bc6a0098a567f08c5c,edf,100,100100,c2f9e3fd8368eb83ed9857430ea82d586e85e588131b52c1c4135879445d0d36,d75e0874896177657fa38e03f311e8b2c96a45cc20c59f982c99c2fab44b05a7,262,262,0,0,0,262,0,0,262,0.0,0.0,1.0,0.0,0.0,0.0,45838.5772096834,0,0.0,0,0.0,35400.00000000001,33599.999999999985,0.0,0.0,0.0,0.0,0.0,0.0,389.9999999999995,0.0,0.6954572114346909,0.3480009862103858,332.2741639953458,0.0,0.07994964979113033,26.480297585625973,0,3600.0,4156.042770211216
044701d81fe1c7e816d83581e907424106a40657,low_energy,interarrival_s,0.75,synthetic_v1,781d0e388741aa6fbb946d6cc78bc0e88df2ed45e0c690bc6a0098a567f08c5c,contact_knapsack,100,100100,c2f9e3fd8368eb83ed9857430ea82d586e85e588131b52c1c4135879445d0d36,d75e0874896177657fa38e03f311e8b2c96a45cc20c59f982c99c2fab44b05a7,262,262,0,0,0,262,0,0,262,0.0,0.0,1.0,0.0,0.0,0.0,45838.5772096834,0,0.0,0,0.0,35400.00000000001,33599.999999999985,0.0,0.0,0.0,0.0,0.0,0.0,389.9999999999995,0.0,0.6954572114346909,0.3480009862103858,332.2741639953458,0.0,0.07994964979113033,26.480297585625973,0,3600.0,4156.042770211216
044701d81fe1c7e816d83581e907424106a40657,low_energy,interarrival_s,0.75,synthetic_v1,781d0e388741aa6fbb946d6cc78bc0e88df2ed45e0c690bc6a0098a567f08c5c,predictive,100,100100,c2f9e3fd8368eb83ed9857430ea82d586e85e588131b52c1c4135879445d0d36,d75e0874896177657fa38e03f311e8b2c96a45cc20c59f982c99c2fab44b05a7,262,262,0,17,0,245,0,0,262,0.0648854961832061,0.02127659574468085,0.9351145038167938,107.06248595769468,61.845820811515466,294.688894151594,45838.5772096834,237.9981322279671,0.005192092484443213,135.60056487321648,0.002958219323713452,35400.000000000015,33599.99999999999,2082.3529411764716,0.006723111079886073,0.0,0.0,29.479201846853876,29.479201846853876,389.9999999999995,0.07558769704321516,0.695457211434691,0.35996180325236565,150.93395564834682,48.19684316377146,0.03631674744306738,20,0,3600.0,4156.042770211216
044701d81fe1c7e816d83581e907424106a40657,low_energy,interarrival_s,1.0,synthetic_v1,781d0e388741aa6fbb946d6cc78bc0e88df2ed45e0c690bc6a0098a567f08c5c,random,100,100100,55b68ddb030c07d5c80af5a7e313017e481c12506749ece7a73664c879d437d0,8f8016fe5ea3422ea5fc1c886794b38217b6c00ed045bbbdc9320bc69ff54e87,196,196,0,5,0,191,0,0,196,0.025510204081632654,0.0,0.9744897959183674,248.0621901716375,157.90144687329786,553.160722013718,35341.61520177111,13.914714172756645,0.00039372038016132675,9.679701523053867,0.0002738896190168688,35400.0,33600.0,7080.0,0.00039307102182928376,0.0,0.0,4.694965791690806,4.694965791690806,389.9999999999995,0.012038373824848236,0.43147784122788974,0.24355664220362416,271.3452823157889,7.9092900665304455,0.06590516067493404,21.812279428685066,0,3600.0,4117.208417928805
044701d81fe1c7e816d83581e907424106a40657,low_energy,interarrival_s,1.0,synthetic_v1,781d0e388741aa6fbb946d6cc78bc0e88df2ed45e0c690bc6a0098a567f08c5c,rule,100,100100,55b68ddb030c07d5c80af5a7e313017e481c12506749ece7a73664c879d437d0,8f8016fe5ea3422ea5fc1c886794b38217b6c00ed045bbbdc9320bc69ff54e87,196,196,0,1,0,195,0,0,196,0.00510204081632653,0.0,0.9948979591836735,328.74411919665636,328.74411919665636,328.74411919665636,35341.61520177111,2.5270051132608673,7.150225304739975e-05,1.4610100133758661,4.13396502970993e-05,35400.0,33600.0,35400.0,7.138432523335783e-05,0.0,0.0,0.5054010226521735,0.5054010226521735,389.9999999999995,0.0012959000580824978,0.43147784122788985,0.2371339934069719,330.61165805275584,0.9244074636032451,0.08029995678942888,24.11040182923134,0,3600.0,4117.208417928805
044701d81fe1c7e816d83581e907424106a40657,low_energy,interarrival_s,1.0,synthetic_v1,781d0e388741aa6fbb946d6cc78bc0e88df2ed45e0c690bc6a0098a567f08c5c,greedy,100,100100,55b68ddb030c07d5c80af5a7e313017e481c12506749ece7a73664c879d437d0,8f8016fe5ea3422ea5fc1c886794b38217b6c00ed045bbbdc9320bc69ff54e87,196,196,0,1,0,195,0,0,196,0.00510204081632653,0.0,0.9948979591836735,75.87113511675733,75.87113511675733,75.87113511675733,35341.61520177111,3.781274354814217,0.00010699212057022008,3.3321215121022605,9.428322653276116e-05,35400.0,33600.0,35400.0,0.0001068156597405146,0.0,0.0,0.7562548709628434,0.7562548709628434,389.9999999999995,0.001939115053750883,0.43147784122788985,0.23712339088317072,330.61165805275584,1.3236720056411286,0.08029995678942888,24.11040182923134,0,3600.0,4117.208417928805
044701d81fe1c7e816d83581e907424106a40657,low_energy,interarrival_s,1.0,synthetic_v1,781d0e388741aa6fbb946d6cc78bc0e88df2ed45e0c690bc6a0098a567f08c5c,edf,100,100100,55b68ddb030c07d5c80af5a7e313017e481c12506749ece7a73664c879d437d0,8f8016fe5ea3422ea5fc1c886794b38217b6c00ed045bbbdc9320bc69ff54e87,196,196,0,1,0,195,0,0,196,0.00510204081632653,0.0,0.9948979591836735,328.74411919665636,328.74411919665636,328.74411919665636,35341.61520177111,2.5270051132608673,7.150225304739975e-05,1.4610100133758661,4.13396502970993e-05,35400.00000000001,33600.0,35400.00000000001,7.138432523335782e-05,0.0,0.0,0.5054010226521735,0.5054010226521735,389.9999999999995,0.0012959000580824978,0.43147784122788985,0.23713241452910316,330.61165805275584,0.9244074636032451,0.08029995678942888,24.11040182923134,0,3600.0,4117.208417928805
044701d81fe1c7e816d83581e907424106a40657,low_energy,interarrival_s,1.0,synthetic_v1,781d0e388741aa6fbb946d6cc78bc0e88df2ed45e0c690bc6a0098a567f08c5c,contact_knapsack,100,100100,55b68ddb030c07d5c80af5a7e313017e481c12506749ece7a73664c879d437d0,8f8016fe5ea3422ea5fc1c886794b38217b6c00ed045bbbdc9320bc69ff54e87,196,196,0,1,0,195,0,0,196,0.00510204081632653,0.0,0.9948979591836735,328.74411919665636,328.74411919665636,328.74411919665636,35341.61520177111,2.5270051132608673,7.150225304739975e-05,1.4610100133758661,4.13396502970993e-05,35400.00000000001,33600.0,35400.00000000001,7.138432523335782e-05,0.0,0.0,0.5054010226521735,0.5054010226521735,389.9999999999995,0.0012959000580824978,0.43147784122788985,0.23713241452910316,330.61165805275584,0.9244074636032451,0.08029995678942888,24.11040182923134,0,3600.0,4117.208417928805
044701d81fe1c7e816d83581e907424106a40657,low_energy,interarrival_s,1.0,synthetic_v1,781d0e388741aa6fbb946d6cc78bc0e88df2ed45e0c690bc6a0098a567f08c5c,predictive,100,100100,55b68ddb030c07d5c80af5a7e313017e481c12506749ece7a73664c879d437d0,8f8016fe5ea3422ea5fc1c886794b38217b6c00ed045bbbdc9320bc69ff54e87,196,196,0,11,0,185,0,0,196,0.05612244897959184,0.0,0.9438775510204082,210.5779644387637,166.11493770551158,554.0824993368906,35341.61520177111,32.87314634873901,0.0009301540453389241,23.7969441566536,0.0006733405935408702,35400.0,33600.0,3218.181818181818,0.0009286199533542094,0.0,0.0,6.5746292697478035,6.5746292697478035,389.9999999999995,0.016858023768584134,0.4308024233075618,0.25050721258156594,213.38464343302272,11.44353227582127,0.05182750586630919,20.31692801879464,0,3600.0,4117.208417928805
044701d81fe1c7e816d83581e907424106a40657,low_energy,interarrival_s,1.25,synthetic_v1,781d0e388741aa6fbb946d6cc78bc0e88df2ed45e0c690bc6a0098a567f08c5c,random,100,100100,9f99f946ef7687005939ea87e82440e5d8c82cceccf8fecba8f2828cf8f894b9,cd7d30ff65d30cdd72b37f2f0579e1bea7a4f4fb909999ac2dc72cb7c9fdb999,157,157,0,10,0,147,0,0,157,0.06369426751592357,0.0,0.9363057324840764,147.34085323007747,111.14074739813168,323.22730191510755,27666.30754275781,29.802818553784938,0.0010772242919560257,23.703005076144144,0.0008567462441278638,35400.0,33600.000000000015,3540.0,0.0008418875297679362,0.0,0.0,5.960563710756988,5.960563710756988,389.9999999999995,0.015283496694248708,0.39142625962745387,0.20250992044145202,216.23539599990733,10.20694167313087,0.052956148210278976,20.98999157657755,0,3600.0,4083.291615947537
044701d81fe1c7e816d83581e907424106a40657,low_energy,interarrival_s,1.25,synthetic_v1,781d0e388741aa6fbb946d6cc78bc0e88df2ed45e0c690bc6a0098a567f08c5c,rule,100,100100,9f99f946ef7687005939ea87e82440e5d8c82cceccf8fecba8f2828cf8f894b9,cd7d30ff65d30cdd72b37f2f0579e1bea7a4f4fb909999ac2dc72cb7c9fdb999,157,157,0,7,0,150,0,0,157,0.044585987261146494,0.017857142857142856,0.9554140127388535,152.34164634266315,114.13139385334898,301.0254064329565,27666.30754275781,95.03981574331898,0.003435218653462756,35.984138793400355,0.0013006484055664992,35400.0,33600.000000000015,5057.142857142857,0.0026847405577208753,0.0,0.0,11.366786392130034,11.366786392130034,389.9999999999995,0.029145606133666794,0.39073866412390484,0.20206806373947714,217.72466819172092,18.974374356693602,0.05332087165692118,21.08999157657754,0,3600.0,4083.291615947537
044701d81fe1c7e816d83581e907424106a40657,low_energy,interarrival_s,1.25,synthetic_v1,781d0e388741aa6fbb946d6cc78bc0e88df2ed45e0c690bc6a0098a567f08c5c,greedy,100,100100,9f99f946ef7687005939ea87e82440e5d8c82cceccf8fecba8f2828cf8f894b9,cd7d30ff65d30cdd72b37f2f0579e1bea7a4f4fb909999ac2dc72cb7c9fdb999,157,157,0,10,0,147,0,0,157,0.06369426751592357,0.0,0.9363057324840764,134.88559063480398,112.08723537793662,302.09436718300003,27666.30754275781,29.802818553784938,0.0010772242919560257,24.159605068928336,0.0008732500725508842,35400.0,33600.000000000015,3540.0,0.0008418875297679362,0.0,0.0,5.960563710756988,5.960563710756988,389.9999999999995,0.015283496694248708,0.39073866412390496,0.20200785191301376,219.72466819172092,10.585926987622429,0.05381067257934095,21.08999157657754,0,3600.0,4083.291615947537
044701d81fe1c7e816d83581e907424106a40657,low_energy,interarrival_s,1.25,synthetic_v1,781d0e388741aa6fbb946d6cc78bc0e88df2ed45e0c690bc6a0098a567f08c5c,edf,100,100100,9f99f946ef7687005939ea87e82440e5d8c82cceccf8fecba8f2828cf8f894b9,cd7d30ff65d30cdd72b37f2f0579e1bea7a4f4fb909999ac2dc72cb7c9fdb999,157,157,0,10,0,147,0,0,157,0.06369426751592357,0.0,0.9363057324840764,135.10710434476695,114.13139385334898,301.0254064329565,27666.30754275781,29.802818553784938,0.0010772242919560257,24.137252863198995,0.0008724421510132958,35400.00000000001,33600.000000000015,3540.000000000001,0.0008418875297679359,0.0,0.0,8.98558319460836,8.98558319460836,389.9999999999995,0.023039956909252236,0.39073866412390496,0.20200946579378173,217.72466819172092,15.079147598878706,0.05332087165692118,21.08999157657754,0,3600.0,4083.291615947537
044701d81fe1c7e816d83581e907424106a40657,low_energy,interarrival_s,1.25,synthetic_v1,781d0e388741aa6fbb946d6cc78bc0e88df2ed45e0c690bc6a0098a567f08c5c,contact_knapsack,100,100100,9f99f946ef7687005939ea87e82440e5d8c82cceccf8fecba8f2828cf8f894b9,cd7d30ff65d30cdd72b37f2f0579e1bea7a4f4fb909999ac2dc72cb7c9fdb999,157,157,0,10,0,147,0,0,157,0.06369426751592357,0.0,0.9363057324840764,135.10710434476695,114.13139385334898,301.0254064329565,27666.30754275781,29.802818553784938,0.0010772242919560257,24.137252863198995,0.0008724421510132958,35400.00000000001,33600.000000000015,3540.000000000001,0.0008418875297679359,0.0,0.0,8.98558319460836,8.98558319460836,389.9999999999995,0.023039956909252236,0.39073866412390496,0.20200946579378173,217.72466819172092,15.079147598878706,0.05332087165692118,21.08999157657754,0,3600.0,4083.291615947537
044701d81fe1c7e816d83581e907424106a40657,low_energy,interarrival_s,1.25,synthetic_v1,781d0e388741aa6fbb946d6cc78bc0e88df2ed45e0c690bc6a0098a567f08c5c,predictive,100,100100,9f99f946ef7687005939ea87e82440e5d8c82cceccf8fecba8f2828cf8f894b9,cd7d30ff65d30cdd72b37f2f0579e1bea7a4f4fb909999ac2dc72cb7c9fdb999,157,157,0,9,0,148,0,0,157,0.05732484076433121,0.017857142857142856,0.9426751592356688,95.27206782940165,74.71125286055985,279.65035812458905,27666.30754275781,121.23375900927802,0.0043819999767556,56.28831236268469,0.002034543723469135,35400.000000000015,33600.000000000015,3933.333333333335,0.003424682457889208,0.0,0.0,15.567853287801569,15.567853287801569,389.9999999999995,0.03991757253282459,0.414352995462685,0.2074557523720769,177.3207222549973,25.435807044967362,0.04342592666231839,20,0,3600.0,4083.291615947537
044701d81fe1c7e816d83581e907424106a40657,low_energy,deadline_s,0.75,synthetic_v1,781d0e388741aa6fbb946d6cc78bc0e88df2ed45e0c690bc6a0098a567f08c5c,random,100,100100,6e43ebae0854c7bef57976080912646b41b513138e355bc323f105a2e10dfc66,f192c3472443d270e5bcdae882b01b58b8b5bfaaadd28b26a7774cb5f4a3cf89,196,196,0,4,0,192,0,0,196,0.02040816326530612,0.013157894736842105,0.9795918367346939,159.7237191630671,153.81309146078218,280.78190901342043,35341.61520177111,100.61189822371774,0.002846839275718097,9.344757896389128,0.0002644123038247789,33978.314645800856,33600.00000000001,8494.578661450214,0.0029610620559766838,0.0,1421.6853541991532,10.925966348626046,10.925966348626046,389.9999999999995,0.028015298329810413,0.37180466521324823,0.1865255346378317,257.7923506893763,17.159478705383265,0.06464713382177797,20,0,3600.0,3987.684146988936
044701d81fe1c7e816d83581e907424106a40657,low_energy,deadline_s,0.75,synthetic_v1,781d0e388741aa6fbb946d6cc78bc0e88df2ed45e0c690bc6a0098a567f08c5c,rule,100,100100,6e43ebae0854c7bef57976080912646b41b513138e355bc323f105a2e10dfc66,f192c3472443d270e5bcdae882b01b58b8b5bfaaadd28b26a7774cb5f4a3cf89,196,196,0,4,0,192,0,0,196,0.02040816326530612,0.013157894736842105,0.9795918367346939,167.0964033430197,159.445985723761,302.4992452647073,35341.61520177111,106.19651695521041,0.003004857484552333,8.848171904920832,0.0002503612767669265,33978.31464580086,33600.00000000001,8494.578661450216,0.0031254203765616866,0.0,1421.6853541991532,11.484428221775312,11.484428221775312,389.9999999999995,0.029447251850705968,0.3718046652132482,0.18566370196499152,264.6250518392731,18.652015870600223,0.06636058476173172,20,0,3600.0,3987.684146988936
044701d81fe1c7e816d83581e907424106a40657,low_energy,deadline_s,0.75,synthetic_v1,781d0e388741aa6fbb946d6cc78bc0e88df2ed45e0c690bc6a0098a567f08c5c,greedy,100,100100,6e43ebae0854c7bef57976080912646b41b513138e355bc323f105a2e10dfc66,f192c3472443d270e5bcdae882b01b58b8b5bfaaadd28b26a7774cb5f4a3cf89,196,196,0,4,0,192,0,0,196,0.02040816326530612,0.013157894736842105,0.9795918367346939,156.1419400851128,143.8634433155447,305.4309104713075,35341.61520177111,106.19651695521041,0.003004857484552333,8.969362816666903,0.00025379040446961274,33978.31464580086,33600.00000000001,8494.578661450216,0.0031254203765616866,0.0,1421.6853541991532,11.48442822177531,11.48442822177531,389.9999999999995,0.02944725185070596,0.3718046652132482,0.1856639068777366,264.6250518392731,18.624418712031627,0.06636058476173172,20,0,3600.0,3987.684146988936
044701d81fe1c7e816d83581e907424106a40657,low_energy,deadline_s,0.75,synthetic_v1,781d0e388741aa6fbb946d6cc78bc0e88df2ed45e0c690bc6a0098a567f08c5c,edf,100,100100,6e43ebae0854c7bef57976080912646b41b513138e355bc323f105a2e10dfc66,f192c3472443d270e5bcdae882b01b58b8b5bfaaadd28b26a7774cb5f4a3cf89,196,196,0,4,0,192,0,0,196,0.02040816326530612,0.013157894736842105,0.9795918367346939,167.0964033430197,159.445985723761,302.4992452647073,35341.61520177111,106.19651695521041,0.003004857484552333,8.848171904920832,0.0002503612767669265,33978.31464580086,33600.00000000001,8494.578661450216,0.0031254203765616866,0.0,1421.6853541991532,11.484428221775312,11.484428221775312,389.9999999999995,0.029447251850705968,0.3718046652132482,0.18566370196499152,264.6250518392731,18.652015870600223,0.06636058476173172,20,0,3600.0,3987.684146988936
044701d81fe1c7e816d83581e907424106a40657,low_energy,deadline_s,0.75,synthetic_v1,781d0e388741aa6fbb946d6cc78bc0e88df2ed45e0c690bc6a0098a567f08c5c,contact_knapsack,100,100100,6e43ebae0854c7bef57976080912646b41b513138e355bc323f105a2e10dfc66,f192c3472443d270e5bcdae882b01b58b8b5bfaaadd28b26a7774cb5f4a3cf89,196,196,0,4,0,192,0,0,196,0.02040816326530612,0.013157894736842105,0.9795918367346939,167.0964033430197,159.445985723761,302.4992452647073,35341.61520177111,106.19651695521041,0.003004857484552333,8.848171904920832,0.0002503612767669265,33978.31464580086,33600.00000000001,8494.578661450216,0.0031254203765616866,0.0,1421.6853541991532,11.484428221775312,11.484428221775312,389.9999999999995,0.029447251850705968,0.3718046652132482,0.18566370196499152,264.6250518392731,18.652015870600223,0.06636058476173172,20,0,3600.0,3987.684146988936
044701d81fe1c7e816d83581e907424106a40657,low_energy,deadline_s,0.75,synthetic_v1,781d0e388741aa6fbb946d6cc78bc0e88df2ed45e0c690bc6a0098a567f08c5c,predictive,100,100100,6e43ebae0854c7bef57976080912646b41b513138e355bc323f105a2e10dfc66,f192c3472443d270e5bcdae882b01b58b8b5bfaaadd28b26a7774cb5f4a3cf89,196,196,0,9,0,187,0,0,196,0.04591836734693878,0.013157894736842105,0.9540816326530612,135.61159805281326,153.78428140552887,291.85185178286827,35341.61520177111,115.84615821636052,0.003277896540805385,21.48483749663721,0.0006079189469405042,33978.31464580086,33600.00000000001,3775.3682939778737,0.003409414487562794,0.0,1421.6853541991532,13.972818347154602,13.972818347154602,389.9999999999995,0.03582773935167852,0.371804665213248,0.1949126101035164,180.3666553055324,21.946782138945196,0.04523092819217531,20,0,3600.0,3987.684146988936
044701d81fe1c7e816d83581e907424106a40657,low_energy,deadline_s,1.0,synthetic_v1,781d0e388741aa6fbb946d6cc78bc0e88df2ed45e0c690bc6a0098a567f08c5c,random,100,100100,dfd44f0a819b74b10046d3ff45d6902e9a83c4925d938278faf8c810365f9fd9,8f8016fe5ea3422ea5fc1c886794b38217b6c00ed045bbbdc9320bc69ff54e87,196,196,0,5,0,191,0,0,196,0.025510204081632654,0.0,0.9744897959183674,248.0621901716375,157.90144687329786,553.160722013718,35341.61520177111,13.914714172756645,0.00039372038016132675,9.679701523053867,0.0002738896190168688,35400.0,33600.0,7080.0,0.00039307102182928376,0.0,0.0,4.694965791690806,4.694965791690806,389.9999999999995,0.012038373824848236,0.43147784122788974,0.24355664220362416,271.3452823157889,7.9092900665304455,0.06590516067493404,21.812279428685066,0,3600.0,4117.208417928805
044701d81fe1c7e816d83581e907424106a40657,low_energy,deadline_s,1.0,synthetic_v1,781d0e388741aa6fbb946d6cc78bc0e88df2ed45e0c690bc6a0098a567f08c5c,rule,100,100100,dfd44f0a819b74b10046d3ff45d6902e9a83c4925d938278faf8c810365f9fd9,8f8016fe5ea3422ea5fc1c886794b38217b6c00ed045bbbdc9320bc69ff54e87,196,196,0,1,0,195,0,0,196,0.00510204081632653,0.0,0.9948979591836735,328.74411919665636,328.74411919665636,328.74411919665636,35341.61520177111,2.5270051132608673,7.150225304739975e-05,1.4610100133758661,4.13396502970993e-05,35400.0,33600.0,35400.0,7.138432523335783e-05,0.0,0.0,0.5054010226521735,0.5054010226521735,389.9999999999995,0.0012959000580824978,0.43147784122788985,0.2371339934069719,330.61165805275584,0.9244074636032451,0.08029995678942888,24.11040182923134,0,3600.0,4117.208417928805
044701d81fe1c7e816d83581e907424106a40657,low_energy,deadline_s,1.0,synthetic_v1,781d0e388741aa6fbb946d6cc78bc0e88df2ed45e0c690bc6a0098a567f08c5c,greedy,100,100100,dfd44f0a819b74b10046d3ff45d6902e9a83c4925d938278faf8c810365f9fd9,8f8016fe5ea3422ea5fc1c886794b38217b6c00ed045bbbdc9320bc69ff54e87,196,196,0,1,0,195,0,0,196,0.00510204081632653,0.0,0.9948979591836735,75.87113511675733,75.87113511675733,75.87113511675733,35341.61520177111,3.781274354814217,0.00010699212057022008,3.3321215121022605,9.428322653276116e-05,35400.0,33600.0,35400.0,0.0001068156597405146,0.0,0.0,0.7562548709628434,0.7562548709628434,389.9999999999995,0.001939115053750883,0.43147784122788985,0.23712339088317072,330.61165805275584,1.3236720056411286,0.08029995678942888,24.11040182923134,0,3600.0,4117.208417928805
044701d81fe1c7e816d83581e907424106a40657,low_energy,deadline_s,1.0,synthetic_v1,781d0e388741aa6fbb946d6cc78bc0e88df2ed45e0c690bc6a0098a567f08c5c,edf,100,100100,dfd44f0a819b74b10046d3ff45d6902e9a83c4925d938278faf8c810365f9fd9,8f8016fe5ea3422ea5fc1c886794b38217b6c00ed045bbbdc9320bc69ff54e87,196,196,0,1,0,195,0,0,196,0.00510204081632653,0.0,0.9948979591836735,328.74411919665636,328.74411919665636,328.74411919665636,35341.61520177111,2.5270051132608673,7.150225304739975e-05,1.4610100133758661,4.13396502970993e-05,35400.00000000001,33600.0,35400.00000000001,7.138432523335782e-05,0.0,0.0,0.5054010226521735,0.5054010226521735,389.9999999999995,0.0012959000580824978,0.43147784122788985,0.23713241452910316,330.61165805275584,0.9244074636032451,0.08029995678942888,24.11040182923134,0,3600.0,4117.208417928805
044701d81fe1c7e816d83581e907424106a40657,low_energy,deadline_s,1.0,synthetic_v1,781d0e388741aa6fbb946d6cc78bc0e88df2ed45e0c690bc6a0098a567f08c5c,contact_knapsack,100,100100,dfd44f0a819b74b10046d3ff45d6902e9a83c4925d938278faf8c810365f9fd9,8f8016fe5ea3422ea5fc1c886794b38217b6c00ed045bbbdc9320bc69ff54e87,196,196,0,1,0,195,0,0,196,0.00510204081632653,0.0,0.9948979591836735,328.74411919665636,328.74411919665636,328.74411919665636,35341.61520177111,2.5270051132608673,7.150225304739975e-05,1.4610100133758661,4.13396502970993e-05,35400.00000000001,33600.0,35400.00000000001,7.138432523335782e-05,0.0,0.0,0.5054010226521735,0.5054010226521735,389.9999999999995,0.0012959000580824978,0.43147784122788985,0.23713241452910316,330.61165805275584,0.9244074636032451,0.08029995678942888,24.11040182923134,0,3600.0,4117.208417928805
044701d81fe1c7e816d83581e907424106a40657,low_energy,deadline_s,1.0,synthetic_v1,781d0e388741aa6fbb946d6cc78bc0e88df2ed45e0c690bc6a0098a567f08c5c,predictive,100,100100,dfd44f0a819b74b10046d3ff45d6902e9a83c4925d938278faf8c810365f9fd9,8f8016fe5ea3422ea5fc1c886794b38217b6c00ed045bbbdc9320bc69ff54e87,196,196,0,11,0,185,0,0,196,0.05612244897959184,0.0,0.9438775510204082,210.5779644387637,166.11493770551158,554.0824993368906,35341.61520177111,32.87314634873901,0.0009301540453389241,23.7969441566536,0.0006733405935408702,35400.0,33600.0,3218.181818181818,0.0009286199533542094,0.0,0.0,6.5746292697478035,6.5746292697478035,389.9999999999995,0.016858023768584134,0.4308024233075618,0.25050721258156594,213.38464343302272,11.44353227582127,0.05182750586630919,20.31692801879464,0,3600.0,4117.208417928805
044701d81fe1c7e816d83581e907424106a40657,low_energy,deadline_s,1.25,synthetic_v1,781d0e388741aa6fbb946d6cc78bc0e88df2ed45e0c690bc6a0098a567f08c5c,random,100,100100,c3d7f2c1567b14d2de60e87568da4ea26cf6d4bc5ade26944eb704a56346b4fc,888a8d109729f58812a6f88f4112fda4c7c21f3e695c3bf1be3bef2f476ba73b,196,196,0,4,0,192,0,0,196,0.02040816326530612,0.0,0.9795918367346939,171.34218948059748,154.92776041679963,330.6225837956723,35341.61520177111,11.174770375803567,0.00031619297284532586,8.613549864797978,0.0002437225864076048,35399.99999999999,33600.0,8849.999999999998,0.0003156714795424737,0.0,0.0,4.146977032300191,4.146977032300191,389.9999999999995,0.010633274441795374,0.5444213057129783,0.290333111849649,301.48192253698693,6.872717513675241,0.07099149973042014,21.842083356608036,0,3600.0,4246.732688868675
044701d81fe1c7e816d83581e907424106a40657,low_energy,deadline_s,1.25,synthetic_v1,781d0e388741aa6fbb946d6cc78bc0e88df2ed45e0c690bc6a0098a567f08c5c,rule,100,100100,c3d7f2c1567b14d2de60e87568da4ea26cf6d4bc5ade26944eb704a56346b4fc,888a8d109729f58812a6f88f4112fda4c7c21f3e695c3bf1be3bef2f476ba73b,196,196,0,1,0,195,0,0,196,0.00510204081632653,0.0,0.9948979591836735,421.7977861996253,421.7977861996253,421.7977861996253,35341.61520177111,2.244276676521303,6.350237994806852e-05,1.1111405006131878,3.1440003357783836e-05,35399.99999999999,33600.0,35399.99999999999,6.339764622941536e-05,0.0,0.0,0.44885533530426064,0.44885533530426064,389.9999999999995,0.0011509111161647724,0.5367184424027922,0.2860400637998536,350.3233613896749,0.8344080949859176,0.08249244467586225,24.31040182923134,0,3600.0,4246.732688868675
044701d81fe1c7e816d83581e907424106a40657,low_energy,deadline_s,1.25,synthetic_v1,781d0e388741aa6fbb946d6cc78bc0e88df2ed45e0c690bc6a0098a567f08c5c,greedy,100,100100,c3d7f2c1567b14d2de60e87568da4ea26cf6d4bc5ade26944eb704a56346b4fc,888a8d109729f58812a6f88f4112fda4c7c21f3e695c3bf1be3bef2f476ba73b,196,196,0,1,0,195,0,0,196,0.00510204081632653,0.0,0.9948979591836735,143.34120928761467,143.34120928761467,143.34120928761467,35341.61520177111,2.4764622113041357,7.007212876846756e-05,1.9501942803045984,5.518124367464865e-05,35399.99999999999,33600.0,35399.99999999999,6.995655964135978e-05,0.0,0.0,0.49529244226082714,0.49529244226082714,389.9999999999995,0.0012699806211816096,0.5367184424027923,0.2860264761485256,350.3233613896749,0.9083184231209316,0.08249244467586225,24.31040182923134,0,3600.0,4246.732688868675
044701d81fe1c7e816d83581e907424106a40657,low_energy,deadline_s,1.25,synthetic_v1,781d0e388741aa6fbb946d6cc78bc0e88df2ed45e0c690bc6a0098a567f08c5c,edf,100,100100,c3d7f2c1567b14d2de60e87568da4ea26cf6d4bc5ade26944eb704a56346b4fc,888a8d109729f58812a6f88f4112fda4c7c21f3e695c3bf1be3bef2f476ba73b,196,196,0,1,0,195,0,0,196,0.00510204081632653,0.0,0.9948979591836735,421.7977861996253,421.7977861996253,421.7977861996253,35341.61520177111,2.244276676521303,6.350237994806852e-05,1.1111405006131878,3.1440003357783836e-05,35399.99999999999,33600.0,35399.99999999999,6.339764622941536e-05,0.0,0.0,0.44885533530426064,0.44885533530426064,389.9999999999995,0.0011509111161647724,0.5367184424027922,0.2860398234546911,350.3233613896749,0.8344080949859176,0.08249244467586225,24.31040182923134,0,3600.0,4246.732688868675
044701d81fe1c7e816d83581e907424106a40657,low_energy,deadline_s,1.25,synthetic_v1,781d0e388741aa6fbb946d6cc78bc0e88df2ed45e0c690bc6a0098a567f08c5c,contact_knapsack,100,100100,c3d7f2c1567b14d2de60e87568da4ea26cf6d4bc5ade26944eb704a56346b4fc,888a8d109729f58812a6f88f4112fda4c7c21f3e695c3bf1be3bef2f476ba73b,196,196,0,1,0,195,0,0,196,0.00510204081632653,0.0,0.9948979591836735,421.7977861996253,421.7977861996253,421.7977861996253,35341.61520177111,2.244276676521303,6.350237994806852e-05,1.1111405006131878,3.1440003357783836e-05,35399.99999999999,33600.0,35399.99999999999,6.339764622941536e-05,0.0,0.0,0.44885533530426064,0.44885533530426064,389.9999999999995,0.0011509111161647724,0.5367184424027922,0.2860398234546911,350.3233613896749,0.8344080949859176,0.08249244467586225,24.31040182923134,0,3600.0,4246.732688868675
044701d81fe1c7e816d83581e907424106a40657,low_energy,deadline_s,1.25,synthetic_v1,781d0e388741aa6fbb946d6cc78bc0e88df2ed45e0c690bc6a0098a567f08c5c,predictive,100,100100,c3d7f2c1567b14d2de60e87568da4ea26cf6d4bc5ade26944eb704a56346b4fc,888a8d109729f58812a6f88f4112fda4c7c21f3e695c3bf1be3bef2f476ba73b,196,196,0,16,0,180,0,0,196,0.08163265306122448,0.0,0.9183673469387755,268.0525597967303,301.57908178635034,560.0126485579433,35341.61520177111,46.73342042681938,0.001322334029161106,31.06044740190197,0.0008788632671306266,35399.99999999999,33600.0,2212.4999999999995,0.0013201531194016777,0.0,0.0,9.346684085363876,9.346684085363876,389.9999999999995,0.023965856629138173,0.5351789767213169,0.3032371799419089,206.8917328169999,16.191196017528114,0.04871786099447565,20,0,3600.0,4246.732688868675
044701d81fe1c7e816d83581e907424106a40657,low_energy,storage_mb,0.75,synthetic_v1,781d0e388741aa6fbb946d6cc78bc0e88df2ed45e0c690bc6a0098a567f08c5c,random,100,100100,2d0da6993b8bcfeedd4848c01edce3760643903ec35ab7108538979b4d9ab1e5,8f8016fe5ea3422ea5fc1c886794b38217b6c00ed045bbbdc9320bc69ff54e87,196,196,0,5,0,191,0,0,196,0.025510204081632654,0.0,0.9744897959183674,248.0621901716375,157.90144687329786,553.160722013718,35341.61520177111,13.914714172756645,0.00039372038016132675,9.679701523053867,0.0002738896190168688,35400.0,33600.0,7080.0,0.00039307102182928376,0.0,0.0,4.694965791690806,4.694965791690806,389.9999999999995,0.012038373824848236,0.575303788303853,0.3247421896048322,271.3452823157889,7.9092900665304455,0.06590516067493404,21.812279428685066,0,3600.0,4117.208417928805
044701d81fe1c7e816d83581e907424106a40657,low_energy,storage_mb,0.75,synthetic_v1,781d0e388741aa6fbb946d6cc78bc0e88df2ed45e0c690bc6a0098a567f08c5c,rule,100,100100,2d0da6993b8bcfeedd4848c01edce3760643903ec35ab7108538979b4d9ab1e5,8f8016fe5ea3422ea5fc1c886794b38217b6c00ed045bbbdc9320bc69ff54e87,196,196,0,1,0,195,0,0,196,0.00510204081632653,0.0,0.9948979591836735,328.74411919665636,328.74411919665636,328.74411919665636,35341.61520177111,2.5270051132608673,7.150225304739975e-05,1.4610100133758661,4.13396502970993e-05,35400.0,33600.0,35400.0,7.138432523335783e-05,0.0,0.0,0.5054010226521735,0.5054010226521735,389.9999999999995,0.0012959000580824978,0.5753037883038531,0.31617865787596255,330.61165805275584,0.9244074636032451,0.08029995678942888,24.11040182923134,0,3600.0,4117.208417928805
044701d81fe1c7e816d83581e907424106a40657,low_energy,storage_mb,0.75,synthetic_v1,781d0e388741aa6fbb946d6cc78bc0e88df2ed45e0c690bc6a0098a567f08c5c,greedy,100,100100,2d0da6993b8bcfeedd4848c01edce3760643903ec35ab7108538979b4d9ab1e5,8f8016fe5ea3422ea5fc1c886794b38217b6c00ed045bbbdc9320bc69ff54e87,196,196,0,1,0,195,0,0,196,0.00510204081632653,0.0,0.9948979591836735,75.87113511675733,75.87113511675733,75.87113511675733,35341.61520177111,3.781274354814217,0.00010699212057022008,3.3321215121022605,9.428322653276116e-05,35400.0,33600.0,35400.0,0.0001068156597405146,0.0,0.0,0.7562548709628434,0.7562548709628434,389.9999999999995,0.001939115053750883,0.5753037883038531,0.316164521177561,330.61165805275584,1.3236720056411286,0.08029995678942888,24.11040182923134,0,3600.0,4117.208417928805
044701d81fe1c7e816d83581e907424106a40657,low_energy,storage_mb,0.75,synthetic_v1,781d0e388741aa6fbb946d6cc78bc0e88df2ed45e0c690bc6a0098a567f08c5c,edf,100,100100,2d0da6993b8bcfeedd4848c01edce3760643903ec35ab7108538979b4d9ab1e5,8f8016fe5ea3422ea5fc1c886794b38217b6c00ed045bbbdc9320bc69ff54e87,196,196,0,1,0,195,0,0,196,0.00510204081632653,0.0,0.9948979591836735,328.74411919665636,328.74411919665636,328.74411919665636,35341.61520177111,2.5270051132608673,7.150225304739975e-05,1.4610100133758661,4.13396502970993e-05,35400.00000000001,33600.0,35400.00000000001,7.138432523335782e-05,0.0,0.0,0.5054010226521735,0.5054010226521735,389.9999999999995,0.0012959000580824978,0.5753037883038531,0.3161765527054709,330.61165805275584,0.9244074636032451,0.08029995678942888,24.11040182923134,0,3600.0,4117.208417928805
044701d81fe1c7e816d83581e907424106a40657,low_energy,storage_mb,0.75,synthetic_v1,781d0e388741aa6fbb946d6cc78bc0e88df2ed45e0c690bc6a0098a567f08c5c,contact_knapsack,100,100100,2d0da6993b8bcfeedd4848c01edce3760643903ec35ab7108538979b4d9ab1e5,8f8016fe5ea3422ea5fc1c886794b38217b6c00ed045bbbdc9320bc69ff54e87,196,196,0,1,0,195,0,0,196,0.00510204081632653,0.0,0.9948979591836735,328.74411919665636,328.74411919665636,328.74411919665636,35341.61520177111,2.5270051132608673,7.150225304739975e-05,1.4610100133758661,4.13396502970993e-05,35400.00000000001,33600.0,35400.00000000001,7.138432523335782e-05,0.0,0.0,0.5054010226521735,0.5054010226521735,389.9999999999995,0.0012959000580824978,0.5753037883038531,0.3161765527054709,330.61165805275584,0.9244074636032451,0.08029995678942888,24.11040182923134,0,3600.0,4117.208417928805
044701d81fe1c7e816d83581e907424106a40657,low_energy,storage_mb,0.75,synthetic_v1,781d0e388741aa6fbb946d6cc78bc0e88df2ed45e0c690bc6a0098a567f08c5c,predictive,100,100100,2d0da6993b8bcfeedd4848c01edce3760643903ec35ab7108538979b4d9ab1e5,8f8016fe5ea3422ea5fc1c886794b38217b6c00ed045bbbdc9320bc69ff54e87,196,196,0,11,0,185,0,0,196,0.05612244897959184,0.0,0.9438775510204082,210.5779644387637,166.11493770551158,554.0824993368906,35341.61520177111,32.87314634873901,0.0009301540453389241,23.7969441566536,0.0006733405935408702,35400.0,33600.0,3218.181818181818,0.0009286199533542094,0.0,0.0,6.5746292697478035,6.5746292697478035,389.9999999999995,0.016858023768584134,0.5744032310767491,0.3340096167754213,213.38464343302272,11.44353227582127,0.05182750586630919,20.31692801879464,0,3600.0,4117.208417928805
044701d81fe1c7e816d83581e907424106a40657,low_energy,storage_mb,1.0,synthetic_v1,781d0e388741aa6fbb946d6cc78bc0e88df2ed45e0c690bc6a0098a567f08c5c,random,100,100100,a4b386e43c92a868be28255bc39f3b880ce2287654ce79e3038e5064312df3ce,8f8016fe5ea3422ea5fc1c886794b38217b6c00ed045bbbdc9320bc69ff54e87,196,196,0,5,0,191,0,0,196,0.025510204081632654,0.0,0.9744897959183674,248.0621901716375,157.90144687329786,553.160722013718,35341.61520177111,13.914714172756645,0.00039372038016132675,9.679701523053867,0.0002738896190168688,35400.0,33600.0,7080.0,0.00039307102182928376,0.0,0.0,4.694965791690806,4.694965791690806,389.9999999999995,0.012038373824848236,0.43147784122788974,0.24355664220362416,271.3452823157889,7.9092900665304455,0.06590516067493404,21.812279428685066,0,3600.0,4117.208417928805
044701d81fe1c7e816d83581e907424106a40657,low_energy,storage_mb,1.0,synthetic_v1,781d0e388741aa6fbb946d6cc78bc0e88df2ed45e0c690bc6a0098a567f08c5c,rule,100,100100,a4b386e43c92a868be28255bc39f3b880ce2287654ce79e3038e5064312df3ce,8f8016fe5ea3422ea5fc1c886794b38217b6c00ed045bbbdc9320bc69ff54e87,196,196,0,1,0,195,0,0,196,0.00510204081632653,0.0,0.9948979591836735,328.74411919665636,328.74411919665636,328.74411919665636,35341.61520177111,2.5270051132608673,7.150225304739975e-05,1.4610100133758661,4.13396502970993e-05,35400.0,33600.0,35400.0,7.138432523335783e-05,0.0,0.0,0.5054010226521735,0.5054010226521735,389.9999999999995,0.0012959000580824978,0.43147784122788985,0.2371339934069719,330.61165805275584,0.9244074636032451,0.08029995678942888,24.11040182923134,0,3600.0,4117.208417928805
044701d81fe1c7e816d83581e907424106a40657,low_energy,storage_mb,1.0,synthetic_v1,781d0e388741aa6fbb946d6cc78bc0e88df2ed45e0c690bc6a0098a567f08c5c,greedy,100,100100,a4b386e43c92a868be28255bc39f3b880ce2287654ce79e3038e5064312df3ce,8f8016fe5ea3422ea5fc1c886794b38217b6c00ed045bbbdc9320bc69ff54e87,196,196,0,1,0,195,0,0,196,0.00510204081632653,0.0,0.9948979591836735,75.87113511675733,75.87113511675733,75.87113511675733,35341.61520177111,3.781274354814217,0.00010699212057022008,3.3321215121022605,9.428322653276116e-05,35400.0,33600.0,35400.0,0.0001068156597405146,0.0,0.0,0.7562548709628434,0.7562548709628434,389.9999999999995,0.001939115053750883,0.43147784122788985,0.23712339088317072,330.61165805275584,1.3236720056411286,0.08029995678942888,24.11040182923134,0,3600.0,4117.208417928805
044701d81fe1c7e816d83581e907424106a40657,low_energy,storage_mb,1.0,synthetic_v1,781d0e388741aa6fbb946d6cc78bc0e88df2ed45e0c690bc6a0098a567f08c5c,edf,100,100100,a4b386e43c92a868be28255bc39f3b880ce2287654ce79e3038e5064312df3ce,8f8016fe5ea3422ea5fc1c886794b38217b6c00ed045bbbdc9320bc69ff54e87,196,196,0,1,0,195,0,0,196,0.00510204081632653,0.0,0.9948979591836735,328.74411919665636,328.74411919665636,328.74411919665636,35341.61520177111,2.5270051132608673,7.150225304739975e-05,1.4610100133758661,4.13396502970993e-05,35400.00000000001,33600.0,35400.00000000001,7.138432523335782e-05,0.0,0.0,0.5054010226521735,0.5054010226521735,389.9999999999995,0.0012959000580824978,0.43147784122788985,0.23713241452910316,330.61165805275584,0.9244074636032451,0.08029995678942888,24.11040182923134,0,3600.0,4117.208417928805
044701d81fe1c7e816d83581e907424106a40657,low_energy,storage_mb,1.0,synthetic_v1,781d0e388741aa6fbb946d6cc78bc0e88df2ed45e0c690bc6a0098a567f08c5c,contact_knapsack,100,100100,a4b386e43c92a868be28255bc39f3b880ce2287654ce79e3038e5064312df3ce,8f8016fe5ea3422ea5fc1c886794b38217b6c00ed045bbbdc9320bc69ff54e87,196,196,0,1,0,195,0,0,196,0.00510204081632653,0.0,0.9948979591836735,328.74411919665636,328.74411919665636,328.74411919665636,35341.61520177111,2.5270051132608673,7.150225304739975e-05,1.4610100133758661,4.13396502970993e-05,35400.00000000001,33600.0,35400.00000000001,7.138432523335782e-05,0.0,0.0,0.5054010226521735,0.5054010226521735,389.9999999999995,0.0012959000580824978,0.43147784122788985,0.23713241452910316,330.61165805275584,0.9244074636032451,0.08029995678942888,24.11040182923134,0,3600.0,4117.208417928805
044701d81fe1c7e816d83581e907424106a40657,low_energy,storage_mb,1.0,synthetic_v1,781d0e388741aa6fbb946d6cc78bc0e88df2ed45e0c690bc6a0098a567f08c5c,predictive,100,100100,a4b386e43c92a868be28255bc39f3b880ce2287654ce79e3038e5064312df3ce,8f8016fe5ea3422ea5fc1c886794b38217b6c00ed045bbbdc9320bc69ff54e87,196,196,0,11,0,185,0,0,196,0.05612244897959184,0.0,0.9438775510204082,210.5779644387637,166.11493770551158,554.0824993368906,35341.61520177111,32.87314634873901,0.0009301540453389241,23.7969441566536,0.0006733405935408702,35400.0,33600.0,3218.181818181818,0.0009286199533542094,0.0,0.0,6.5746292697478035,6.5746292697478035,389.9999999999995,0.016858023768584134,0.4308024233075618,0.25050721258156594,213.38464343302272,11.44353227582127,0.05182750586630919,20.31692801879464,0,3600.0,4117.208417928805
044701d81fe1c7e816d83581e907424106a40657,low_energy,storage_mb,1.25,synthetic_v1,781d0e388741aa6fbb946d6cc78bc0e88df2ed45e0c690bc6a0098a567f08c5c,random,100,100100,bcdbb6a970406c734b71deaee9cceedf67a3abcb46de2f42c852604c1bad9898,8f8016fe5ea3422ea5fc1c886794b38217b6c00ed045bbbdc9320bc69ff54e87,196,196,0,5,0,191,0,0,196,0.025510204081632654,0.0,0.9744897959183674,248.0621901716375,157.90144687329786,553.160722013718,35341.61520177111,13.914714172756645,0.00039372038016132675,9.679701523053867,0.0002738896190168688,35400.0,33600.0,7080.0,0.00039307102182928376,0.0,0.0,4.694965791690806,4.694965791690806,389.9999999999995,0.012038373824848236,0.34518227298231174,0.19484531376289932,271.3452823157889,7.9092900665304455,0.06590516067493404,21.812279428685066,0,3600.0,4117.208417928805
044701d81fe1c7e816d83581e907424106a40657,low_energy,storage_mb,1.25,synthetic_v1,781d0e388741aa6fbb946d6cc78bc0e88df2ed45e0c690bc6a0098a567f08c5c,rule,100,100100,bcdbb6a970406c734b71deaee9cceedf67a3abcb46de2f42c852604c1bad9898,8f8016fe5ea3422ea5fc1c886794b38217b6c00ed045bbbdc9320bc69ff54e87,196,196,0,1,0,195,0,0,196,0.00510204081632653,0.0,0.9948979591836735,328.74411919665636,328.74411919665636,328.74411919665636,35341.61520177111,2.5270051132608673,7.150225304739975e-05,1.4610100133758661,4.13396502970993e-05,35400.0,33600.0,35400.0,7.138432523335783e-05,0.0,0.0,0.5054010226521735,0.5054010226521735,389.9999999999995,0.0012959000580824978,0.34518227298231186,0.1897071947255775,330.61165805275584,0.9244074636032451,0.08029995678942888,24.11040182923134,0,3600.0,4117.208417928805
044701d81fe1c7e816d83581e907424106a40657,low_energy,storage_mb,1.25,synthetic_v1,781d0e388741aa6fbb946d6cc78bc0e88df2ed45e0c690bc6a0098a567f08c5c,greedy,100,100100,bcdbb6a970406c734b71deaee9cceedf67a3abcb46de2f42c852604c1bad9898,8f8016fe5ea3422ea5fc1c886794b38217b6c00ed045bbbdc9320bc69ff54e87,196,196,0,1,0,195,0,0,196,0.00510204081632653,0.0,0.9948979591836735,75.87113511675733,75.87113511675733,75.87113511675733,35341.61520177111,3.781274354814217,0.00010699212057022008,3.3321215121022605,9.428322653276116e-05,35400.0,33600.0,35400.0,0.0001068156597405146,0.0,0.0,0.7562548709628434,0.7562548709628434,389.9999999999995,0.001939115053750883,0.34518227298231186,0.18969871270653657,330.61165805275584,1.3236720056411286,0.08029995678942888,24.11040182923134,0,3600.0,4117.208417928805
044701d81fe1c7e816d83581e907424106a40657,low_energy,storage_mb,1.25,synthetic_v1,781d0e388741aa6fbb946d6cc78bc0e88df2ed45e0c690bc6a0098a567f08c5c,edf,100,100100,bcdbb6a970406c734b71deaee9cceedf67a3abcb46de2f42c852604c1bad9898,8f8016fe5ea3422ea5fc1c886794b38217b6c00ed045bbbdc9320bc69ff54e87,196,196,0,1,0,195,0,0,196,0.00510204081632653,0.0,0.9948979591836735,328.74411919665636,328.74411919665636,328.74411919665636,35341.61520177111,2.5270051132608673,7.150225304739975e-05,1.4610100133758661,4.13396502970993e-05,35400.00000000001,33600.0,35400.00000000001,7.138432523335782e-05,0.0,0.0,0.5054010226521735,0.5054010226521735,389.9999999999995,0.0012959000580824978,0.34518227298231186,0.18970593162328253,330.61165805275584,0.9244074636032451,0.08029995678942888,24.11040182923134,0,3600.0,4117.208417928805
044701d81fe1c7e816d83581e907424106a40657,low_energy,storage_mb,1.25,synthetic_v1,781d0e388741aa6fbb946d6cc78bc0e88df2ed45e0c690bc6a0098a567f08c5c,contact_knapsack,100,100100,bcdbb6a970406c734b71deaee9cceedf67a3abcb46de2f42c852604c1bad9898,8f8016fe5ea3422ea5fc1c886794b38217b6c00ed045bbbdc9320bc69ff54e87,196,196,0,1,0,195,0,0,196,0.00510204081632653,0.0,0.9948979591836735,328.74411919665636,328.74411919665636,328.74411919665636,35341.61520177111,2.5270051132608673,7.150225304739975e-05,1.4610100133758661,4.13396502970993e-05,35400.00000000001,33600.0,35400.00000000001,7.138432523335782e-05,0.0,0.0,0.5054010226521735,0.5054010226521735,389.9999999999995,0.0012959000580824978,0.34518227298231186,0.18970593162328253,330.61165805275584,0.9244074636032451,0.08029995678942888,24.11040182923134,0,3600.0,4117.208417928805
044701d81fe1c7e816d83581e907424106a40657,low_energy,storage_mb,1.25,synthetic_v1,781d0e388741aa6fbb946d6cc78bc0e88df2ed45e0c690bc6a0098a567f08c5c,predictive,100,100100,bcdbb6a970406c734b71deaee9cceedf67a3abcb46de2f42c852604c1bad9898,8f8016fe5ea3422ea5fc1c886794b38217b6c00ed045bbbdc9320bc69ff54e87,196,196,0,11,0,185,0,0,196,0.05612244897959184,0.0,0.9438775510204082,210.5779644387637,166.11493770551158,554.0824993368906,35341.61520177111,32.87314634873901,0.0009301540453389241,23.7969441566536,0.0006733405935408702,35400.0,33600.0,3218.181818181818,0.0009286199533542094,0.0,0.0,6.5746292697478035,6.5746292697478035,389.9999999999995,0.016858023768584134,0.3446419386460495,0.20040577006525276,213.38464343302272,11.44353227582127,0.05182750586630919,20.31692801879464,0,3600.0,4117.208417928805
044701d81fe1c7e816d83581e907424106a40657,poor_link,available_energy_j,0.75,synthetic_v1,781d0e388741aa6fbb946d6cc78bc0e88df2ed45e0c690bc6a0098a567f08c5c,random,100,100100,50c97f813ee1df458b064bab6d8febd9ba9381ad9af0b7e55012a19d470bdcb9,cdc3606da3aa55ed23f3330e1695ae702d6b5928a7913df19f352beec722657e,196,196,0,11,0,185,0,0,196,0.05612244897959184,0.02631578947368421,0.9438775510204082,201.57337821141425,157.67057510589336,444.3279768160405,35341.61520177111,83.34593857739793,0.0023582945516655712,44.76786345855477,0.001266718094319336,64968.51767846657,144000.00000000003,5906.228879860597,0.001282866556843461,0.0,6320.238787544255,11.738934370626959,11.738934370626959,29.999999999999822,0.3912978123542343,0.6409013114510081,0.3433885872775535,28.0,112.85513792903555,0.0065217592820248855,20,0,3600.0,4293.3200673586525
044701d81fe1c7e816d83581e907424106a40657,poor_link,available_energy_j,0.75,synthetic_v1,781d0e388741aa6fbb946d6cc78bc0e88df2ed45e0c690bc6a0098a567f08c5c,rule,100,100100,50c97f813ee1df458b064bab6d8febd9ba9381ad9af0b7e55012a19d470bdcb9,cdc3606da3aa55ed23f3330e1695ae702d6b5928a7913df19f352beec722657e,196,196,0,15,0,181,0,0,196,0.07653061224489796,0.02631578947368421,0.923469387755102,240.05817273395814,218.04126507935825,456.4848136616379,35341.61520177111,94.30173202946509,0.002668291516702928,61.56315522953063,0.0017419451510084197,64968.51767846658,144000.00000000003,4331.234511897772,0.00145149890130125,0.0,6320.238787544255,10.981427869288838,10.981427869288838,29.999999999999822,0.36604759564296346,0.640901311451008,0.3433051263101692,28.0,128.3816451488052,0.0065217592820248855,20,0,3600.0,4293.3200673586525
044701d81fe1c7e816d83581e907424106a40657,poor_link,available_energy_j,0.75,synthetic_v1,781d0e388741aa6fbb946d6cc78bc0e88df2ed45e0c690bc6a0098a567f08c5c,greedy,100,100100,50c97f813ee1df458b064bab6d8febd9ba9381ad9af0b7e55012a19d470bdcb9,cdc3606da3aa55ed23f3330e1695ae702d6b5928a7913df19f352beec722657e,196,196,0,15,0,181,0,0,196,0.07653061224489796,0.02631578947368421,0.923469387755102,209.75331671677324,212.29998652313316,482.7000259553188,35341.61520177111,94.12865820800477,0.002663394348860649,61.97792561233073,0.0017536811845890047,64968.51767846658,144000.00000000003,4331.234511897772,0.0014488349368513163,0.0,6320.238787544255,9.042366378194178,9.042366378194178,29.999999999999822,0.3014122126064744,0.640901311451008,0.3432360601827949,32.0,109.22372687110237,0.007453439179457013,20,0,3600.0,4293.3200673586525
044701d81fe1c7e816d83581e907424106a40657,poor_link,available_energy_j,0.75,synthetic_v1,781d0e388741aa6fbb946d6cc78bc0e88df2ed45e0c690bc6a0098a567f08c5c,edf,100,100100,50c97f813ee1df458b064bab6d8febd9ba9381ad9af0b7e55012a19d470bdcb9,cdc3606da3aa55ed23f3330e1695ae702d6b5928a7913df19f352beec722657e,196,196,0,16,0,180,0,0,196,0.08163265306122448,0.02631578947368421,0.9183673469387755,224.56622314632932,218.04126507935825,456.4848136616379,35341.61520177111,96.60512041930889,0.002733466477629116,57.23331391042226,0.0016194311885200446,64968.51767846658,144000.00000000003,4060.5323549041614,0.001486952817631055,0.0,6320.238787544255,11.442105547257599,11.442105547257599,29.999999999999822,0.3814035182419222,0.640901311451008,0.3432426300038061,30.0,131.4601784994502,0.006987599230740949,20,0,3600.0,4293.3200673586525
044701d81fe1c7e816d83581e907424106a40657,poor_link,available_energy_j,0.75,synthetic_v1,781d0e388741aa6fbb946d6cc78bc0e88df2ed45e0c690bc6a0098a567f08c5c,contact_knapsack,100,100100,50c97f813ee1df458b064bab6d8febd9ba9381ad9af0b7e55012a19d470bdcb9,cdc3606da3aa55ed23f3330e1695ae702d6b5928a7913df19f352beec722657e,196,196,0,16,0,180,0,0,196,0.08163265306122448,0.02631578947368421,0.9183673469387755,224.56622314632932,218.04126507935825,456.4848136616379,35341.61520177111,96.60512041930889,0.002733466477629116,57.23331391042226,0.0016194311885200446,64968.51767846658,144000.00000000003,4060.5323549041614,0.001486952817631055,0.0,6320.238787544255,11.442105547257599,11.442105547257599,29.999999999999822,0.3814035182419222,0.640901311451008,0.3432426300038061,30.0,131.4601784994502,0.006987599230740949,20,0,3600.0,4293.3200673586525
044701d81fe1c7e816d83581e907424106a40657,poor_link,available_energy_j,0.75,synthetic_v1,781d0e388741aa6fbb946d6cc78bc0e88df2ed45e0c690bc6a0098a567f08c5c,predictive,100,100100,50c97f813ee1df458b064bab6d8febd9ba9381ad9af0b7e55012a19d470bdcb9,cdc3606da3aa55ed23f3330e1695ae702d6b5928a7913df19f352beec722657e,196,196,0,14,0,182,0,0,196,0.07142857142857142,0.02631578947368421,0.9285714285714286,194.66260535027536,201.57526388600672,480.02531444037095,35341.61520177111,91.65582258127544,0.002593424835226043,64.95592498830949,0.0018379444351217511,64878.51767846658,144000.00000000003,4634.179834176184,0.001412729912164691,0.0,6320.238787544255,8.547799252848316,8.547799252848316,29.999999999999822,0.2849266417616122,0.6409013114510081,0.3436581350066283,28.0,104.59680585727244,0.0065217592820248855,20,0,3600.0,4293.3200673586525
044701d81fe1c7e816d83581e907424106a40657,poor_link,available_energy_j,1.0,synthetic_v1,781d0e388741aa6fbb946d6cc78bc0e88df2ed45e0c690bc6a0098a567f08c5c,random,100,100100,2c16885605ec4888c3a81a4e4f9045cfa43009405a045be6b330bd5c79238f96,cdc3606da3aa55ed23f3330e1695ae702d6b5928a7913df19f352beec722657e,196,196,0,11,0,185,0,0,196,0.05612244897959184,0.02631578947368421,0.9438775510204082,201.57337821141425,157.67057510589336,444.3279768160405,35341.61520177111,83.34593857739793,0.0023582945516655712,44.76786345855477,0.001266718094319336,64968.51767846657,144000.00000000003,5906.228879860597,0.001282866556843461,0.0,6320.238787544255,11.738934370626959,11.738934370626959,29.999999999999822,0.3912978123542343,0.6409013114510081,0.3433885872775535,28.0,112.85513792903555,0.0065217592820248855,20,0,3600.0,4293.3200673586525
044701d81fe1c7e816d83581e907424106a40657,poor_link,available_energy_j,1.0,synthetic_v1,781d0e388741aa6fbb946d6cc78bc0e88df2ed45e0c690bc6a0098a567f08c5c,rule,100,100100,2c16885605ec4888c3a81a4e4f9045cfa43009405a045be6b330bd5c79238f96,cdc3606da3aa55ed23f3330e1695ae702d6b5928a7913df19f352beec722657e,196,196,0,15,0,181,0,0,196,0.07653061224489796,0.02631578947368421,0.923469387755102,240.05817273395814,218.04126507935825,456.4848136616379,35341.61520177111,94.30173202946509,0.002668291516702928,61.56315522953063,0.0017419451510084197,64968.51767846658,144000.00000000003,4331.234511897772,0.00145149890130125,0.0,6320.238787544255,10.981427869288838,10.981427869288838,29.999999999999822,0.36604759564296346,0.640901311451008,0.3433051263101692,28.0,128.3816451488052,0.0065217592820248855,20,0,3600.0,4293.3200673586525
044701d81fe1c7e816d83581e907424106a40657,poor_link,available_energy_j,1.0,synthetic_v1,781d0e388741aa6fbb946d6cc78bc0e88df2ed45e0c690bc6a0098a567f08c5c,greedy,100,100100,2c16885605ec4888c3a81a4e4f9045cfa43009405a045be6b330bd5c79238f96,cdc3606da3aa55ed23f3330e1695ae702d6b5928a7913df19f352beec722657e,196,196,0,15,0,181,0,0,196,0.07653061224489796,0.02631578947368421,0.923469387755102,209.75331671677324,212.29998652313316,482.7000259553188,35341.61520177111,94.12865820800477,0.002663394348860649,61.97792561233073,0.0017536811845890047,64968.51767846658,144000.00000000003,4331.234511897772,0.0014488349368513163,0.0,6320.238787544255,9.042366378194178,9.042366378194178,29.999999999999822,0.3014122126064744,0.640901311451008,0.3432360601827949,32.0,109.22372687110237,0.007453439179457013,20,0,3600.0,4293.3200673586525
044701d81fe1c7e816d83581e907424106a40657,poor_link,available_energy_j,1.0,synthetic_v1,781d0e388741aa6fbb946d6cc78bc0e88df2ed45e0c690bc6a0098a567f08c5c,edf,100,100100,2c16885605ec4888c3a81a4e4f9045cfa43009405a045be6b330bd5c79238f96,cdc3606da3aa55ed23f3330e1695ae702d6b5928a7913df19f352beec722657e,196,196,0,16,0,180,0,0,196,0.08163265306122448,0.02631578947368421,0.9183673469387755,224.56622314632932,218.04126507935825,456.4848136616379,35341.61520177111,96.60512041930889,0.002733466477629116,57.23331391042226,0.0016194311885200446,64968.51767846658,144000.00000000003,4060.5323549041614,0.001486952817631055,0.0,6320.238787544255,11.442105547257599,11.442105547257599,29.999999999999822,0.3814035182419222,0.640901311451008,0.3432426300038061,30.0,131.4601784994502,0.006987599230740949,20,0,3600.0,4293.3200673586525
044701d81fe1c7e816d83581e907424106a40657,poor_link,available_energy_j,1.0,synthetic_v1,781d0e388741aa6fbb946d6cc78bc0e88df2ed45e0c690bc6a0098a567f08c5c,contact_knapsack,100,100100,2c16885605ec4888c3a81a4e4f9045cfa43009405a045be6b330bd5c79238f96,cdc3606da3aa55ed23f3330e1695ae702d6b5928a7913df19f352beec722657e,196,196,0,16,0,180,0,0,196,0.08163265306122448,0.02631578947368421,0.9183673469387755,224.56622314632932,218.04126507935825,456.4848136616379,35341.61520177111,96.60512041930889,0.002733466477629116,57.23331391042226,0.0016194311885200446,64968.51767846658,144000.00000000003,4060.5323549041614,0.001486952817631055,0.0,6320.238787544255,11.442105547257599,11.442105547257599,29.999999999999822,0.3814035182419222,0.640901311451008,0.3432426300038061,30.0,131.4601784994502,0.006987599230740949,20,0,3600.0,4293.3200673586525
044701d81fe1c7e816d83581e907424106a40657,poor_link,available_energy_j,1.0,synthetic_v1,781d0e388741aa6fbb946d6cc78bc0e88df2ed45e0c690bc6a0098a567f08c5c,predictive,100,100100,2c16885605ec4888c3a81a4e4f9045cfa43009405a045be6b330bd5c79238f96,cdc3606da3aa55ed23f3330e1695ae702d6b5928a7913df19f352beec722657e,196,196,0,14,0,182,0,0,196,0.07142857142857142,0.02631578947368421,0.9285714285714286,194.66260535027536,201.57526388600672,480.02531444037095,35341.61520177111,91.65582258127544,0.002593424835226043,64.95592498830949,0.0018379444351217511,64878.51767846658,144000.00000000003,4634.179834176184,0.001412729912164691,0.0,6320.238787544255,8.547799252848316,8.547799252848316,29.999999999999822,0.2849266417616122,0.6409013114510081,0.3436581350066283,28.0,104.59680585727244,0.0065217592820248855,20,0,3600.0,4293.3200673586525
044701d81fe1c7e816d83581e907424106a40657,poor_link,available_energy_j,1.25,synthetic_v1,781d0e388741aa6fbb946d6cc78bc0e88df2ed45e0c690bc6a0098a567f08c5c,random,100,100100,9939c745d229417df9d25911ce19358c9496099234942ff7956ed36ee5054350,cdc3606da3aa55ed23f3330e1695ae702d6b5928a7913df19f352beec722657e,196,196,0,11,0,185,0,0,196,0.05612244897959184,0.02631578947368421,0.9438775510204082,201.57337821141425,157.67057510589336,444.3279768160405,35341.61520177111,83.34593857739793,0.0023582945516655712,44.76786345855477,0.001266718094319336,64968.51767846657,144000.00000000003,5906.228879860597,0.001282866556843461,0.0,6320.238787544255,11.738934370626959,11.738934370626959,29.999999999999822,0.3912978123542343,0.6409013114510081,0.3433885872775535,28.0,112.85513792903555,0.0065217592820248855,20,0,3600.0,4293.3200673586525
044701d81fe1c7e816d83581e907424106a40657,poor_link,available_energy_j,1.25,synthetic_v1,781d0e388741aa6fbb946d6cc78bc0e88df2ed45e0c690bc6a0098a567f08c5c,rule,100,100100,9939c745d229417df9d25911ce19358c9496099234942ff7956ed36ee5054350,cdc3606da3aa55ed23f3330e1695ae702d6b5928a7913df19f352beec722657e,196,196,0,15,0,181,0,0,196,0.07653061224489796,0.02631578947368421,0.923469387755102,240.05817273395814,218.04126507935825,456.4848136616379,35341.61520177111,94.30173202946509,0.002668291516702928,61.56315522953063,0.0017419451510084197,64968.51767846658,144000.00000000003,4331.234511897772,0.00145149890130125,0.0,6320.238787544255,10.981427869288838,10.981427869288838,29.999999999999822,0.36604759564296346,0.640901311451008,0.3433051263101692,28.0,128.3816451488052,0.0065217592820248855,20,0,3600.0,4293.3200673586525
044701d81fe1c7e816d83581e907424106a40657,poor_link,available_energy_j,1.25,synthetic_v1,781d0e388741aa6fbb946d6cc78bc0e88df2ed45e0c690bc6a0098a567f08c5c,greedy,100,100100,9939c745d229417df9d25911ce19358c9496099234942ff7956ed36ee5054350,cdc3606da3aa55ed23f3330e1695ae702d6b5928a7913df19f352beec722657e,196,196,0,15,0,181,0,0,196,0.07653061224489796,0.02631578947368421,0.923469387755102,209.75331671677324,212.29998652313316,482.7000259553188,35341.61520177111,94.12865820800477,0.002663394348860649,61.97792561233073,0.0017536811845890047,64968.51767846658,144000.00000000003,4331.234511897772,0.0014488349368513163,0.0,6320.238787544255,9.042366378194178,9.042366378194178,29.999999999999822,0.3014122126064744,0.640901311451008,0.3432360601827949,32.0,109.22372687110237,0.007453439179457013,20,0,3600.0,4293.3200673586525
044701d81fe1c7e816d83581e907424106a40657,poor_link,available_energy_j,1.25,synthetic_v1,781d0e388741aa6fbb946d6cc78bc0e88df2ed45e0c690bc6a0098a567f08c5c,edf,100,100100,9939c745d229417df9d25911ce19358c9496099234942ff7956ed36ee5054350,cdc3606da3aa55ed23f3330e1695ae702d6b5928a7913df19f352beec722657e,196,196,0,16,0,180,0,0,196,0.08163265306122448,0.02631578947368421,0.9183673469387755,224.56622314632932,218.04126507935825,456.4848136616379,35341.61520177111,96.60512041930889,0.002733466477629116,57.23331391042226,0.0016194311885200446,64968.51767846658,144000.00000000003,4060.5323549041614,0.001486952817631055,0.0,6320.238787544255,11.442105547257599,11.442105547257599,29.999999999999822,0.3814035182419222,0.640901311451008,0.3432426300038061,30.0,131.4601784994502,0.006987599230740949,20,0,3600.0,4293.3200673586525
044701d81fe1c7e816d83581e907424106a40657,poor_link,available_energy_j,1.25,synthetic_v1,781d0e388741aa6fbb946d6cc78bc0e88df2ed45e0c690bc6a0098a567f08c5c,contact_knapsack,100,100100,9939c745d229417df9d25911ce19358c9496099234942ff7956ed36ee5054350,cdc3606da3aa55ed23f3330e1695ae702d6b5928a7913df19f352beec722657e,196,196,0,16,0,180,0,0,196,0.08163265306122448,0.02631578947368421,0.9183673469387755,224.56622314632932,218.04126507935825,456.4848136616379,35341.61520177111,96.60512041930889,0.002733466477629116,57.23331391042226,0.0016194311885200446,64968.51767846658,144000.00000000003,4060.5323549041614,0.001486952817631055,0.0,6320.238787544255,11.442105547257599,11.442105547257599,29.999999999999822,0.3814035182419222,0.640901311451008,0.3432426300038061,30.0,131.4601784994502,0.006987599230740949,20,0,3600.0,4293.3200673586525
044701d81fe1c7e816d83581e907424106a40657,poor_link,available_energy_j,1.25,synthetic_v1,781d0e388741aa6fbb946d6cc78bc0e88df2ed45e0c690bc6a0098a567f08c5c,predictive,100,100100,9939c745d229417df9d25911ce19358c9496099234942ff7956ed36ee5054350,cdc3606da3aa55ed23f3330e1695ae702d6b5928a7913df19f352beec722657e,196,196,0,14,0,182,0,0,196,0.07142857142857142,0.02631578947368421,0.9285714285714286,194.66260535027536,201.57526388600672,480.02531444037095,35341.61520177111,91.65582258127544,0.002593424835226043,64.95592498830949,0.0018379444351217511,64878.51767846658,144000.00000000003,4634.179834176184,0.001412729912164691,0.0,6320.238787544255,8.547799252848316,8.547799252848316,29.999999999999822,0.2849266417616122,0.6409013114510081,0.3436581350066283,28.0,104.59680585727244,0.0065217592820248855,20,0,3600.0,4293.3200673586525
044701d81fe1c7e816d83581e907424106a40657,poor_link,contact_bandwidth,0.75,synthetic_v1,781d0e388741aa6fbb946d6cc78bc0e88df2ed45e0c690bc6a0098a567f08c5c,random,100,100100,25495f0c21dcab7e0b34152ff618733d7102d085314943f3b77d95f77adc1ba8,cdc3606da3aa55ed23f3330e1695ae702d6b5928a7913df19f352beec722657e,196,196,0,9,0,187,0,0,196,0.04591836734693878,0.013157894736842105,0.9540816326530612,242.81109889897147,199.31772649117636,505.94365310256126,35341.61520177111,47.382647034419065,0.0013407040613142246,30.288788039498904,0.0008570289690093456,65044.1326451769,144000.00000000003,7227.1258494641,0.0007284691963362286,0.0,6320.238787544255,7.572082680081218,7.572082680081218,22.499999999999865,0.3365370080036117,0.6409013114510081,0.34348217381983775,30.0,94.33153694703765,0.006987599230740949,20,0,3600.0,4293.3200673586525
044701d81fe1c7e816d83581e907424106a40657,poor_link,contact_bandwidth,0.75,synthetic_v1,781d0e388741aa6fbb946d6cc78bc0e88df2ed45e0c690bc6a0098a567f08c5c,rule,100,100100,25495f0c21dcab7e0b34152ff618733d7102d085314943f3b77d95f77adc1ba8,cdc3606da3aa55ed23f3330e1695ae702d6b5928a7913df19f352beec722657e,196,196,0,15,0,181,0,0,196,0.07653061224489796,0.02631578947368421,0.923469387755102,246.9998653881538,226.84209262337345,461.5902447158119,35341.61520177111,94.30173202946509,0.002668291516702928,58.74668954705638,0.0016622525374593619,65044.1326451769,144000.00000000003,4336.2755096784595,0.0014498115078863715,0.0,6320.238787544255,10.981427869288838,10.981427869288838,22.499999999999865,0.48806346085728464,0.640901311451008,0.3433140593579242,28.0,160.32509637544558,0.0065217592820248855,20,0,3600.0,4293.3200673586525
044701d81fe1c7e816d83581e907424106a40657,poor_link,contact_bandwidth,0.75,synthetic_v1,781d0e388741aa6fbb946d6cc78bc0e88df2ed45e0c690bc6a0098a567f08c5c,greedy,100,100100,25495f0c21dcab7e0b34152ff618733d7102d085314943f3b77d95f77adc1ba8,cdc3606da3aa55ed23f3330e1695ae702d6b5928a7913df19f352beec722657e,196,196,0,15,0,181,0,0,196,0.07653061224489796,0.02631578947368421,0.923469387755102,215.6607494949663,217.46593918921724,486.5334562618709,35341.61520177111,94.12865820800477,0.002663394348860649,58.39825986169379,0.0016523936308029076,65044.13264517691,144000.00000000003,4336.275509678461,0.0014471506403427228,0.0,6320.238787544255,9.04236637819418,9.04236637819418,22.499999999999865,0.40188295014196596,0.640901311451008,0.3432424104380806,32.0,135.29234334431362,0.007453439179457013,20,0,3600.0,4293.3200673586525
044701d81fe1c7e816d83581e907424106a40657,poor_link,contact_bandwidth,0.75,synthetic_v1,781d0e388741aa6fbb946d6cc78bc0e88df2ed45e0c690bc6a0098a567f08c5c,edf,100,100100,25495f0c21dcab7e0b34152ff618733d7102d085314943f3b77d95f77adc1ba8,cdc3606da3aa55ed23f3330e1695ae702d6b5928a7913df19f352beec722657e,196,196,0,16,0,180,0,0,196,0.08163265306122448,0.02631578947368421,0.9183673469387755,230.870684368022,226.84209262337345,461.5902447158119,35341.61520177111,96.60512041930889,0.002733466477629116,53.84536193224427,0.0015235682247354068,65044.13264517691,144000.00000000003,4065.258290323557,0.0014852242084047876,0.0,6320.238787544255,11.442105547257599,11.442105547257599,22.499999999999865,0.508538024322563,0.640901311451008,0.34325148072012457,30.0,164.1051862584635,0.006987599230740949,20,0,3600.0,4293.3200673586525
044701d81fe1c7e816d83581e907424106a40657,poor_link,contact_bandwidth,0.75,synthetic_v1,781d0e388741aa6fbb946d6cc78bc0e88df2ed45e0c690bc6a0098a567f08c5c,contact_knapsack,100,100100,25495f0c21dcab7e0b34152ff618733d7102d085314943f3b77d95f77adc1ba8,cdc3606da3aa55ed23f3330e1695ae702d6b5928a7913df19f352beec722657e,196,196,0,16,0,180,0,0,196,0.08163265306122448,0.02631578947368421,0.9183673469387755,230.870684368022,226.84209262337345,461.5902447158119,35341.61520177111,96.60512041930889,0.002733466477629116,53.84536193224427,0.0015235682247354068,65044.13264517691,144000.00000000003,4065.258290323557,0.0014852242084047876,0.0,6320.238787544255,11.442105547257599,11.442105547257599,22.499999999999865,0.508538024322563,0.640901311451008,0.34325148072012457,30.0,164.1051862584635,0.006987599230740949,20,0,3600.0,4293.3200673586525
044701d81fe1c7e816d83581e907424106a40657,poor_link,contact_bandwidth,0.75,synthetic_v1,781d0e388741aa6fbb946d6cc78bc0e88df2ed45e0c690bc6a0098a567f08c5c,predictive,100,100100,25495f0c21dcab7e0b34152ff618733d7102d085314943f3b77d95f77adc1ba8,cdc3606da3aa55ed23f3330e1695ae702d6b5928a7913df19f352beec722657e,196,196,0,14,0,182,0,0,196,0.07142857142857142,0.02631578947368421,0.9285714285714286,200.52027756790008,207.49686217353974,489.38344098716334,35341.61520177111,91.65582258127544,0.002593424835226043,63.37840115254741,0.0017933079965561753,64914.1326451769,144000.00000000003,4636.723760369779,0.0014119548216452284,0.0,6320.238787544255,8.547799252848316,8.547799252848316,22.499999999999865,0.379902189015483,0.6409013114510081,0.3436684110851046,28.0,130.22550827310386,0.0065217592820248855,20,0,3600.0,4293.3200673586525
044701d81fe1c7e816d83581e907424106a40657,poor_link,contact_bandwidth,1.0,synthetic_v1,781d0e388741aa6fbb946d6cc78bc0e88df2ed45e0c690bc6a0098a567f08c5c,random,100,100100,345793a0999cb5d42ed9208ab333da77c73d52890cbf99517fee61f87fb70b7e,cdc3606da3aa55ed23f3330e1695ae702d6b5928a7913df19f352beec722657e,196,196,0,11,0,185,0,0,196,0.05612244897959184,0.02631578947368421,0.9438775510204082,201.57337821141425,157.67057510589336,444.3279768160405,35341.61520177111,83.34593857739793,0.0023582945516655712,44.76786345855477,0.001266718094319336,64968.51767846657,144000.00000000003,5906.228879860597,0.001282866556843461,0.0,6320.238787544255,11.738934370626959,11.738934370626959,29.999999999999822,0.3912978123542343,0.6409013114510081,0.3433885872775535,28.0,112.85513792903555,0.0065217592820248855,20,0,3600.0,4293.3200673586525
044701d81fe1c7e816d83581e907424106a40657,poor_link,contact_bandwidth,1.0,synthetic_v1,781d0e388741aa6fbb946d6cc78bc0e88df2ed45e0c690bc6a0098a567f08c5c,rule,100,100100,345793a0999cb5d42ed9208ab333da77c73d52890cbf99517fee61f87fb70b7e,cdc3606da3aa55ed23f3330e1695ae702d6b5928a7913df19f352beec722657e,196,196,0,15,0,181,0,0,196,0.07653061224489796,0.02631578947368421,0.923469387755102,240.05817273395814,218.04126507935825,456.4848136616379,35341.61520177111,94.30173202946509,0.002668291516702928,61.56315522953063,0.0017419451510084197,64968.51767846658,144000.00000000003,4331.234511897772,0.00145149890130125,0.0,6320.238787544255,10.981427869288838,10.981427869288838,29.999999999999822,0.36604759564296346,0.640901311451008,0.3433051263101692,28.0,128.3816451488052,0.0065217592820248855,20,0,3600.0,4293.3200673586525
044701d81fe1c7e816d83581e907424106a40657,poor_link,contact_bandwidth,1.0,synthetic_v1,781d0e388741aa6fbb946d6cc78bc0e88df2ed45e0c690bc6a0098a567f08c5c,greedy,100,100100,345793a0999cb5d42ed9208ab333da77c73d52890cbf99517fee61f87fb70b7e,cdc3606da3aa55ed23f3330e1695ae702d6b5928a7913df19f352beec722657e,196,196,0,15,0,181,0,0,196,0.07653061224489796,0.02631578947368421,0.923469387755102,209.75331671677324,212.29998652313316,482.7000259553188,35341.61520177111,94.12865820800477,0.002663394348860649,61.97792561233073,0.0017536811845890047,64968.51767846658,144000.00000000003,4331.234511897772,0.0014488349368513163,0.0,6320.238787544255,9.042366378194178,9.042366378194178,29.999999999999822,0.3014122126064744,0.640901311451008,0.3432360601827949,32.0,109.22372687110237,0.007453439179457013,20,0,3600.0,4293.3200673586525
044701d81fe1c7e816d83581e907424106a40657,poor_link,contact_bandwidth,1.0,synthetic_v1,781d0e388741aa6fbb946d6cc78bc0e88df2ed45e0c690bc6a0098a567f08c5c,edf,100,100100,345793a0999cb5d42ed9208ab333da77c73d52890cbf99517fee61f87fb70b7e,cdc3606da3aa55ed23f3330e1695ae702d6b5928a7913df19f352beec722657e,196,196,0,16,0,180,0,0,196,0.08163265306122448,0.02631578947368421,0.9183673469387755,224.56622314632932,218.04126507935825,456.4848136616379,35341.61520177111,96.60512041930889,0.002733466477629116,57.23331391042226,0.0016194311885200446,64968.51767846658,144000.00000000003,4060.5323549041614,0.001486952817631055,0.0,6320.238787544255,11.442105547257599,11.442105547257599,29.999999999999822,0.3814035182419222,0.640901311451008,0.3432426300038061,30.0,131.4601784994502,0.006987599230740949,20,0,3600.0,4293.3200673586525
044701d81fe1c7e816d83581e907424106a40657,poor_link,contact_bandwidth,1.0,synthetic_v1,781d0e388741aa6fbb946d6cc78bc0e88df2ed45e0c690bc6a0098a567f08c5c,contact_knapsack,100,100100,345793a0999cb5d42ed9208ab333da77c73d52890cbf99517fee61f87fb70b7e,cdc3606da3aa55ed23f3330e1695ae702d6b5928a7913df19f352beec722657e,196,196,0,16,0,180,0,0,196,0.08163265306122448,0.02631578947368421,0.9183673469387755,224.56622314632932,218.04126507935825,456.4848136616379,35341.61520177111,96.60512041930889,0.002733466477629116,57.23331391042226,0.0016194311885200446,64968.51767846658,144000.00000000003,4060.5323549041614,0.001486952817631055,0.0,6320.238787544255,11.442105547257599,11.442105547257599,29.999999999999822,0.3814035182419222,0.640901311451008,0.3432426300038061,30.0,131.4601784994502,0.006987599230740949,20,0,3600.0,4293.3200673586525
044701d81fe1c7e816d83581e907424106a40657,poor_link,contact_bandwidth,1.0,synthetic_v1,781d0e388741aa6fbb946d6cc78bc0e88df2ed45e0c690bc6a0098a567f08c5c,predictive,100,100100,345793a0999cb5d42ed9208ab333da77c73d52890cbf99517fee61f87fb70b7e,cdc3606da3aa55ed23f3330e1695ae702d6b5928a7913df19f352beec722657e,196,196,0,14,0,182,0,0,196,0.07142857142857142,0.02631578947368421,0.9285714285714286,194.66260535027536,201.57526388600672,480.02531444037095,35341.61520177111,91.65582258127544,0.002593424835226043,64.95592498830949,0.0018379444351217511,64878.51767846658,144000.00000000003,4634.179834176184,0.001412729912164691,0.0,6320.238787544255,8.547799252848316,8.547799252848316,29.999999999999822,0.2849266417616122,0.6409013114510081,0.3436581350066283,28.0,104.59680585727244,0.0065217592820248855,20,0,3600.0,4293.3200673586525
044701d81fe1c7e816d83581e907424106a40657,poor_link,contact_bandwidth,1.25,synthetic_v1,781d0e388741aa6fbb946d6cc78bc0e88df2ed45e0c690bc6a0098a567f08c5c,random,100,100100,06afe1a01d6e29809ba762f8b76fe8bc37239e458d5d744233c3634f11a442be,cdc3606da3aa55ed23f3330e1695ae702d6b5928a7913df19f352beec722657e,196,196,0,13,0,183,0,0,196,0.0663265306122449,0.02631578947368421,0.9336734693877551,225.146425231692,194.35838822995106,480.600883049643,35341.61520177111,89.35243419143164,0.002528249874299855,46.19486558525099,0.001307095482804532,64968.51767846658,144000.00000000003,4997.578282958968,0.0013753189603869778,0.0,6320.238787544255,12.97880420658294,12.97880420658294,37.49999999999978,0.34610144550888045,0.6409013114510081,0.3433950753668028,26.0,94.86491080720702,0.006055919333308822,20,0,3600.0,4293.3200673586525
044701d81fe1c7e816d83581e907424106a40657,poor_link,contact_bandwidth,1.25,synthetic_v1,781d0e388741aa6fbb946d6cc78bc0e88df2ed45e0c690bc6a0098a567f08c5c,rule,100,100100,06afe1a01d6e29809ba762f8b76fe8bc37239e458d5d744233c3634f11a442be,cdc3606da3aa55ed23f3330e1695ae702d6b5928a7913df19f352beec722657e,196,196,0,15,0,181,0,0,196,0.07653061224489796,0.02631578947368421,0.923469387755102,235.6275124590082,212.32749767873747,453.2922855301613,35341.61520177111,94.30173202946509,0.002668291516702928,63.36820338212127,0.0017930194480456469,64968.5176784666,144000.00000000003,4331.234511897773,0.0014514989013012498,0.0,6320.238787544255,10.981427869288838,10.981427869288838,37.49999999999978,0.2928380765143707,0.640901311451008,0.3432994806281056,28.0,108.2212959943588,0.0065217592820248855,20,0,3600.0,4293.3200673586525
044701d81fe1c7e816d83581e907424106a40657,poor_link,contact_bandwidth,1.25,synthetic_v1,781d0e388741aa6fbb946d6cc78bc0e88df2ed45e0c690bc6a0098a567f08c5c,greedy,100,100100,06afe1a01d6e29809ba762f8b76fe8bc37239e458d5d744233c3634f11a442be,cdc3606da3aa55ed23f3330e1695ae702d6b5928a7913df19f352beec722657e,196,196,0,15,0,181,0,0,196,0.07653061224489796,0.02631578947368421,0.923469387755102,206.42844885912947,202.87148736577547,476.16678009658335,35341.61520177111,94.12865820800477,0.002663394348860649,66.1750254373225,0.001872439192705777,64968.51767846658,144000.00000000003,4331.234511897772,0.0014488349368513163,0.0,6320.238787544255,9.042366378194178,9.042366378194178,37.49999999999978,0.2411297700851795,0.640901311451008,0.3432320153393089,32.0,92.77735849806174,0.007453439179457013,20,0,3600.0,4293.3200673586525
044701d81fe1c7e816d83581e907424106a40657,poor_link,contact_bandwidth,1.25,synthetic_v1,781d0e388741aa6fbb946d6cc78bc0e88df2ed45e0c690bc6a0098a567f08c5c,edf,100,100100,06afe1a01d6e29809ba762f8b76fe8bc37239e458d5d744233c3634f11a442be,cdc3606da3aa55ed23f3330e1695ae702d6b5928a7913df19f352beec722657e,196,196,0,16,0,180,0,0,196,0.08163265306122448,0.02631578947368421,0.9183673469387755,220.534586515004,212.32749767873747,453.2922855301613,35341.61520177111,96.60512041930889,0.002733466477629116,59.5556809629901,0.001685143155539918,64968.5176784666,144000.00000000003,4060.5323549041623,0.0014869528176310546,0.0,6320.238787544255,11.442105547257599,11.442105547257599,37.49999999999978,0.30512281459353774,0.640901311451008,0.34323702221440144,30.0,110.86314767476267,0.006987599230740949,20,0,3600.0,4293.3200673586525
044701d81fe1c7e816d83581e907424106a40657,poor_link,contact_bandwidth,1.25,synthetic_v1,781d0e388741aa6fbb946d6cc78bc0e88df2ed45e0c690bc6a0098a567f08c5c,contact_knapsack,100,100100,06afe1a01d6e29809ba762f8b76fe8bc37239e458d5d744233c3634f11a442be,cdc3606da3aa55ed23f3330e1695ae702d6b5928a7913df19f352beec722657e,196,196,0,16,0,180,0,0,196,0.08163265306122448,0.02631578947368421,0.9183673469387755,220.534586515004,212.32749767873747,453.2922855301613,35341.61520177111,96.60512041930889,0.002733466477629116,59.5556809629901,0.001685143155539918,64968.5176784666,144000.00000000003,4060.5323549041623,0.0014869528176310546,0.0,6320.238787544255,11.442105547257599,11.442105547257599,37.49999999999978,0.30512281459353774,0.640901311451008,0.34323702221440144,30.0,110.86314767476267,0.006987599230740949,20,0,3600.0,4293.3200673586525
044701d81fe1c7e816d83581e907424106a40657,poor_link,contact_bandwidth,1.25,synthetic_v1,781d0e388741aa6fbb946d6cc78bc0e88df2ed45e0c690bc6a0098a567f08c5c,predictive,100,100100,06afe1a01d6e29809ba762f8b76fe8bc37239e458d5d744233c3634f11a442be,cdc3606da3aa55ed23f3330e1695ae702d6b5928a7913df19f352beec722657e,196,196,0,14,0,182,0,0,196,0.07142857142857142,0.02631578947368421,0.9285714285714286,190.9413602193019,197.87139098896205,473.95882416974155,35341.61520177111,91.65582258127544,0.002593424835226043,65.9393164147292,0.0018657697459007116,64838.5176784666,144000.00000000003,4631.322691319043,0.0014136014496166542,0.0,6320.238787544255,8.547799252848316,8.547799252848316,37.49999999999978,0.22794131340928978,0.6409013114510081,0.34365125342870056,28.0,88.41583366477039,0.0065217592820248855,20,0,3600.0,4293.3200673586525
044701d81fe1c7e816d83581e907424106a40657,poor_link,contact_window_duration,0.75,synthetic_v1,781d0e388741aa6fbb946d6cc78bc0e88df2ed45e0c690bc6a0098a567f08c5c,random,100,100100,25b7c895a4feb2bc8e028e5dbc1653d685c9711b930ccb6a98b06e6b68547053,cdc3606da3aa55ed23f3330e1695ae702d6b5928a7913df19f352beec722657e,196,196,0,10,0,186,0,0,196,0.05102040816326531,0.013157894736842105,0.9489795918367347,215.99232876135648,195.6702521538457,493.09404680948455,35341.61520177111,51.06847852410851,0.001444995601716281,37.151484626951444,0.0010512107161726337,64968.51767846658,144000.00000000003,6496.851767846658,0.0007860496183220575,0.0,6320.238787544255,6.404802251216513,6.404802251216513,22.499999999999822,0.28465787783184726,0.6409013114510081,0.343573899120844,28.0,58.992965980776944,0.0065217592820248855,20,0,3600.0,4293.3200673586525
044701d81fe1c7e816d83581e907424106a40657,poor_link,contact_window_duration,0.75,synthetic_v1,781d0e388741aa6fbb946d6cc78bc0e88df2ed45e0c690bc6a0098a567f08c5c,rule,100,100100,25b7c895a4feb2bc8e028e5dbc1653d685c9711b930ccb6a98b06e6b68547053,cdc3606da3aa55ed23f3330e1695ae702d6b5928a7913df19f352beec722657e,196,196,0,15,0,181,0,0,196,0.07653061224489796,0.02631578947368421,0.923469387755102,238.48614397378807,215.7131476215077,455.82255599759264,35341.61520177111,94.30173202946509,0.002668291516702928,62.25035256527175,0.00176138957458153,64968.5176784666,144000.00000000003,4331.234511897773,0.0014514989013012498,0.0,6320.238787544255,10.981427869288838,10.981427869288838,22.499999999999822,0.4880634608572856,0.640901311451008,0.3433028909439466,28.0,119.12977312458224,0.0065217592820248855,20,0,3600.0,4293.3200673586525
044701d81fe1c7e816d83581e907424106a40657,poor_link,contact_window_duration,0.75,synthetic_v1,781d0e388741aa6fbb946d6cc78bc0e88df2ed45e0c690bc6a0098a567f08c5c,greedy,100,100100,25b7c895a4feb2bc8e028e5dbc1653d685c9711b930ccb6a98b06e6b68547053,cdc3606da3aa55ed23f3330e1695ae702d6b5928a7913df19f352beec722657e,196,196,0,14,0,182,0,0,196,0.07142857142857142,0.02631578947368421,0.9285714285714286,223.3750334018025,214.8271419955655,479.81050474204994,35341.61520177111,91.82526981816095,0.0025982193879344603,61.50191850400484,0.0017402124422689865,64968.5176784666,144000.00000000003,4640.608405604757,0.001413381020521511,0.0,6320.238787544255,8.581688700225417,8.581688700225417,22.499999999999822,0.3814083866766882,0.640901311451008,0.3432970976844807,30.0,99.27934538347006,0.006987599230740949,20,0,3600.0,4293.3200673586525
044701d81fe1c7e816d83581e907424106a40657,poor_link,contact_window_duration,0.75,synthetic_v1,781d0e388741aa6fbb946d6cc78bc0e88df2ed45e0c690bc6a0098a567f08c5c,edf,100,100100,25b7c895a4feb2bc8e028e5dbc1653d685c9711b930ccb6a98b06e6b68547053,cdc3606da3aa55ed23f3330e1695ae702d6b5928a7913df19f352beec722657e,196,196,0,15,0,181,0,0,196,0.07653061224489796,0.02631578947368421,0.923469387755102,237.62125350197368,215.7131476215077,455.82255599759264,35341.61520177111,94.30173202946509,0.002668291516702928,56.10538518035122,0.0015875161579355197,64968.5176784666,144000.00000000003,4331.234511897773,0.0014514989013012498,0.0,6320.238787544255,10.981427869288838,10.981427869288838,22.499999999999822,0.4880634608572856,0.640901311451008,0.34330270624388476,28.0,118.76799580965906,0.0065217592820248855,20,0,3600.0,4293.3200673586525
044701d81fe1c7e816d83581e907424106a40657,poor_link,contact_window_duration,0.75,synthetic_v1,781d0e388741aa6fbb946d6cc78bc0e88df2ed45e0c690bc6a0098a567f08c5c,contact_knapsack,100,100100,25b7c895a4feb2bc8e028e5dbc1653d685c9711b930ccb6a98b06e6b68547053,cdc3606da3aa55ed23f3330e1695ae702d6b5928a7913df19f352beec722657e,196,196,0,15,0,181,0,0,196,0.07653061224489796,0.02631578947368421,0.923469387755102,237.62125350197368,215.7131476215077,455.82255599759264,35341.61520177111,94.30173202946509,0.002668291516702928,56.10538518035122,0.0015875161579355197,64968.5176784666,144000.00000000003,4331.234511897773,0.0014514989013012498,0.0,6320.238787544255,10.981427869288838,10.981427869288838,22.499999999999822,0.4880634608572856,0.640901311451008,0.34330270624388476,28.0,118.76799580965906,0.0065217592820248855,20,0,3600.0,4293.3200673586525
044701d81fe1c7e816d83581e907424106a40657,poor_link,contact_window_duration,0.75,synthetic_v1,781d0e388741aa6fbb946d6cc78bc0e88df2ed45e0c690bc6a0098a567f08c5c,predictive,100,100100,25b7c895a4feb2bc8e028e5dbc1653d685c9711b930ccb6a98b06e6b68547053,cdc3606da3aa55ed23f3330e1695ae702d6b5928a7913df19f352beec722657e,196,196,0,13,0,183,0,0,196,0.0663265306122449,0.02631578947368421,0.9336734693877551,207.94472015936879,200.7862074437603,477.5289581149609,35341.61520177111,89.35243419143164,0.002528249874299855,62.93711838960098,0.0017808217884293799,64878.5176784666,144000.00000000003,4990.655206035892,0.0013772268138778395,0.0,6320.238787544255,8.087121574879554,8.087121574879554,22.499999999999822,0.35942762555020524,0.6409013114510081,0.3437187101881453,26.0,95.18110292527047,0.006055919333308822,20,0,3600.0,4293.3200673586525
044701d81fe1c7e816d83581e907424106a40657,poor_link,contact_window_duration,1.0,synthetic_v1,781d0e388741aa6fbb946d6cc78bc0e88df2ed45e0c690bc6a0098a567f08c5c,random,100,100100,dd39e23e939246bdf9475c875c6c229dce8bc1b36d4768a82417b6e1fcb14007,cdc3606da3aa55ed23f3330e1695ae702d6b5928a7913df19f352beec722657e,196,196,0,11,0,185,0,0,196,0.05612244897959184,0.02631578947368421,0.9438775510204082,201.57337821141425,157.67057510589336,444.3279768160405,35341.61520177111,83.34593857739793,0.0023582945516655712,44.76786345855477,0.001266718094319336,64968.51767846657,144000.00000000003,5906.228879860597,0.001282866556843461,0.0,6320.238787544255,11.738934370626959,11.738934370626959,29.999999999999822,0.3912978123542343,0.6409013114510081,0.3433885872775535,28.0,112.85513792903555,0.0065217592820248855,20,0,3600.0,4293.3200673586525
044701d81fe1c7e816d83581e907424106a40657,poor_link,contact_window_duration,1.0,synthetic_v1,781d0e388741aa6fbb946d6cc78bc0e88df2ed45e0c690bc6a0098a567f08c5c,rule,100,100100,dd39e23e939246bdf9475c875c6c229dce8bc1b36d4768a82417b6e1fcb14007,cdc3606da3aa55ed23f3330e1695ae702d6b5928a7913df19f352beec722657e,196,196,0,15,0,181,0,0,196,0.07653061224489796,0.02631578947368421,0.923469387755102,240.05817273395814,218.04126507935825,456.4848136616379,35341.61520177111,94.30173202946509,0.002668291516702928,61.56315522953063,0.0017419451510084197,64968.51767846658,144000.00000000003,4331.234511897772,0.00145149890130125,0.0,6320.238787544255,10.981427869288838,10.981427869288838,29.999999999999822,0.36604759564296346,0.640901311451008,0.3433051263101692,28.0,128.3816451488052,0.0065217592820248855,20,0,3600.0,4293.3200673586525
044701d81fe1c7e816d83581e907424106a40657,poor_link,contact_window_duration,1.0,synthetic_v1,781d0e388741aa6fbb946d6cc78bc0e88df2ed45e0c690bc6a0098a567f08c5c,greedy,100,100100,dd39e23e939246bdf9475c875c6c229dce8bc1b36d4768a82417b6e1fcb14007,cdc3606da3aa55ed23f3330e1695ae702d6b5928a7913df19f352beec722657e,196,196,0,15,0,181,0,0,196,0.07653061224489796,0.02631578947368421,0.923469387755102,209.75331671677324,212.29998652313316,482.7000259553188,35341.61520177111,94.12865820800477,0.002663394348860649,61.97792561233073,0.0017536811845890047,64968.51767846658,144000.00000000003,4331.234511897772,0.0014488349368513163,0.0,6320.238787544255,9.042366378194178,9.042366378194178,29.999999999999822,0.3014122126064744,0.640901311451008,0.3432360601827949,32.0,109.22372687110237,0.007453439179457013,20,0,3600.0,4293.3200673586525
044701d81fe1c7e816d83581e907424106a40657,poor_link,contact_window_duration,1.0,synthetic_v1,781d0e388741aa6fbb946d6cc78bc0e88df2ed45e0c690bc6a0098a567f08c5c,edf,100,100100,dd39e23e939246bdf9475c875c6c229dce8bc1b36d4768a82417b6e1fcb14007,cdc3606da3aa55ed23f3330e1695ae702d6b5928a7913df19f352beec722657e,196,196,0,16,0,180,0,0,196,0.08163265306122448,0.02631578947368421,0.9183673469387755,224.56622314632932,218.04126507935825,456.4848136616379,35341.61520177111,96.60512041930889,0.002733466477629116,57.23331391042226,0.0016194311885200446,64968.51767846658,144000.00000000003,4060.5323549041614,0.001486952817631055,0.0,6320.238787544255,11.442105547257599,11.442105547257599,29.999999999999822,0.3814035182419222,0.640901311451008,0.3432426300038061,30.0,131.4601784994502,0.006987599230740949,20,0,3600.0,4293.3200673586525
044701d81fe1c7e816d83581e907424106a40657,poor_link,contact_window_duration,1.0,synthetic_v1,781d0e388741aa6fbb946d6cc78bc0e88df2ed45e0c690bc6a0098a567f08c5c,contact_knapsack,100,100100,dd39e23e939246bdf9475c875c6c229dce8bc1b36d4768a82417b6e1fcb14007,cdc3606da3aa55ed23f3330e1695ae702d6b5928a7913df19f352beec722657e,196,196,0,16,0,180,0,0,196,0.08163265306122448,0.02631578947368421,0.9183673469387755,224.56622314632932,218.04126507935825,456.4848136616379,35341.61520177111,96.60512041930889,0.002733466477629116,57.23331391042226,0.0016194311885200446,64968.51767846658,144000.00000000003,4060.5323549041614,0.001486952817631055,0.0,6320.238787544255,11.442105547257599,11.442105547257599,29.999999999999822,0.3814035182419222,0.640901311451008,0.3432426300038061,30.0,131.4601784994502,0.006987599230740949,20,0,3600.0,4293.3200673586525
044701d81fe1c7e816d83581e907424106a40657,poor_link,contact_window_duration,1.0,synthetic_v1,781d0e388741aa6fbb946d6cc78bc0e88df2ed45e0c690bc6a0098a567f08c5c,predictive,100,100100,dd39e23e939246bdf9475c875c6c229dce8bc1b36d4768a82417b6e1fcb14007,cdc3606da3aa55ed23f3330e1695ae702d6b5928a7913df19f352beec722657e,196,196,0,14,0,182,0,0,196,0.07142857142857142,0.02631578947368421,0.9285714285714286,194.66260535027536,201.57526388600672,480.02531444037095,35341.61520177111,91.65582258127544,0.002593424835226043,64.95592498830949,0.0018379444351217511,64878.51767846658,144000.00000000003,4634.179834176184,0.001412729912164691,0.0,6320.238787544255,8.547799252848316,8.547799252848316,29.999999999999822,0.2849266417616122,0.6409013114510081,0.3436581350066283,28.0,104.59680585727244,0.0065217592820248855,20,0,3600.0,4293.3200673586525
044701d81fe1c7e816d83581e907424106a40657,poor_link,contact_window_duration,1.25,synthetic_v1,781d0e388741aa6fbb946d6cc78bc0e88df2ed45e0c690bc6a0098a567f08c5c,random,100,100100,8dfad8217129d2deafa235f778c324ce7583405c7d4d7eddcb573f879e5f263d,cdc3606da3aa55ed23f3330e1695ae702d6b5928a7913df19f352beec722657e,196,196,0,15,0,181,0,0,196,0.07653061224489796,0.02631578947368421,0.923469387755102,200.4018648168295,158.52013338458244,485.54956408911494,35341.61520177111,95.06591718394706,0.002689914330208172,51.496804439680794,0.001457115192547852,64968.51767846658,144000.00000000003,4331.234511897772,0.0014632612930224832,0.0,6320.238787544255,14.121500805086026,14.121500805086026,37.49999999999982,0.3765733548022958,0.6391962641496722,0.34322508181225375,30.0,138.1791266774493,0.006987599230740949,20,0,3600.0,4293.3200673586525
044701d81fe1c7e816d83581e907424106a40657,poor_link,contact_window_duration,1.25,synthetic_v1,781d0e388741aa6fbb946d6cc78bc0e88df2ed45e0c690bc6a0098a567f08c5c,rule,100,100100,8dfad8217129d2deafa235f778c324ce7583405c7d4d7eddcb573f879e5f263d,cdc3606da3aa55ed23f3330e1695ae702d6b5928a7913df19f352beec722657e,196,196,0,16,0,180,0,0,196,0.08163265306122448,0.02631578947368421,0.9183673469387755,227.11991132684088,219.75059024805978,456.9254475467601,35341.61520177111,96.60512041930889,0.002733466477629116,63.31322800717369,0.0017914639058149446,64968.51767846657,144000.00000000003,4060.5323549041605,0.0014869528176310552,0.0,6320.238787544255,13.284816259132649,13.284816259132649,37.49999999999982,0.35426176691020567,0.640901311451008,0.343247934965513,28.0,151.0994419920271,0.0065217592820248855,20,0,3600.0,4293.3200673586525
044701d81fe1c7e816d83581e907424106a40657,poor_link,contact_window_duration,1.25,synthetic_v1,781d0e388741aa6fbb946d6cc78bc0e88df2ed45e0c690bc6a0098a567f08c5c,greedy,100,100100,8dfad8217129d2deafa235f778c324ce7583405c7d4d7eddcb573f879e5f263d,cdc3606da3aa55ed23f3330e1695ae702d6b5928a7913df19f352beec722657e,196,196,0,17,0,179,0,0,196,0.08673469387755102,0.02631578947368421,0.9132653061224489,186.62966382737682,140.20109818179048,484.9115416904174,35341.61520177111,100.26898807675927,0.0028371365458060445,67.6476260752869,0.0019141068026765457,64968.5176784666,144000.00000000003,3821.677510498035,0.0015433473266697724,0.0,6320.238787544255,10.270432351945079,10.270432351945079,37.49999999999982,0.2738781960518701,0.6391962641496721,0.3429797357153648,36.0,123.3356675791756,0.008385119076889139,20,0,3600.0,4293.3200673586525
044701d81fe1c7e816d83581e907424106a40657,poor_link,contact_window_duration,1.25,synthetic_v1,781d0e388741aa6fbb946d6cc78bc0e88df2ed45e0c690bc6a0098a567f08c5c,edf,100,100100,8dfad8217129d2deafa235f778c324ce7583405c7d4d7eddcb573f879e5f263d,cdc3606da3aa55ed23f3330e1695ae702d6b5928a7913df19f352beec722657e,196,196,0,18,0,178,0,0,196,0.09183673469387756,0.02631578947368421,0.9081632653061225,201.85053131833018,210.18361182226045,456.9254475467601,35341.61520177111,102.74545028806341,0.0029072086745745122,62.43473351573989,0.0017666066805178458,64968.51767846657,144000.00000000003,3609.3620932481426,0.0015814652074495118,0.0,6320.238787544255,14.51288223288355,14.51288223288355,37.49999999999982,0.3870101928768965,0.6391962641496721,0.34299050996468244,32.0,159.62393489365263,0.007453439179457013,20,0,3600.0,4293.3200673586525
044701d81fe1c7e816d83581e907424106a40657,poor_link,contact_window_duration,1.25,synthetic_v1,781d0e388741aa6fbb946d6cc78bc0e88df2ed45e0c690bc6a0098a567f08c5c,contact_knapsack,100,100100,8dfad8217129d2deafa235f778c324ce7583405c7d4d7eddcb573f879e5f263d,cdc3606da3aa55ed23f3330e1695ae702d6b5928a7913df19f352beec722657e,196,196,0,18,0,178,0,0,196,0.09183673469387756,0.02631578947368421,0.9081632653061225,201.85053131833018,210.18361182226045,456.9254475467601,35341.61520177111,102.74545028806341,0.0029072086745745122,62.43473351573989,0.0017666066805178458,64968.51767846657,144000.00000000003,3609.3620932481426,0.0015814652074495118,0.0,6320.238787544255,14.51288223288355,14.51288223288355,37.49999999999982,0.3870101928768965,0.6391962641496721,0.34299050996468244,32.0,159.62393489365263,0.007453439179457013,20,0,3600.0,4293.3200673586525
044701d81fe1c7e816d83581e907424106a40657,poor_link,contact_window_duration,1.25,synthetic_v1,781d0e388741aa6fbb946d6cc78bc0e88df2ed45e0c690bc6a0098a567f08c5c,predictive,100,100100,8dfad8217129d2deafa235f778c324ce7583405c7d4d7eddcb573f879e5f263d,cdc3606da3aa55ed23f3330e1695ae702d6b5928a7913df19f352beec722657e,196,196,0,16,0,180,0,0,196,0.08163265306122448,0.02631578947368421,0.9183673469387755,171.9036270378861,157.97551476268723,481.8760687828776,35341.61520177111,97.79615245002996,0.002767167032171439,70.84227693817928,0.0020045002621903113,64878.51767846658,144000.00000000003,4054.9073549041614,0.0015073734103282213,0.0,6320.238787544255,9.775865226599219,9.775865226599219,37.49999999999982,0.2606897393759804,0.6391962641496722,0.34340212576575885,32.0,118.24758658789835,0.007453439179457013,20,0,3600.0,4293.3200673586525
044701d81fe1c7e816d83581e907424106a40657,poor_link,interarrival_s,0.75,synthetic_v1,781d0e388741aa6fbb946d6cc78bc0e88df2ed45e0c690bc6a0098a567f08c5c,random,100,100100,951e55eed252e913a8cac54a92c22aeba5c8833bca790b22b3fb896cd59f850c,55e7c38fb0d9e48596287acd6b2d992910108c65d8b2cdd76d1b8b108c2c93d1,262,262,0,15,0,247,0,0,262,0.05725190839694656,0.02127659574468085,0.9427480916030534,148.6687490423715,161.3381058790576,374.1242371421017,45838.5772096834,91.98731616103997,0.00200676639111756,43.547809511869836,0.0009500253315600372,66247.75602271677,144000.00000000006,4416.517068181118,0.0013885348226662492,0.0,5409.180323179524,17.03550202043267,17.03550202043267,29.999999999999822,0.567850067347759,0.7870782614486481,0.47834262443060854,54.00000000000006,172.56303852996473,0.012431126876754671,20,0,3600.0,4343.934426490026
044701d81fe1c7e816d83581e907424106a40657,poor_link,interarrival_s,0.75,synthetic_v1,781d0e388741aa6fbb946d6cc78bc0e88df2ed45e0c690bc6a0098a567f08c5c,rule,100,100100,951e55eed252e913a8cac54a92c22aeba5c8833bca790b22b3fb896cd59f850c,55e7c38fb0d9e48596287acd6b2d992910108c65d8b2cdd76d1b8b108c2c93d1,262,262,0,25,0,237,0,0,262,0.09541984732824428,0.031914893617021274,0.9045801526717557,220.67797354089296,209.0592268874965,431.15682127624405,45838.5772096834,151.09101749798427,0.0032961541717762195,63.262053303718005,0.0013801050807998006,66527.75602271677,144000.0,2661.1102409086707,0.00227109745662235,0.0,5409.180323179524,22.297684163641318,22.297684163641318,29.999999999999822,0.7432561387880483,0.7871788659212097,0.47833364720091986,52.0,216.5854100934008,0.01197071477020819,20,0,3600.0,4343.934426490026
044701d81fe1c7e816d83581e907424106a40657,poor_link,interarrival_s,0.75,synthetic_v1,781d0e388741aa6fbb946d6cc78bc0e88df2ed45e0c690bc6a0098a567f08c5c,greedy,100,100100,951e55eed252e913a8cac54a92c22aeba5c8833bca790b22b3fb896cd59f850c,55e7c38fb0d9e48596287acd6b2d992910108c65d8b2cdd76d1b8b108c2c93d1,262,262,0,32,0,230,0,0,262,0.12213740458015267,0.031914893617021274,0.8778625954198473,193.23122135063963,173.0816972695393,476.20879690573474,45838.5772096834,173.6641497896589,0.0037886025343948143,75.0347858190933,0.0016369353148954677,66527.75602271679,144000.0,2078.9923757098995,0.0026104014350094564,0.0,5409.180323179524,19.72340851997741,19.72340851997741,29.999999999999822,0.6574469506659176,0.7846194111524321,0.4774868034616621,66.0,196.46963622606881,0.015193599516033472,20,0,3600.0,4343.934426490026
044701d81fe1c7e816d83581e907424106a40657,poor_link,interarrival_s,0.75,synthetic_v1,781d0e388741aa6fbb946d6cc78bc0e88df2ed45e0c690bc6a0098a567f08c5c,edf,100,100100,951e55eed252e913a8cac54a92c22aeba5c8833bca790b22b3fb896cd59f850c,55e7c38fb0d9e48596287acd6b2d992910108c65d8b2cdd76d1b8b108c2c93d1,262,262,0,27,0,235,0,0,262,0.10305343511450382,0.02127659574468085,0.8969465648854962,222.4093006281096,238.7524697416594,424.4840659551055,45838.5772096834,133.56975385688762,0.002913915788570135,60.08713793111507,0.0013108421244458187,66527.75602271679,144000.00000000006,2463.9909638043255,0.0020077297333052756,0.0,5409.180323179524,23.411075022048692,23.411075022048692,29.999999999999822,0.7803691674016277,0.7871211372333754,0.47826020388789375,54.0,223.89019315045255,0.012431126876754657,20,0,3600.0,4343.934426490026
044701d81fe1c7e816d83581e907424106a40657,poor_link,interarrival_s,0.75,synthetic_v1,781d0e388741aa6fbb946d6cc78bc0e88df2ed45e0c690bc6a0098a567f08c5c,contact_knapsack,100,100100,951e55eed252e913a8cac54a92c22aeba5c8833bca790b22b3fb896cd59f850c,55e7c38fb0d9e48596287acd6b2d992910108c65d8b2cdd76d1b8b108c2c93d1,262,262,0,31,0,231,0,0,262,0.1183206106870229,0.031914893617021274,0.8816793893129771,206.72245418181103,187.56795394390383,418.7283955176117,45838.5772096834,169.98923979535437,0.0037084318524494724,72.18245527427516,0.001574709767802885,66527.75602271677,144000.0,2146.0566458940893,0.0025551626863426647,0.0,5409.180323179524,21.65809078028455,21.65809078028455,29.999999999999822,0.7219363593428226,0.7864461780042048,0.4780108959321182,60.0,214.51717096896687,0.013812363196394065,20,0,3600.0,4343.934426490026
044701d81fe1c7e816d83581e907424106a40657,poor_link,interarrival_s,0.75,synthetic_v1,781d0e388741aa6fbb946d6cc78bc0e88df2ed45e0c690bc6a0098a567f08c5c,predictive,100,100100,951e55eed252e913a8cac54a92c22aeba5c8833bca790b22b3fb896cd59f850c,55e7c38fb0d9e48596287acd6b2d992910108c65d8b2cdd76d1b8b108c2c93d1,262,262,0,29,0,233,0,0,262,0.11068702290076336,0.031914893617021274,0.8893129770992366,174.7508663035967,144.01818367107592,430.1025595588412,45838.5772096834,166.1668139439242,0.003625043010907884,76.17478413110096,0.00166180515993435,66273.75602271677,144000.0,2285.30193181782,0.0025072792597867384,0.0,5409.180323179524,18.223941350830483,18.223941350830483,29.999999999999822,0.607464711694353,0.7846194111524318,0.4781624752523211,62.0,185.09604557577973,0.014272775302940533,20,0,3600.0,4343.934426490026
044701d81fe1c7e816d83581e907424106a40657,poor_link,interarrival_s,1.0,synthetic_v1,781d0e388741aa6fbb946d6cc78bc0e88df2ed45e0c690bc6a0098a567f08c5c,random,100,100100,e941830e32321efcfbc68414a9d33db2bd02f1ee06e87d75fe4cd434632fbaaa,cdc3606da3aa55ed23f3330e1695ae702d6b5928a7913df19f352beec722657e,196,196,0,11,0,185,0,0,196,0.05612244897959184,0.02631578947368421,0.9438775510204082,201.57337821141425,157.67057510589336,444.3279768160405,35341.61520177111,83.34593857739793,0.0023582945516655712,44.76786345855477,0.001266718094319336,64968.51767846657,144000.00000000003,5906.228879860597,0.001282866556843461,0.0,6320.238787544255,11.738934370626959,11.738934370626959,29.999999999999822,0.3912978123542343,0.6409013114510081,0.3433885872775535,28.0,112.85513792903555,0.0065217592820248855,20,0,3600.0,4293.3200673586525
044701d81fe1c7e816d83581e907424106a40657,poor_link,interarrival_s,1.0,synthetic_v1,781d0e388741aa6fbb946d6cc78bc0e88df2ed45e0c690bc6a0098a567f08c5c,rule,100,100100,e941830e32321efcfbc68414a9d33db2bd02f1ee06e87d75fe4cd434632fbaaa,cdc3606da3aa55ed23f3330e1695ae702d6b5928a7913df19f352beec722657e,196,196,0,15,0,181,0,0,196,0.07653061224489796,0.02631578947368421,0.923469387755102,240.05817273395814,218.04126507935825,456.4848136616379,35341.61520177111,94.30173202946509,0.002668291516702928,61.56315522953063,0.0017419451510084197,64968.51767846658,144000.00000000003,4331.234511897772,0.00145149890130125,0.0,6320.238787544255,10.981427869288838,10.981427869288838,29.999999999999822,0.36604759564296346,0.640901311451008,0.3433051263101692,28.0,128.3816451488052,0.0065217592820248855,20,0,3600.0,4293.3200673586525
044701d81fe1c7e816d83581e907424106a40657,poor_link,interarrival_s,1.0,synthetic_v1,781d0e388741aa6fbb946d6cc78bc0e88df2ed45e0c690bc6a0098a567f08c5c,greedy,100,100100,e941830e32321efcfbc68414a9d33db2bd02f1ee06e87d75fe4cd434632fbaaa,cdc3606da3aa55ed23f3330e1695ae702d6b5928a7913df19f352beec722657e,196,196,0,15,0,181,0,0,196,0.07653061224489796,0.02631578947368421,0.923469387755102,209.75331671677324,212.29998652313316,482.7000259553188,35341.61520177111,94.12865820800477,0.002663394348860649,61.97792561233073,0.0017536811845890047,64968.51767846658,144000.00000000003,4331.234511897772,0.0014488349368513163,0.0,6320.238787544255,9.042366378194178,9.042366378194178,29.999999999999822,0.3014122126064744,0.640901311451008,0.3432360601827949,32.0,109.22372687110237,0.007453439179457013,20,0,3600.0,4293.3200673586525
044701d81fe1c7e816d83581e907424106a40657,poor_link,interarrival_s,1.0,synthetic_v1,781d0e388741aa6fbb946d6cc78bc0e88df2ed45e0c690bc6a0098a567f08c5c,edf,100,100100,e941830e32321efcfbc68414a9d33db2bd02f1ee06e87d75fe4cd434632fbaaa,cdc3606da3aa55ed23f3330e1695ae702d6b5928a7913df19f352beec722657e,196,196,0,16,0,180,0,0,196,0.08163265306122448,0.02631578947368421,0.9183673469387755,224.56622314632932,218.04126507935825,456.4848136616379,35341.61520177111,96.60512041930889,0.002733466477629116,57.23331391042226,0.0016194311885200446,64968.51767846658,144000.00000000003,4060.5323549041614,0.001486952817631055,0.0,6320.238787544255,11.442105547257599,11.442105547257599,29.999999999999822,0.3814035182419222,0.640901311451008,0.3432426300038061,30.0,131.4601784994502,0.006987599230740949,20,0,3600.0,4293.3200673586525
044701d81fe1c7e816d83581e907424106a40657,poor_link,interarrival_s,1.0,synthetic_v1,781d0e388741aa6fbb946d6cc78bc0e88df2ed45e0c690bc6a0098a567f08c5c,contact_knapsack,100,100100,e941830e32321efcfbc68414a9d33db2bd02f1ee06e87d75fe4cd434632fbaaa,cdc3606da3aa55ed23f3330e1695ae702d6b5928a7913df19f352beec722657e,196,196,0,16,0,180,0,0,196,0.08163265306122448,0.02631578947368421,0.9183673469387755,224.56622314632932,218.04126507935825,456.4848136616379,35341.61520177111,96.60512041930889,0.002733466477629116,57.23331391042226,0.0016194311885200446,64968.51767846658,144000.00000000003,4060.5323549041614,0.001486952817631055,0.0,6320.238787544255,11.442105547257599,11.442105547257599,29.999999999999822,0.3814035182419222,0.640901311451008,0.3432426300038061,30.0,131.4601784994502,0.006987599230740949,20,0,3600.0,4293.3200673586525
044701d81fe1c7e816d83581e907424106a40657,poor_link,interarrival_s,1.0,synthetic_v1,781d0e388741aa6fbb946d6cc78bc0e88df2ed45e0c690bc6a0098a567f08c5c,predictive,100,100100,e941830e32321efcfbc68414a9d33db2bd02f1ee06e87d75fe4cd434632fbaaa,cdc3606da3aa55ed23f3330e1695ae702d6b5928a7913df19f352beec722657e,196,196,0,14,0,182,0,0,196,0.07142857142857142,0.02631578947368421,0.9285714285714286,194.66260535027536,201.57526388600672,480.02531444037095,35341.61520177111,91.65582258127544,0.002593424835226043,64.95592498830949,0.0018379444351217511,64878.51767846658,144000.00000000003,4634.179834176184,0.001412729912164691,0.0,6320.238787544255,8.547799252848316,8.547799252848316,29.999999999999822,0.2849266417616122,0.6409013114510081,0.3436581350066283,28.0,104.59680585727244,0.0065217592820248855,20,0,3600.0,4293.3200673586525
044701d81fe1c7e816d83581e907424106a40657,poor_link,interarrival_s,1.25,synthetic_v1,781d0e388741aa6fbb946d6cc78bc0e88df2ed45e0c690bc6a0098a567f08c5c,random,100,100100,f5f0bc6f23182d507fbdd37ef368e22e720dd5b9c39b36cefaf771b333924af4,c8862f71877ac83c76fafa0bee37f5ca518ea68048a048cca4b199ef76514acb,157,157,0,14,0,143,0,0,157,0.08917197452229299,0.0,0.910828025477707,253.1035973418878,289.965066415292,559.795767365167,27666.30754275781,42.96724692909376,0.0015530531807574468,29.404279426705266,0.0010628190762811932,64518.455827674275,143999.99999999997,4608.461130548162,0.0006659683090348168,0.0,6943.426097606802,10.673946580191426,10.673946580191426,29.999999999999822,0.35579821933971634,0.4809021265128155,0.28472546495572254,32.0,122.25841717124626,0.0075140326612225155,20,0,3600.0,4258.6985501329555
044701d81fe1c7e816d83581e907424106a40657,poor_link,interarrival_s,1.25,synthetic_v1,781d0e388741aa6fbb946d6cc78bc0e88df2ed45e0c690bc6a0098a567f08c5c,rule,100,100100,f5f0bc6f23182d507fbdd37ef368e22e720dd5b9c39b36cefaf771b333924af4,c8862f71877ac83c76fafa0bee37f5ca518ea68048a048cca4b199ef76514acb,157,157,0,17,0,140,0,0,157,0.10828025477707007,0.0,0.89171974522293,265.23907699398086,246.79754280785392,562.2312457984699,27666.30754275781,54.184833319501884,0.001958513373559523,36.23985956782127,0.001309891445102068,64518.455827674275,143999.99999999997,3795.20328398084,0.0008398346275401723,0.0,6943.426097606802,13.247547113680678,13.247547113680678,29.999999999999822,0.44158490378935855,0.4809021265128156,0.2846482372974468,32.0,149.71398571907685,0.0075140326612225155,20,0,3600.0,4258.6985501329555
044701d81fe1c7e816d83581e907424106a40657,poor_link,interarrival_s,1.25,synthetic_v1,781d0e388741aa6fbb946d6cc78bc0e88df2ed45e0c690bc6a0098a567f08c5c,greedy,100,100100,f5f0bc6f23182d507fbdd37ef368e22e720dd5b9c39b36cefaf771b333924af4,c8862f71877ac83c76fafa0bee37f5ca518ea68048a048cca4b199ef76514acb,157,157,0,17,0,140,0,0,157,0.10828025477707007,0.0,0.89171974522293,262.9698750431588,253.8423755348278,595.6095661137942,27666.30754275781,54.184833319501884,0.001958513373559523,36.59151891212515,0.0013226021888021586,64518.45582767426,143999.99999999997,3795.203283980839,0.0008398346275401725,0.0,6943.426097606802,10.836966663900375,10.836966663900375,29.999999999999822,0.36123222213001466,0.4809021265128155,0.2846367903881916,34.0,128.31441182569426,0.007983659702548922,20,0,3600.0,4258.6985501329555
044701d81fe1c7e816d83581e907424106a40657,poor_link,interarrival_s,1.25,synthetic_v1,781d0e388741aa6fbb946d6cc78bc0e88df2ed45e0c690bc6a0098a567f08c5c,edf,100,100100,f5f0bc6f23182d507fbdd37ef368e22e720dd5b9c39b36cefaf771b333924af4,c8862f71877ac83c76fafa0bee37f5ca518ea68048a048cca4b199ef76514acb,157,157,0,17,0,140,0,0,157,0.10828025477707007,0.0,0.89171974522293,265.23907699398086,246.79754280785392,562.2312457984699,27666.30754275781,54.184833319501884,0.001958513373559523,36.23985956782127,0.001309891445102068,64518.455827674275,143999.99999999997,3795.20328398084,0.0008398346275401723,0.0,6943.426097606802,13.247547113680678,13.247547113680678,29.999999999999822,0.44158490378935855,0.4809021265128156,0.2846482372974468,32.0,149.71398571907685,0.0075140326612225155,20,0,3600.0,4258.6985501329555
044701d81fe1c7e816d83581e907424106a40657,poor_link,interarrival_s,1.25,synthetic_v1,781d0e388741aa6fbb946d6cc78bc0e88df2ed45e0c690bc6a0098a567f08c5c,contact_knapsack,100,100100,f5f0bc6f23182d507fbdd37ef368e22e720dd5b9c39b36cefaf771b333924af4,c8862f71877ac83c76fafa0bee37f5ca518ea68048a048cca4b199ef76514acb,157,157,0,17,0,140,0,0,157,0.10828025477707007,0.0,0.89171974522293,265.23907699398086,246.79754280785392,562.2312457984699,27666.30754275781,54.184833319501884,0.001958513373559523,36.23985956782127,0.001309891445102068,64518.455827674275,143999.99999999997,3795.20328398084,0.0008398346275401723,0.0,6943.426097606802,13.247547113680678,13.247547113680678,29.999999999999822,0.44158490378935855,0.4809021265128156,0.2846482372974468,32.0,149.71398571907685,0.0075140326612225155,20,0,3600.0,4258.6985501329555
044701d81fe1c7e816d83581e907424106a40657,poor_link,interarrival_s,1.25,synthetic_v1,781d0e388741aa6fbb946d6cc78bc0e88df2ed45e0c690bc6a0098a567f08c5c,predictive,100,100100,f5f0bc6f23182d507fbdd37ef368e22e720dd5b9c39b36cefaf771b333924af4,c8862f71877ac83c76fafa0bee37f5ca518ea68048a048cca4b199ef76514acb,157,157,0,16,0,141,0,0,157,0.10191082802547771,0.0,0.8980891719745223,266.39531490391613,278.45609844391936,598.3218323973902,27666.30754275781,50.34631301171299,0.0018197698747439864,33.80706843555351,0.0012219580940935199,64248.45582767425,143999.99999999994,4015.5284892296404,0.0007836190358683597,0.0,6943.426097606802,10.069262602342597,10.069262602342597,29.999999999999822,0.3356420867447552,0.48237399159855715,0.2853436437501187,34.0,119.81751566389039,0.007983659702548922,20,0,3600.0,4258.6985501329555
044701d81fe1c7e816d83581e907424106a40657,poor_link,deadline_s,0.75,synthetic_v1,781d0e388741aa6fbb946d6cc78bc0e88df2ed45e0c690bc6a0098a567f08c5c,random,100,100100,fb4bae0c2236e7d58a526635c262ca9cfeb9fb982b623d0bd49a9322fe814e74,abe724b060a8db1b12183b02545678a2293662e2a0a22a4a1bc6617d378586bd,196,196,0,13,0,183,0,0,196,0.0663265306122449,0.02631578947368421,0.9336734693877551,219.47493006196044,217.2188450895933,449.9931278206468,35341.61520177111,89.35243419143164,0.002528249874299855,54.31805887010608,0.0015369433049393845,61733.410465336594,139186.0730436793,4748.7238819489685,0.0014473918339827211,0.0,8000,8.087121574879554,8.087121574879554,29.999999999999822,0.2695707191626534,0.45001147039582023,0.2685676640371682,26.0,92.9905606620838,0.006311035167925251,20,0,3600.0,4119.767884061322
044701d81fe1c7e816d83581e907424106a40657,poor_link,deadline_s,0.75,synthetic_v1,781d0e388741aa6fbb946d6cc78bc0e88df2ed45e0c690bc6a0098a567f08c5c,rule,100,100100,fb4bae0c2236e7d58a526635c262ca9cfeb9fb982b623d0bd49a9322fe814e74,abe724b060a8db1b12183b02545678a2293662e2a0a22a4a1bc6617d378586bd,196,196,0,13,0,183,0,0,196,0.0663265306122449,0.02631578947368421,0.9336734693877551,210.39738837229285,213.2139715013618,449.9931278206468,35341.61520177111,89.35243419143164,0.002528249874299855,58.61921315066968,0.001658645560368504,61733.410465336594,139186.0730436793,4748.7238819489685,0.0014473918339827211,0.0,8000,9.991568301682149,9.991568301682149,29.999999999999822,0.33305227672274024,0.45001147039582023,0.26853530239898954,24.0,118.83451815651279,0.005825570924238694,20,0,3600.0,4119.767884061322
044701d81fe1c7e816d83581e907424106a40657,poor_link,deadline_s,0.75,synthetic_v1,781d0e388741aa6fbb946d6cc78bc0e88df2ed45e0c690bc6a0098a567f08c5c,greedy,100,100100,fb4bae0c2236e7d58a526635c262ca9cfeb9fb982b623d0bd49a9322fe814e74,abe724b060a8db1b12183b02545678a2293662e2a0a22a4a1bc6617d378586bd,196,196,0,13,0,183,0,0,196,0.0663265306122449,0.02631578947368421,0.9336734693877551,171.93382544949569,142.07030266328604,437.9486743085231,35341.61520177111,87.93685000800662,0.0024881955594264903,57.43332461666927,0.0016250905423754107,61733.410465336594,139186.0730436793,4748.7238819489685,0.0014244612333119567,0.0,8000,7.804004738194551,7.804004738194551,29.999999999999822,0.2601334912731532,0.45001147039582023,0.26847868227015914,28.0,96.85857685503879,0.006796499411611809,20,0,3600.0,4119.767884061322
044701d81fe1c7e816d83581e907424106a40657,poor_link,deadline_s,0.75,synthetic_v1,781d0e388741aa6fbb946d6cc78bc0e88df2ed45e0c690bc6a0098a567f08c5c,edf,100,100100,fb4bae0c2236e7d58a526635c262ca9cfeb9fb982b623d0bd49a9322fe814e74,abe724b060a8db1b12183b02545678a2293662e2a0a22a4a1bc6617d378586bd,196,196,0,14,0,182,0,0,196,0.07142857142857142,0.02631578947368421,0.9285714285714286,195.10041896543675,205.464401422974,449.9931278206468,35341.61520177111,91.65582258127544,0.002593424835226043,55.43720062650949,0.0015686097058668477,61733.410465336594,139186.0730436793,4409.529318952614,0.001484703694326759,0.0,8000,10.45224597965091,10.45224597965091,29.999999999999822,0.34840819932169903,0.45001147039582023,0.26848667684996874,26.0,122.00786177593784,0.006311035167925251,20,0,3600.0,4119.767884061322
044701d81fe1c7e816d83581e907424106a40657,poor_link,deadline_s,0.75,synthetic_v1,781d0e388741aa6fbb946d6cc78bc0e88df2ed45e0c690bc6a0098a567f08c5c,contact_knapsack,100,100100,fb4bae0c2236e7d58a526635c262ca9cfeb9fb982b623d0bd49a9322fe814e74,abe724b060a8db1b12183b02545678a2293662e2a0a22a4a1bc6617d378586bd,196,196,0,14,0,182,0,0,196,0.07142857142857142,0.02631578947368421,0.9285714285714286,195.10041896543675,205.464401422974,449.9931278206468,35341.61520177111,91.65582258127544,0.002593424835226043,55.43720062650949,0.0015686097058668477,61733.410465336594,139186.0730436793,4409.529318952614,0.001484703694326759,0.0,8000,10.45224597965091,10.45224597965091,29.999999999999822,0.34840819932169903,0.45001147039582023,0.26848667684996874,26.0,122.00786177593784,0.006311035167925251,20,0,3600.0,4119.767884061322
044701d81fe1c7e816d83581e907424106a40657,poor_link,deadline_s,0.75,synthetic_v1,781d0e388741aa6fbb946d6cc78bc0e88df2ed45e0c690bc6a0098a567f08c5c,predictive,100,100100,fb4bae0c2236e7d58a526635c262ca9cfeb9fb982b623d0bd49a9322fe814e74,abe724b060a8db1b12183b02545678a2293662e2a0a22a4a1bc6617d378586bd,196,196,0,13,0,183,0,0,196,0.0663265306122449,0.02631578947368421,0.9336734693877551,172.2894567645979,155.6362565612459,439.3711206907351,35341.61520177111,87.93685000800662,0.0024881955594264903,63.66852312571016,0.001801517071650972,61751.41046533661,139186.0730436793,4750.108497333586,0.0014240460152301928,0.0,8000,7.804004738194552,7.804004738194552,29.999999999999822,0.2601334912731533,0.45001147039582023,0.2687082893178568,26.0,98.16755506469497,0.006311035167925251,20,0,3600.0,4119.767884061322
044701d81fe1c7e816d83581e907424106a40657,poor_link,deadline_s,1.0,synthetic_v1,781d0e388741aa6fbb946d6cc78bc0e88df2ed45e0c690bc6a0098a567f08c5c,random,100,100100,57462cccf57da896d2b372e2884a18801bb5ad6b12b459a0e0a82789cb4030c0,cdc3606da3aa55ed23f3330e1695ae702d6b5928a7913df19f352beec722657e,196,196,0,11,0,185,0,0,196,0.05612244897959184,0.02631578947368421,0.9438775510204082,201.57337821141425,157.67057510589336,444.3279768160405,35341.61520177111,83.34593857739793,0.0023582945516655712,44.76786345855477,0.001266718094319336,64968.51767846657,144000.00000000003,5906.228879860597,0.001282866556843461,0.0,6320.238787544255,11.738934370626959,11.738934370626959,29.999999999999822,0.3912978123542343,0.6409013114510081,0.3433885872775535,28.0,112.85513792903555,0.0065217592820248855,20,0,3600.0,4293.3200673586525
044701d81fe1c7e816d83581e907424106a40657,poor_link,deadline_s,1.0,synthetic_v1,781d0e388741aa6fbb946d6cc78bc0e88df2ed45e0c690bc6a0098a567f08c5c,rule,100,100100,57462cccf57da896d2b372e2884a18801bb5ad6b12b459a0e0a82789cb4030c0,cdc3606da3aa55ed23f3330e1695ae702d6b5928a7913df19f352beec722657e,196,196,0,15,0,181,0,0,196,0.07653061224489796,0.02631578947368421,0.923469387755102,240.05817273395814,218.04126507935825,456.4848136616379,35341.61520177111,94.30173202946509,0.002668291516702928,61.56315522953063,0.0017419451510084197,64968.51767846658,144000.00000000003,4331.234511897772,0.00145149890130125,0.0,6320.238787544255,10.981427869288838,10.981427869288838,29.999999999999822,0.36604759564296346,0.640901311451008,0.3433051263101692,28.0,128.3816451488052,0.0065217592820248855,20,0,3600.0,4293.3200673586525
044701d81fe1c7e816d83581e907424106a40657,poor_link,deadline_s,1.0,synthetic_v1,781d0e388741aa6fbb946d6cc78bc0e88df2ed45e0c690bc6a0098a567f08c5c,greedy,100,100100,57462cccf57da896d2b372e2884a18801bb5ad6b12b459a0e0a82789cb4030c0,cdc3606da3aa55ed23f3330e1695ae702d6b5928a7913df19f352beec722657e,196,196,0,15,0,181,0,0,196,0.07653061224489796,0.02631578947368421,0.923469387755102,209.75331671677324,212.29998652313316,482.7000259553188,35341.61520177111,94.12865820800477,0.002663394348860649,61.97792561233073,0.0017536811845890047,64968.51767846658,144000.00000000003,4331.234511897772,0.0014488349368513163,0.0,6320.238787544255,9.042366378194178,9.042366378194178,29.999999999999822,0.3014122126064744,0.640901311451008,0.3432360601827949,32.0,109.22372687110237,0.007453439179457013,20,0,3600.0,4293.3200673586525
044701d81fe1c7e816d83581e907424106a40657,poor_link,deadline_s,1.0,synthetic_v1,781d0e388741aa6fbb946d6cc78bc0e88df2ed45e0c690bc6a0098a567f08c5c,edf,100,100100,57462cccf57da896d2b372e2884a18801bb5ad6b12b459a0e0a82789cb4030c0,cdc3606da3aa55ed23f3330e1695ae702d6b5928a7913df19f352beec722657e,196,196,0,16,0,180,0,0,196,0.08163265306122448,0.02631578947368421,0.9183673469387755,224.56622314632932,218.04126507935825,456.4848136616379,35341.61520177111,96.60512041930889,0.002733466477629116,57.23331391042226,0.0016194311885200446,64968.51767846658,144000.00000000003,4060.5323549041614,0.001486952817631055,0.0,6320.238787544255,11.442105547257599,11.442105547257599,29.999999999999822,0.3814035182419222,0.640901311451008,0.3432426300038061,30.0,131.4601784994502,0.006987599230740949,20,0,3600.0,4293.3200673586525
044701d81fe1c7e816d83581e907424106a40657,poor_link,deadline_s,1.0,synthetic_v1,781d0e388741aa6fbb946d6cc78bc0e88df2ed45e0c690bc6a0098a567f08c5c,contact_knapsack,100,100100,57462cccf57da896d2b372e2884a18801bb5ad6b12b459a0e0a82789cb4030c0,cdc3606da3aa55ed23f3330e1695ae702d6b5928a7913df19f352beec722657e,196,196,0,16,0,180,0,0,196,0.08163265306122448,0.02631578947368421,0.9183673469387755,224.56622314632932,218.04126507935825,456.4848136616379,35341.61520177111,96.60512041930889,0.002733466477629116,57.23331391042226,0.0016194311885200446,64968.51767846658,144000.00000000003,4060.5323549041614,0.001486952817631055,0.0,6320.238787544255,11.442105547257599,11.442105547257599,29.999999999999822,0.3814035182419222,0.640901311451008,0.3432426300038061,30.0,131.4601784994502,0.006987599230740949,20,0,3600.0,4293.3200673586525
044701d81fe1c7e816d83581e907424106a40657,poor_link,deadline_s,1.0,synthetic_v1,781d0e388741aa6fbb946d6cc78bc0e88df2ed45e0c690bc6a0098a567f08c5c,predictive,100,100100,57462cccf57da896d2b372e2884a18801bb5ad6b12b459a0e0a82789cb4030c0,cdc3606da3aa55ed23f3330e1695ae702d6b5928a7913df19f352beec722657e,196,196,0,14,0,182,0,0,196,0.07142857142857142,0.02631578947368421,0.9285714285714286,194.66260535027536,201.57526388600672,480.02531444037095,35341.61520177111,91.65582258127544,0.002593424835226043,64.95592498830949,0.0018379444351217511,64878.51767846658,144000.00000000003,4634.179834176184,0.001412729912164691,0.0,6320.238787544255,8.547799252848316,8.547799252848316,29.999999999999822,0.2849266417616122,0.6409013114510081,0.3436581350066283,28.0,104.59680585727244,0.0065217592820248855,20,0,3600.0,4293.3200673586525
044701d81fe1c7e816d83581e907424106a40657,poor_link,deadline_s,1.25,synthetic_v1,781d0e388741aa6fbb946d6cc78bc0e88df2ed45e0c690bc6a0098a567f08c5c,random,100,100100,92b97aa9ee3e054c6beb219d71ed74bc231bfaebb8b107f94d1c58419aef86c2,a90ff82453817d538b68d12a8a59744fe8daaddeaf1af0c1538f3634148a0c9e,196,196,0,13,0,183,0,0,196,0.0663265306122449,0.02631578947368421,0.9336734693877551,327.68384621929414,258.3097136207366,852.5155759437073,35341.61520177111,87.4919520256177,0.0024756070577451462,46.15884917996566,0.0013060763894473181,68319.28906404057,143999.99999999997,5255.329928003121,0.0012806332329308233,0.0,3196.2994881922823,9.619471868519366,9.619471868519366,29.999999999999822,0.32064906228398077,0.7615241128656461,0.4116010051664578,38.0,101.25219715100388,0.008507071137845837,20,0,3600.0,4466.872250655984
044701d81fe1c7e816d83581e907424106a40657,poor_link,deadline_s,1.25,synthetic_v1,781d0e388741aa6fbb946d6cc78bc0e88df2ed45e0c690bc6a0098a567f08c5c,rule,100,100100,92b97aa9ee3e054c6beb219d71ed74bc231bfaebb8b107f94d1c58419aef86c2,a90ff82453817d538b68d12a8a59744fe8daaddeaf1af0c1538f3634148a0c9e,196,196,0,19,0,177,0,0,196,0.09693877551020408,0.02631578947368421,0.9030612244897959,343.19224162658907,324.39043924128055,821.4934221888197,35341.61520177111,106.24994835129932,0.0030063693395081365,63.45629784121827,0.0017955121031943732,68319.28906404057,144000.00000000003,3595.7520560021353,0.0015551969261814716,0.0,3196.2994881922823,13.371071133655684,13.371071133655684,29.999999999999822,0.4457023711218588,0.7615241128656461,0.4114142476016104,38.0,152.15861896699698,0.008507071137845837,20,0,3600.0,4466.872250655984
044701d81fe1c7e816d83581e907424106a40657,poor_link,deadline_s,1.25,synthetic_v1,781d0e388741aa6fbb946d6cc78bc0e88df2ed45e0c690bc6a0098a567f08c5c,greedy,100,100100,92b97aa9ee3e054c6beb219d71ed74bc231bfaebb8b107f94d1c58419aef86c2,a90ff82453817d538b68d12a8a59744fe8daaddeaf1af0c1538f3634148a0c9e,196,196,0,20,0,176,0,0,196,0.10204081632653061,0.02631578947368421,0.8979591836734694,326.4677129255834,331.2643004306642,701.9826709786103,35341.61520177111,108.55333674114313,0.003071544300434325,70.38159411473603,0.001991465124412563,68319.28906404057,144000.00000000003,3415.9644532020284,0.0015889119782758322,0.0,3196.2994881922823,11.927302084821854,11.927302084821854,29.999999999999822,0.3975767361607308,0.7615241128656461,0.41133333540987577,42.0,139.43547039332248,0.009402552310250662,20,0,3600.0,4466.872250655984
044701d81fe1c7e816d83581e907424106a40657,poor_link,deadline_s,1.25,synthetic_v1,781d0e388741aa6fbb946d6cc78bc0e88df2ed45e0c690bc6a0098a567f08c5c,edf,100,100100,92b97aa9ee3e054c6beb219d71ed74bc231bfaebb8b107f94d1c58419aef86c2,a90ff82453817d538b68d12a8a59744fe8daaddeaf1af0c1538f3634148a0c9e,196,196,0,21,0,175,0,0,196,0.10714285714285714,0.02631578947368421,0.8928571428571429,328.97100072193473,324.39043924128055,701.9826709786103,35341.61520177111,112.33461109595734,0.0031785364210045446,60.32100926127085,0.0017067983145899889,68319.28906404057,144000.00000000003,3253.299479240027,0.0016442590758029999,0.0,3196.2994881922823,14.58800368258729,14.58800368258729,29.999999999999822,0.48626678941957924,0.7615241128656461,0.41134197832001845,40.0,161.66859235904485,0.00895481172404825,20,0,3600.0,4466.872250655984
044701d81fe1c7e816d83581e907424106a40657,poor_link,deadline_s,1.25,synthetic_v1,781d0e388741aa6fbb946d6cc78bc0e88df2ed45e0c690bc6a0098a567f08c5c,contact_knapsack,100,100100,92b97aa9ee3e054c6beb219d71ed74bc231bfaebb8b107f94d1c58419aef86c2,a90ff82453817d538b68d12a8a59744fe8daaddeaf1af0c1538f3634148a0c9e,196,196,0,21,0,175,0,0,196,0.10714285714285714,0.02631578947368421,0.8928571428571429,328.97100072193473,324.39043924128055,701.9826709786103,35341.61520177111,112.33461109595734,0.0031785364210045446,60.32100926127085,0.0017067983145899889,68319.28906404057,144000.00000000003,3253.299479240027,0.0016442590758029999,0.0,3196.2994881922823,14.58800368258729,14.58800368258729,29.999999999999822,0.48626678941957924,0.7615241128656461,0.41134197832001845,40.0,161.66859235904485,0.00895481172404825,20,0,3600.0,4466.872250655984
044701d81fe1c7e816d83581e907424106a40657,poor_link,deadline_s,1.25,synthetic_v1,781d0e388741aa6fbb946d6cc78bc0e88df2ed45e0c690bc6a0098a567f08c5c,predictive,100,100100,92b97aa9ee3e054c6beb219d71ed74bc231bfaebb8b107f94d1c58419aef86c2,a90ff82453817d538b68d12a8a59744fe8daaddeaf1af0c1538f3634148a0c9e,196,196,0,20,0,176,0,0,196,0.10204081632653061,0.02631578947368421,0.8979591836734694,328.07103921661206,326.18668054619775,724.9872687084498,35341.61520177111,108.55333674114313,0.003071544300434325,70.03991234016092,0.001981797151609838,68027.42554751404,144000.0,3401.371277375702,0.001595729014694575,0.0,3196.2994881922823,11.927302084821854,11.927302084821854,29.999999999999822,0.3975767361607308,0.7615241128656461,0.41253826708652447,40.0,138.05602068655253,0.00895481172404825,20,0,3600.0,4466.872250655984
044701d81fe1c7e816d83581e907424106a40657,poor_link,storage_mb,0.75,synthetic_v1,781d0e388741aa6fbb946d6cc78bc0e88df2ed45e0c690bc6a0098a567f08c5c,random,100,100100,284054cb10a00d4960887b9073f3370ce7b816e1b63ae5af130a4c55418cb0e5,cdc3606da3aa55ed23f3330e1695ae702d6b5928a7913df19f352beec722657e,196,196,0,11,0,185,0,0,196,0.05612244897959184,0.02631578947368421,0.9438775510204082,201.57337821141425,157.67057510589336,444.3279768160405,35341.61520177111,83.34593857739793,0.0023582945516655712,44.76786345855477,0.001266718094319336,64968.51767846657,144000.00000000003,5906.228879860597,0.001282866556843461,0.0,6320.238787544255,11.738934370626959,11.738934370626959,29.999999999999822,0.3912978123542343,0.8545350819346775,0.4578514497034046,28.0,112.85513792903555,0.0065217592820248855,20,0,3600.0,4293.3200673586525
044701d81fe1c7e816d83581e907424106a40657,poor_link,storage_mb,0.75,synthetic_v1,781d0e388741aa6fbb946d6cc78bc0e88df2ed45e0c690bc6a0098a567f08c5c,rule,100,100100,284054cb10a00d4960887b9073f3370ce7b816e1b63ae5af130a4c55418cb0e5,cdc3606da3aa55ed23f3330e1695ae702d6b5928a7913df19f352beec722657e,196,196,0,15,0,181,0,0,196,0.07653061224489796,0.02631578947368421,0.923469387755102,240.05817273395814,218.04126507935825,456.4848136616379,35341.61520177111,94.30173202946509,0.002668291516702928,61.56315522953063,0.0017419451510084197,64968.51767846658,144000.00000000003,4331.234511897772,0.00145149890130125,0.0,6320.238787544255,10.981427869288838,10.981427869288838,29.999999999999822,0.36604759564296346,0.8545350819346774,0.4577401684135588,28.0,128.3816451488052,0.0065217592820248855,20,0,3600.0,4293.3200673586525
044701d81fe1c7e816d83581e907424106a40657,poor_link,storage_mb,0.75,synthetic_v1,781d0e388741aa6fbb946d6cc78bc0e88df2ed45e0c690bc6a0098a567f08c5c,greedy,100,100100,284054cb10a00d4960887b9073f3370ce7b816e1b63ae5af130a4c55418cb0e5,cdc3606da3aa55ed23f3330e1695ae702d6b5928a7913df19f352beec722657e,196,196,0,15,0,181,0,0,196,0.07653061224489796,0.02631578947368421,0.923469387755102,209.75331671677324,212.29998652313316,482.7000259553188,35341.61520177111,94.12865820800477,0.002663394348860649,61.97792561233073,0.0017536811845890047,64968.51767846658,144000.00000000003,4331.234511897772,0.0014488349368513163,0.0,6320.238787544255,9.042366378194178,9.042366378194178,29.999999999999822,0.3014122126064744,0.8545350819346774,0.45764808024372644,32.0,109.22372687110237,0.007453439179457013,20,0,3600.0,4293.3200673586525
044701d81fe1c7e816d83581e907424106a40657,poor_link,storage_mb,0.75,synthetic_v1,781d0e388741aa6fbb946d6cc78bc0e88df2ed45e0c690bc6a0098a567f08c5c,edf,100,100100,284054cb10a00d4960887b9073f3370ce7b816e1b63ae5af130a4c55418cb0e5,cdc3606da3aa55ed23f3330e1695ae702d6b5928a7913df19f352beec722657e,196,196,0,16,0,180,0,0,196,0.08163265306122448,0.02631578947368421,0.9183673469387755,224.56622314632932,218.04126507935825,456.4848136616379,35341.61520177111,96.60512041930889,0.002733466477629116,57.23331391042226,0.0016194311885200446,64968.51767846658,144000.00000000003,4060.5323549041614,0.001486952817631055,0.0,6320.238787544255,11.442105547257599,11.442105547257599,29.999999999999822,0.3814035182419222,0.8545350819346774,0.4576568400050748,30.0,131.4601784994502,0.006987599230740949,20,0,3600.0,4293.3200673586525
044701d81fe1c7e816d83581e907424106a40657,poor_link,storage_mb,0.75,synthetic_v1,781d0e388741aa6fbb946d6cc78bc0e88df2ed45e0c690bc6a0098a567f08c5c,contact_knapsack,100,100100,284054cb10a00d4960887b9073f3370ce7b816e1b63ae5af130a4c55418cb0e5,cdc3606da3aa55ed23f3330e1695ae702d6b5928a7913df19f352beec722657e,196,196,0,16,0,180,0,0,196,0.08163265306122448,0.02631578947368421,0.9183673469387755,224.56622314632932,218.04126507935825,456.4848136616379,35341.61520177111,96.60512041930889,0.002733466477629116,57.23331391042226,0.0016194311885200446,64968.51767846658,144000.00000000003,4060.5323549041614,0.001486952817631055,0.0,6320.238787544255,11.442105547257599,11.442105547257599,29.999999999999822,0.3814035182419222,0.8545350819346774,0.4576568400050748,30.0,131.4601784994502,0.006987599230740949,20,0,3600.0,4293.3200673586525
044701d81fe1c7e816d83581e907424106a40657,poor_link,storage_mb,0.75,synthetic_v1,781d0e388741aa6fbb946d6cc78bc0e88df2ed45e0c690bc6a0098a567f08c5c,predictive,100,100100,284054cb10a00d4960887b9073f3370ce7b816e1b63ae5af130a4c55418cb0e5,cdc3606da3aa55ed23f3330e1695ae702d6b5928a7913df19f352beec722657e,196,196,0,14,0,182,0,0,196,0.07142857142857142,0.02631578947368421,0.9285714285714286,194.66260535027536,201.57526388600672,480.02531444037095,35341.61520177111,91.65582258127544,0.002593424835226043,64.95592498830949,0.0018379444351217511,64878.51767846658,144000.00000000003,4634.179834176184,0.001412729912164691,0.0,6320.238787544255,8.547799252848316,8.547799252848316,29.999999999999822,0.2849266417616122,0.8545350819346775,0.4582108466755043,28.0,104.59680585727244,0.0065217592820248855,20,0,3600.0,4293.3200673586525
044701d81fe1c7e816d83581e907424106a40657,poor_link,storage_mb,1.0,synthetic_v1,781d0e388741aa6fbb946d6cc78bc0e88df2ed45e0c690bc6a0098a567f08c5c,random,100,100100,da51e402f9017301cc97bbf1ff5cbeb5220b99041287d1e26fee7d1e4d96807b,cdc3606da3aa55ed23f3330e1695ae702d6b5928a7913df19f352beec722657e,196,196,0,11,0,185,0,0,196,0.05612244897959184,0.02631578947368421,0.9438775510204082,201.57337821141425,157.67057510589336,444.3279768160405,35341.61520177111,83.34593857739793,0.0023582945516655712,44.76786345855477,0.001266718094319336,64968.51767846657,144000.00000000003,5906.228879860597,0.001282866556843461,0.0,6320.238787544255,11.738934370626959,11.738934370626959,29.999999999999822,0.3912978123542343,0.6409013114510081,0.3433885872775535,28.0,112.85513792903555,0.0065217592820248855,20,0,3600.0,4293.3200673586525
044701d81fe1c7e816d83581e907424106a40657,poor_link,storage_mb,1.0,synthetic_v1,781d0e388741aa6fbb946d6cc78bc0e88df2ed45e0c690bc6a0098a567f08c5c,rule,100,100100,da51e402f9017301cc97bbf1ff5cbeb5220b99041287d1e26fee7d1e4d96807b,cdc3606da3aa55ed23f3330e1695ae702d6b5928a7913df19f352beec722657e,196,196,0,15,0,181,0,0,196,0.07653061224489796,0.02631578947368421,0.923469387755102,240.05817273395814,218.04126507935825,456.4848136616379,35341.61520177111,94.30173202946509,0.002668291516702928,61.56315522953063,0.0017419451510084197,64968.51767846658,144000.00000000003,4331.234511897772,0.00145149890130125,0.0,6320.238787544255,10.981427869288838,10.981427869288838,29.999999999999822,0.36604759564296346,0.640901311451008,0.3433051263101692,28.0,128.3816451488052,0.0065217592820248855,20,0,3600.0,4293.3200673586525
044701d81fe1c7e816d83581e907424106a40657,poor_link,storage_mb,1.0,synthetic_v1,781d0e388741aa6fbb946d6cc78bc0e88df2ed45e0c690bc6a0098a567f08c5c,greedy,100,100100,da51e402f9017301cc97bbf1ff5cbeb5220b99041287d1e26fee7d1e4d96807b,cdc3606da3aa55ed23f3330e1695ae702d6b5928a7913df19f352beec722657e,196,196,0,15,0,181,0,0,196,0.07653061224489796,0.02631578947368421,0.923469387755102,209.75331671677324,212.29998652313316,482.7000259553188,35341.61520177111,94.12865820800477,0.002663394348860649,61.97792561233073,0.0017536811845890047,64968.51767846658,144000.00000000003,4331.234511897772,0.0014488349368513163,0.0,6320.238787544255,9.042366378194178,9.042366378194178,29.999999999999822,0.3014122126064744,0.640901311451008,0.3432360601827949,32.0,109.22372687110237,0.007453439179457013,20,0,3600.0,4293.3200673586525
044701d81fe1c7e816d83581e907424106a40657,poor_link,storage_mb,1.0,synthetic_v1,781d0e388741aa6fbb946d6cc78bc0e88df2ed45e0c690bc6a0098a567f08c5c,edf,100,100100,da51e402f9017301cc97bbf1ff5cbeb5220b99041287d1e26fee7d1e4d96807b,cdc3606da3aa55ed23f3330e1695ae702d6b5928a7913df19f352beec722657e,196,196,0,16,0,180,0,0,196,0.08163265306122448,0.02631578947368421,0.9183673469387755,224.56622314632932,218.04126507935825,456.4848136616379,35341.61520177111,96.60512041930889,0.002733466477629116,57.23331391042226,0.0016194311885200446,64968.51767846658,144000.00000000003,4060.5323549041614,0.001486952817631055,0.0,6320.238787544255,11.442105547257599,11.442105547257599,29.999999999999822,0.3814035182419222,0.640901311451008,0.3432426300038061,30.0,131.4601784994502,0.006987599230740949,20,0,3600.0,4293.3200673586525
044701d81fe1c7e816d83581e907424106a40657,poor_link,storage_mb,1.0,synthetic_v1,781d0e388741aa6fbb946d6cc78bc0e88df2ed45e0c690bc6a0098a567f08c5c,contact_knapsack,100,100100,da51e402f9017301cc97bbf1ff5cbeb5220b99041287d1e26fee7d1e4d96807b,cdc3606da3aa55ed23f3330e1695ae702d6b5928a7913df19f352beec722657e,196,196,0,16,0,180,0,0,196,0.08163265306122448,0.02631578947368421,0.9183673469387755,224.56622314632932,218.04126507935825,456.4848136616379,35341.61520177111,96.60512041930889,0.002733466477629116,57.23331391042226,0.0016194311885200446,64968.51767846658,144000.00000000003,4060.5323549041614,0.001486952817631055,0.0,6320.238787544255,11.442105547257599,11.442105547257599,29.999999999999822,0.3814035182419222,0.640901311451008,0.3432426300038061,30.0,131.4601784994502,0.006987599230740949,20,0,3600.0,4293.3200673586525
044701d81fe1c7e816d83581e907424106a40657,poor_link,storage_mb,1.0,synthetic_v1,781d0e388741aa6fbb946d6cc78bc0e88df2ed45e0c690bc6a0098a567f08c5c,predictive,100,100100,da51e402f9017301cc97bbf1ff5cbeb5220b99041287d1e26fee7d1e4d96807b,cdc3606da3aa55ed23f3330e1695ae702d6b5928a7913df19f352beec722657e,196,196,0,14,0,182,0,0,196,0.07142857142857142,0.02631578947368421,0.9285714285714286,194.66260535027536,201.57526388600672,480.02531444037095,35341.61520177111,91.65582258127544,0.002593424835226043,64.95592498830949,0.0018379444351217511,64878.51767846658,144000.00000000003,4634.179834176184,0.001412729912164691,0.0,6320.238787544255,8.547799252848316,8.547799252848316,29.999999999999822,0.2849266417616122,0.6409013114510081,0.3436581350066283,28.0,104.59680585727244,0.0065217592820248855,20,0,3600.0,4293.3200673586525
044701d81fe1c7e816d83581e907424106a40657,poor_link,storage_mb,1.25,synthetic_v1,781d0e388741aa6fbb946d6cc78bc0e88df2ed45e0c690bc6a0098a567f08c5c,random,100,100100,79da2237fe4d6e6c1fec0a5cab832a9c192dac30b24f9845926d6425ba130a16,cdc3606da3aa55ed23f3330e1695ae702d6b5928a7913df19f352beec722657e,196,196,0,11,0,185,0,0,196,0.05612244897959184,0.02631578947368421,0.9438775510204082,201.57337821141425,157.67057510589336,444.3279768160405,35341.61520177111,83.34593857739793,0.0023582945516655712,44.76786345855477,0.001266718094319336,64968.51767846657,144000.00000000003,5906.228879860597,0.001282866556843461,0.0,6320.238787544255,11.738934370626959,11.738934370626959,29.999999999999822,0.3912978123542343,0.5127210491608065,0.27471086982204274,28.0,112.85513792903555,0.0065217592820248855,20,0,3600.0,4293.3200673586525
044701d81fe1c7e816d83581e907424106a40657,poor_link,storage_mb,1.25,synthetic_v1,781d0e388741aa6fbb946d6cc78bc0e88df2ed45e0c690bc6a0098a567f08c5c,rule,100,100100,79da2237fe4d6e6c1fec0a5cab832a9c192dac30b24f9845926d6425ba130a16,cdc3606da3aa55ed23f3330e1695ae702d6b5928a7913df19f352beec722657e,196,196,0,15,0,181,0,0,196,0.07653061224489796,0.02631578947368421,0.923469387755102,240.05817273395814,218.04126507935825,456.4848136616379,35341.61520177111,94.30173202946509,0.002668291516702928,61.56315522953063,0.0017419451510084197,64968.51767846658,144000.00000000003,4331.234511897772,0.00145149890130125,0.0,6320.238787544255,10.981427869288838,10.981427869288838,29.999999999999822,0.36604759564296346,0.5127210491608064,0.2746441010481353,28.0,128.3816451488052,0.0065217592820248855,20,0,3600.0,4293.3200673586525
044701d81fe1c7e816d83581e907424106a40657,poor_link,storage_mb,1.25,synthetic_v1,781d0e388741aa6fbb946d6cc78bc0e88df2ed45e0c690bc6a0098a567f08c5c,greedy,100,100100,79da2237fe4d6e6c1fec0a5cab832a9c192dac30b24f9845926d6425ba130a16,cdc3606da3aa55ed23f3330e1695ae702d6b5928a7913df19f352beec722657e,196,196,0,15,0,181,0,0,196,0.07653061224489796,0.02631578947368421,0.923469387755102,209.75331671677324,212.29998652313316,482.7000259553188,35341.61520177111,94.12865820800477,0.002663394348860649,61.97792561233073,0.0017536811845890047,64968.51767846658,144000.00000000003,4331.234511897772,0.0014488349368513163,0.0,6320.238787544255,9.042366378194178,9.042366378194178,29.999999999999822,0.3014122126064744,0.5127210491608064,0.2745888481462359,32.0,109.22372687110237,0.007453439179457013,20,0,3600.0,4293.3200673586525
044701d81fe1c7e816d83581e907424106a40657,poor_link,storage_mb,1.25,synthetic_v1,781d0e388741aa6fbb946d6cc78bc0e88df2ed45e0c690bc6a0098a567f08c5c,edf,100,100100,79da2237fe4d6e6c1fec0a5cab832a9c192dac30b24f9845926d6425ba130a16,cdc3606da3aa55ed23f3330e1695ae702d6b5928a7913df19f352beec722657e,196,196,0,16,0,180,0,0,196,0.08163265306122448,0.02631578947368421,0.9183673469387755,224.56622314632932,218.04126507935825,456.4848136616379,35341.61520177111,96.60512041930889,0.002733466477629116,57.23331391042226,0.0016194311885200446,64968.51767846658,144000.00000000003,4060.5323549041614,0.001486952817631055,0.0,6320.238787544255,11.442105547257599,11.442105547257599,29.999999999999822,0.3814035182419222,0.5127210491608064,0.2745941040030449,30.0,131.4601784994502,0.006987599230740949,20,0,3600.0,4293.3200673586525
044701d81fe1c7e816d83581e907424106a40657,poor_link,storage_mb,1.25,synthetic_v1,781d0e388741aa6fbb946d6cc78bc0e88df2ed45e0c690bc6a0098a567f08c5c,contact_knapsack,100,100100,79da2237fe4d6e6c1fec0a5cab832a9c192dac30b24f9845926d6425ba130a16,cdc3606da3aa55ed23f3330e1695ae702d6b5928a7913df19f352beec722657e,196,196,0,16,0,180,0,0,196,0.08163265306122448,0.02631578947368421,0.9183673469387755,224.56622314632932,218.04126507935825,456.4848136616379,35341.61520177111,96.60512041930889,0.002733466477629116,57.23331391042226,0.0016194311885200446,64968.51767846658,144000.00000000003,4060.5323549041614,0.001486952817631055,0.0,6320.238787544255,11.442105547257599,11.442105547257599,29.999999999999822,0.3814035182419222,0.5127210491608064,0.2745941040030449,30.0,131.4601784994502,0.006987599230740949,20,0,3600.0,4293.3200673586525
044701d81fe1c7e816d83581e907424106a40657,poor_link,storage_mb,1.25,synthetic_v1,781d0e388741aa6fbb946d6cc78bc0e88df2ed45e0c690bc6a0098a567f08c5c,predictive,100,100100,79da2237fe4d6e6c1fec0a5cab832a9c192dac30b24f9845926d6425ba130a16,cdc3606da3aa55ed23f3330e1695ae702d6b5928a7913df19f352beec722657e,196,196,0,14,0,182,0,0,196,0.07142857142857142,0.02631578947368421,0.9285714285714286,194.66260535027536,201.57526388600672,480.02531444037095,35341.61520177111,91.65582258127544,0.002593424835226043,64.95592498830949,0.0018379444351217511,64878.51767846658,144000.00000000003,4634.179834176184,0.001412729912164691,0.0,6320.238787544255,8.547799252848316,8.547799252848316,29.999999999999822,0.2849266417616122,0.5127210491608065,0.2749265080053026,28.0,104.59680585727244,0.0065217592820248855,20,0,3600.0,4293.3200673586525
044701d81fe1c7e816d83581e907424106a40657,task_burst,available_energy_j,0.75,synthetic_v1,781d0e388741aa6fbb946d6cc78bc0e88df2ed45e0c690bc6a0098a567f08c5c,random,100,100100,6c1141a6f8a6cb5ec8b0236926e6a094bdbfd6fb863b082d15e20e07d44c396d,c26ffababde35dc2eccf67f481452c34e08b15fafdc0ed211f83460252e592dc,913,844,69,28,0,816,0,0,913,0.03066812705366922,0.02881844380403458,0.966824644549763,148.89926316039677,121.45321121851293,347.4708352744465,168176.0663697085,2090.221873503694,0.012428771338417867,1079.5947536231863,0.006419431592899003,87271.87251242346,129259.7165223747,3116.8525897294094,0.023950693543399605,0.0,8000,268.44032346790055,268.44032346790055,862.4999999999984,0.31123515764394327,0.9999423485593633,0.8218591831971739,716.3800126504375,323.8501077005815,0.1811635004418156,35.88128275406399,0,3600.0,3954.3286087062434
044701d81fe1c7e816d83581e907424106a40657,task_burst,available_energy_j,0.75,synthetic_v1,781d0e388741aa6fbb946d6cc78bc0e88df2ed45e0c690bc6a0098a567f08c5c,rule,100,100100,6c1141a6f8a6cb5ec8b0236926e6a094bdbfd6fb863b082d15e20e07d44c396d,c26ffababde35dc2eccf67f481452c34e08b15fafdc0ed211f83460252e592dc,913,844,69,60,0,784,0,0,913,0.06571741511500548,0.1037463976945245,0.9289099526066351,157.68120777782906,151.90139033085734,348.66385857735133,168176.0663697085,4276.296622229464,0.025427498184127473,527.5356632524858,0.0031368058169037086,109049.73961944644,129259.71652237464,1817.4956603241073,0.0392141846202711,0.0,8000,446.74945852495387,446.74945852495387,862.4999999999984,0.5179703866955997,0.9999637266497811,0.8221338690375775,974.2307602076876,542.1558915130599,0.2463707133652788,60,0,3600.0,3954.3286087062434
044701d81fe1c7e816d83581e907424106a40657,task_burst,available_energy_j,0.75,synthetic_v1,781d0e388741aa6fbb946d6cc78bc0e88df2ed45e0c690bc6a0098a567f08c5c,greedy,100,100100,6c1141a6f8a6cb5ec8b0236926e6a094bdbfd6fb863b082d15e20e07d44c396d,c26ffababde35dc2eccf67f481452c34e08b15fafdc0ed211f83460252e592dc,913,845,68,47,0,798,0,0,913,0.05147864184008762,0.05475504322766571,0.9443786982248521,47.179093035743115,20.173444678785216,150.21102617480096,168176.0663697085,1921.2117197087782,0.011423811730054963,1612.4736609921188,0.009588009137087022,106415.47451370384,129259.71652237464,2264.159032206465,0.018053875420734704,0.0,8000,281.6389506482692,281.6389506482692,862.4999999999984,0.32653791379509534,0.9999009390962945,0.8182461334649714,1300.0599248470262,319.95756263174405,0.3287688134933159,60,0,3600.0,3954.3286087062434
044701d81fe1c7e816d83581e907424106a40657,task_burst,available_energy_j,0.75,synthetic_v1,781d0e388741aa6fbb946d6cc78bc0e88df2ed45e0c690bc6a0098a567f08c5c,edf,100,100100,6c1141a6f8a6cb5ec8b0236926e6a094bdbfd6fb863b082d15e20e07d44c396d,c26ffababde35dc2eccf67f481452c34e08b15fafdc0ed211f83460252e592dc,913,843,70,73,0,770,0,0,913,0.07995618838992333,0.0893371757925072,0.9134045077105575,198.96447069955633,183.0376064679267,368.921599462164,168176.0663697085,3690.842010369268,0.021946297651269445,942.3820030211124,0.005603544091401415,109368.32042825707,129259.71652237473,1498.1961702500969,0.03374690217347143,0.0,8000,453.06823332704715,453.06823332704715,862.4999999999984,0.5252965024081716,0.999900939096294,0.8222768709259118,982.3673449698047,552.4774339098813,0.24842835337632965,60,0,3600.0,3954.3286087062434
044701d81fe1c7e816d83581e907424106a40657,task_burst,available_energy_j,0.75,synthetic_v1,781d0e388741aa6fbb946d6cc78bc0e88df2ed45e0c690bc6a0098a567f08c5c,contact_knapsack,100,100100,6c1141a6f8a6cb5ec8b0236926e6a094bdbfd6fb863b082d15e20e07d44c396d,c26ffababde35dc2eccf67f481452c34e08b15fafdc0ed211f83460252e592dc,913,843,70,65,0,778,0,0,913,0.07119386637458927,0.09221902017291066,0.9228944246737841,156.9901923673152,168.6621182421207,346.8682925602893,168176.0663697085,3961.032078969172,0.023552888139632595,519.2930219976552,0.0030877938413428666,109123.23814512286,129259.71652237476,1678.8190483865055,0.03629870361527762,0.0,8000,439.10148512316454,439.10148512316454,862.4999999999984,0.5091031711572932,0.999900939096294,0.8198997915819578,993.7826214589297,540.3700705715739,0.2513151333126233,60,0,3600.0,3954.3286087062434
044701d81fe1c7e816d83581e907424106a40657,task_burst,available_energy_j,0.75,synthetic_v1,781d0e388741aa6fbb946d6cc78bc0e88df2ed45e0c690bc6a0098a567f08c5c,predictive,100,100100,6c1141a6f8a6cb5ec8b0236926e6a094bdbfd6fb863b082d15e20e07d44c396d,c26ffababde35dc2eccf67f481452c34e08b15fafdc0ed211f83460252e592dc,913,852,61,60,0,792,0,0,913,0.06571741511500548,0.09798270893371758,0.9295774647887324,35.790631716246075,24.195828115777886,91.2526749128599,168176.0663697085,4119.975764281488,0.024497991023433575,3376.8588090287985,0.02007930665713936,94232.18052119436,129259.71652237461,1570.536342019906,0.04372153696851829,0.0,8000,473.4828116263621,473.4828116263621,862.4999999999984,0.5489655786972324,0.999700552349086,0.8277706914108727,378.76820616868235,590.632742324032,0.09578571829734853,20.040367510382506,0,3600.0,3954.3286087062434
044701d81fe1c7e816d83581e907424106a40657,task_burst,available_energy_j,1.0,synthetic_v1,781d0e388741aa6fbb946d6cc78bc0e88df2ed45e0c690bc6a0098a567f08c5c,random,100,100100,3e355827097905e57a54abe68ff2325ddcc365a61011f802de444d0e38e8001d,c26ffababde35dc2eccf67f481452c34e08b15fafdc0ed211f83460252e592dc,913,844,69,28,0,816,0,0,913,0.03066812705366922,0.02881844380403458,0.966824644549763,148.89926316039677,121.45321121851293,347.4708352744465,168176.0663697085,2090.221873503694,0.012428771338417867,1079.5947536231863,0.006419431592899003,87271.87251242346,129259.7165223747,3116.8525897294094,0.023950693543399605,0.0,8000,268.44032346790055,268.44032346790055,862.4999999999984,0.31123515764394327,0.9999423485593633,0.8218591831971739,716.3800126504375,323.8501077005815,0.1811635004418156,35.88128275406399,0,3600.0,3954.3286087062434
044701d81fe1c7e816d83581e907424106a40657,task_burst,available_energy_j,1.0,synthetic_v1,781d0e388741aa6fbb946d6cc78bc0e88df2ed45e0c690bc6a0098a567f08c5c,rule,100,100100,3e355827097905e57a54abe68ff2325ddcc365a61011f802de444d0e38e8001d,c26ffababde35dc2eccf67f481452c34e08b15fafdc0ed211f83460252e592dc,913,844,69,60,0,784,0,0,913,0.06571741511500548,0.1037463976945245,0.9289099526066351,157.68120777782906,151.90139033085734,348.66385857735133,168176.0663697085,4276.296622229464,0.025427498184127473,527.5356632524858,0.0031368058169037086,109049.73961944644,129259.71652237464,1817.4956603241073,0.0392141846202711,0.0,8000,446.74945852495387,446.74945852495387,862.4999999999984,0.5179703866955997,0.9999637266497811,0.8221338690375775,974.2307602076876,542.1558915130599,0.2463707133652788,60,0,3600.0,3954.3286087062434
044701d81fe1c7e816d83581e907424106a40657,task_burst,available_energy_j,1.0,synthetic_v1,781d0e388741aa6fbb946d6cc78bc0e88df2ed45e0c690bc6a0098a567f08c5c,greedy,100,100100,3e355827097905e57a54abe68ff2325ddcc365a61011f802de444d0e38e8001d,c26ffababde35dc2eccf67f481452c34e08b15fafdc0ed211f83460252e592dc,913,845,68,47,0,798,0,0,913,0.05147864184008762,0.05475504322766571,0.9443786982248521,47.179093035743115,20.173444678785216,150.21102617480096,168176.0663697085,1921.2117197087782,0.011423811730054963,1612.4736609921188,0.009588009137087022,106415.47451370384,129259.71652237464,2264.159032206465,0.018053875420734704,0.0,8000,281.6389506482692,281.6389506482692,862.4999999999984,0.32653791379509534,0.9999009390962945,0.8182461334649714,1300.0599248470262,319.95756263174405,0.3287688134933159,60,0,3600.0,3954.3286087062434
044701d81fe1c7e816d83581e907424106a40657,task_burst,available_energy_j,1.0,synthetic_v1,781d0e388741aa6fbb946d6cc78bc0e88df2ed45e0c690bc6a0098a567f08c5c,edf,100,100100,3e355827097905e57a54abe68ff2325ddcc365a61011f802de444d0e38e8001d,c26ffababde35dc2eccf67f481452c34e08b15fafdc0ed211f83460252e592dc,913,843,70,73,0,770,0,0,913,0.07995618838992333,0.0893371757925072,0.9134045077105575,198.96447069955633,183.0376064679267,368.921599462164,168176.0663697085,3690.842010369268,0.021946297651269445,942.3820030211124,0.005603544091401415,109368.32042825707,129259.71652237473,1498.1961702500969,0.03374690217347143,0.0,8000,453.06823332704715,453.06823332704715,862.4999999999984,0.5252965024081716,0.999900939096294,0.8222768709259118,982.3673449698047,552.4774339098813,0.24842835337632965,60,0,3600.0,3954.3286087062434
044701d81fe1c7e816d83581e907424106a40657,task_burst,available_energy_j,1.0,synthetic_v1,781d0e388741aa6fbb946d6cc78bc0e88df2ed45e0c690bc6a0098a567f08c5c,contact_knapsack,100,100100,3e355827097905e57a54abe68ff2325ddcc365a61011f802de444d0e38e8001d,c26ffababde35dc2eccf67f481452c34e08b15fafdc0ed211f83460252e592dc,913,843,70,65,0,778,0,0,913,0.07119386637458927,0.09221902017291066,0.9228944246737841,156.9901923673152,168.6621182421207,346.8682925602893,168176.0663697085,3961.032078969172,0.023552888139632595,519.2930219976552,0.0030877938413428666,109123.23814512286,129259.71652237476,1678.8190483865055,0.03629870361527762,0.0,8000,439.10148512316454,439.10148512316454,862.4999999999984,0.5091031711572932,0.999900939096294,0.8198997915819578,993.7826214589297,540.3700705715739,0.2513151333126233,60,0,3600.0,3954.3286087062434
044701d81fe1c7e816d83581e907424106a40657,task_burst,available_energy_j,1.0,synthetic_v1,781d0e388741aa6fbb946d6cc78bc0e88df2ed45e0c690bc6a0098a567f08c5c,predictive,100,100100,3e355827097905e57a54abe68ff2325ddcc365a61011f802de444d0e38e8001d,c26ffababde35dc2eccf67f481452c34e08b15fafdc0ed211f83460252e592dc,913,852,61,60,0,792,0,0,913,0.06571741511500548,0.09798270893371758,0.9295774647887324,35.790631716246075,24.195828115777886,91.2526749128599,168176.0663697085,4119.975764281488,0.024497991023433575,3376.8588090287985,0.02007930665713936,94232.18052119436,129259.71652237461,1570.536342019906,0.04372153696851829,0.0,8000,473.4828116263621,473.4828116263621,862.4999999999984,0.5489655786972324,0.999700552349086,0.8277706914108727,378.76820616868235,590.632742324032,0.09578571829734853,20.040367510382506,0,3600.0,3954.3286087062434
044701d81fe1c7e816d83581e907424106a40657,task_burst,available_energy_j,1.25,synthetic_v1,781d0e388741aa6fbb946d6cc78bc0e88df2ed45e0c690bc6a0098a567f08c5c,random,100,100100,d145a8232fba14f9ddecad48c72f6950760d3dd49e396a34669f245e7f1b0e91,c26ffababde35dc2eccf67f481452c34e08b15fafdc0ed211f83460252e592dc,913,844,69,28,0,816,0,0,913,0.03066812705366922,0.02881844380403458,0.966824644549763,148.89926316039677,121.45321121851293,347.4708352744465,168176.0663697085,2090.221873503694,0.012428771338417867,1079.5947536231863,0.006419431592899003,87271.87251242346,129259.7165223747,3116.8525897294094,0.023950693543399605,0.0,8000,268.44032346790055,268.44032346790055,862.4999999999984,0.31123515764394327,0.9999423485593633,0.8218591831971739,716.3800126504375,323.8501077005815,0.1811635004418156,35.88128275406399,0,3600.0,3954.3286087062434
044701d81fe1c7e816d83581e907424106a40657,task_burst,available_energy_j,1.25,synthetic_v1,781d0e388741aa6fbb946d6cc78bc0e88df2ed45e0c690bc6a0098a567f08c5c,rule,100,100100,d145a8232fba14f9ddecad48c72f6950760d3dd49e396a34669f245e7f1b0e91,c26ffababde35dc2eccf67f481452c34e08b15fafdc0ed211f83460252e592dc,913,844,69,60,0,784,0,0,913,0.06571741511500548,0.1037463976945245,0.9289099526066351,157.68120777782906,151.90139033085734,348.66385857735133,168176.0663697085,4276.296622229464,0.025427498184127473,527.5356632524858,0.0031368058169037086,109049.73961944644,129259.71652237464,1817.4956603241073,0.0392141846202711,0.0,8000,446.74945852495387,446.74945852495387,862.4999999999984,0.5179703866955997,0.9999637266497811,0.8221338690375775,974.2307602076876,542.1558915130599,0.2463707133652788,60,0,3600.0,3954.3286087062434
044701d81fe1c7e816d83581e907424106a40657,task_burst,available_energy_j,1.25,synthetic_v1,781d0e388741aa6fbb946d6cc78bc0e88df2ed45e0c690bc6a0098a567f08c5c,greedy,100,100100,d145a8232fba14f9ddecad48c72f6950760d3dd49e396a34669f245e7f1b0e91,c26ffababde35dc2eccf67f481452c34e08b15fafdc0ed211f83460252e592dc,913,845,68,47,0,798,0,0,913,0.05147864184008762,0.05475504322766571,0.9443786982248521,47.179093035743115,20.173444678785216,150.21102617480096,168176.0663697085,1921.2117197087782,0.011423811730054963,1612.4736609921188,0.009588009137087022,106415.47451370384,129259.71652237464,2264.159032206465,0.018053875420734704,0.0,8000,281.6389506482692,281.6389506482692,862.4999999999984,0.32653791379509534,0.9999009390962945,0.8182461334649714,1300.0599248470262,319.95756263174405,0.3287688134933159,60,0,3600.0,3954.3286087062434
044701d81fe1c7e816d83581e907424106a40657,task_burst,available_energy_j,1.25,synthetic_v1,781d0e388741aa6fbb946d6cc78bc0e88df2ed45e0c690bc6a0098a567f08c5c,edf,100,100100,d145a8232fba14f9ddecad48c72f6950760d3dd49e396a34669f245e7f1b0e91,c26ffababde35dc2eccf67f481452c34e08b15fafdc0ed211f83460252e592dc,913,843,70,73,0,770,0,0,913,0.07995618838992333,0.0893371757925072,0.9134045077105575,198.96447069955633,183.0376064679267,368.921599462164,168176.0663697085,3690.842010369268,0.021946297651269445,942.3820030211124,0.005603544091401415,109368.32042825707,129259.71652237473,1498.1961702500969,0.03374690217347143,0.0,8000,453.06823332704715,453.06823332704715,862.4999999999984,0.5252965024081716,0.999900939096294,0.8222768709259118,982.3673449698047,552.4774339098813,0.24842835337632965,60,0,3600.0,3954.3286087062434
044701d81fe1c7e816d83581e907424106a40657,task_burst,available_energy_j,1.25,synthetic_v1,781d0e388741aa6fbb946d6cc78bc0e88df2ed45e0c690bc6a0098a567f08c5c,contact_knapsack,100,100100,d145a8232fba14f9ddecad48c72f6950760d3dd49e396a34669f245e7f1b0e91,c26ffababde35dc2eccf67f481452c34e08b15fafdc0ed211f83460252e592dc,913,843,70,65,0,778,0,0,913,0.07119386637458927,0.09221902017291066,0.9228944246737841,156.9901923673152,168.6621182421207,346.8682925602893,168176.0663697085,3961.032078969172,0.023552888139632595,519.2930219976552,0.0030877938413428666,109123.23814512286,129259.71652237476,1678.8190483865055,0.03629870361527762,0.0,8000,439.10148512316454,439.10148512316454,862.4999999999984,0.5091031711572932,0.999900939096294,0.8198997915819578,993.7826214589297,540.3700705715739,0.2513151333126233,60,0,3600.0,3954.3286087062434
044701d81fe1c7e816d83581e907424106a40657,task_burst,available_energy_j,1.25,synthetic_v1,781d0e388741aa6fbb946d6cc78bc0e88df2ed45e0c690bc6a0098a567f08c5c,predictive,100,100100,d145a8232fba14f9ddecad48c72f6950760d3dd49e396a34669f245e7f1b0e91,c26ffababde35dc2eccf67f481452c34e08b15fafdc0ed211f83460252e592dc,913,852,61,60,0,792,0,0,913,0.06571741511500548,0.09798270893371758,0.9295774647887324,30.345948472509782,24.13715366470717,83.81288490844827,168176.0663697085,4094.747346950997,0.024347979087281906,3365.9099430370175,0.02001420306524233,94583.98265264736,129259.71652237461,1576.399710877456,0.043292185760338005,0.0,8000,472.52299246128547,472.52299246128547,862.4999999999984,0.5478527448826508,0.9997489536012382,0.8274044928502192,389.62464174352255,590.2888450810054,0.09853117439094115,20.708882356369724,0,3600.0,3954.3286087062434
044701d81fe1c7e816d83581e907424106a40657,task_burst,contact_bandwidth,0.75,synthetic_v1,781d0e388741aa6fbb946d6cc78bc0e88df2ed45e0c690bc6a0098a567f08c5c,random,100,100100,e48fcb73ad5a6e37bc067cd5f88d9971ab578f4fc8d1274cd3abafdcec92af58,c26ffababde35dc2eccf67f481452c34e08b15fafdc0ed211f83460252e592dc,913,841,72,19,0,822,0,0,913,0.0208105147864184,0.01440922190201729,0.9774078478002378,180.3367492739552,197.24659890225678,378.71698032533186,168176.0663697085,1591.703441364826,0.009464506310105491,893.4738220466021,0.005312728745138093,89526.09717991075,129259.71652237469,4711.89985157425,0.017779211777389944,0.0,8000,231.51927168041374,231.51927168041374,646.8749999999986,0.3579041881049882,0.9999009390962931,0.8252009507527369,626.5297961210383,398.4454635311699,0.15844151008128357,26.83763604750426,0,3600.0,3954.3286087062434
044701d81fe1c7e816d83581e907424106a40657,task_burst,contact_bandwidth,0.75,synthetic_v1,781d0e388741aa6fbb946d6cc78bc0e88df2ed45e0c690bc6a0098a567f08c5c,rule,100,100100,e48fcb73ad5a6e37bc067cd5f88d9971ab578f4fc8d1274cd3abafdcec92af58,c26ffababde35dc2eccf67f481452c34e08b15fafdc0ed211f83460252e592dc,913,846,67,53,0,793,0,0,913,0.05805038335158817,0.08645533141210375,0.9373522458628841,159.3805147259901,132.83438478678508,366.4547216139222,168176.0663697085,2815.128088361598,0.016739171923387624,487.4559786721012,0.0028984860283300137,106381.92342798122,129259.71652237473,2007.2061024147401,0.026462466532365274,0.0,8000,347.0871893213017,347.0871893213017,646.8749999999986,0.5365599061971825,0.9999910241429737,0.8247009562273765,870.2364169198912,564.4956277829347,0.2200718511364716,53.01010104314173,0,3600.0,3954.3286087062434
044701d81fe1c7e816d83581e907424106a40657,task_burst,contact_bandwidth,0.75,synthetic_v1,781d0e388741aa6fbb946d6cc78bc0e88df2ed45e0c690bc6a0098a567f08c5c,greedy,100,100100,e48fcb73ad5a6e37bc067cd5f88d9971ab578f4fc8d1274cd3abafdcec92af58,c26ffababde35dc2eccf67f481452c34e08b15fafdc0ed211f83460252e592dc,913,842,71,32,0,810,0,0,913,0.03504928806133625,0.04610951008645533,0.9619952494061758,38.53608211013567,18.305574915278157,154.9001370360013,168176.0663697085,1449.3825397400685,0.008618244979959454,1196.7243530375724,0.007115901678939041,103479.46137524178,129259.7165223747,3233.7331679763056,0.014006475492602862,0.0,8000,200.21611075102163,200.21611075102163,646.8749999999986,0.3095128282141404,0.9999464699674706,0.8219022535383338,1253.2898555101988,297.17102019603004,0.3169412508487107,60,0,3600.0,3954.3286087062434
044701d81fe1c7e816d83581e907424106a40657,task_burst,contact_bandwidth,0.75,synthetic_v1,781d0e388741aa6fbb946d6cc78bc0e88df2ed45e0c690bc6a0098a567f08c5c,edf,100,100100,e48fcb73ad5a6e37bc067cd5f88d9971ab578f4fc8d1274cd3abafdcec92af58,c26ffababde35dc2eccf67f481452c34e08b15fafdc0ed211f83460252e592dc,913,845,68,68,0,777,0,0,913,0.07447973713033954,0.06628242074927954,0.919526627218935,196.02362089234083,181.59701563487062,363.41272909599667,168176.0663697085,2714.1210477242093,0.016138568978998732,663.3239958760446,0.00394422351642969,106536.13922712504,129259.71652237486,1566.7079298106623,0.025476059742863013,0.0,8000,332.54444148593313,332.54444148593313,646.8749999999986,0.5140783636497528,0.9999009390962937,0.821546676809714,913.5496419043584,542.3649035451123,0.23102522129622627,57.19488156442593,0,3600.0,3954.3286087062434
044701d81fe1c7e816d83581e907424106a40657,task_burst,contact_bandwidth,0.75,synthetic_v1,781d0e388741aa6fbb946d6cc78bc0e88df2ed45e0c690bc6a0098a567f08c5c,contact_knapsack,100,100100,e48fcb73ad5a6e37bc067cd5f88d9971ab578f4fc8d1274cd3abafdcec92af58,c26ffababde35dc2eccf67f481452c34e08b15fafdc0ed211f83460252e592dc,913,843,70,59,0,784,0,0,913,0.06462212486308871,0.08069164265129683,0.930011862396204,149.92206557456606,140.531859159271,338.07917380949345,168176.0663697085,2857.319856561404,0.01699005047650501,477.67364010553456,0.0028403187826705647,106390.75807421692,129259.71652237479,1803.233187698592,0.026856842720945476,0.0,8000,328.1775294175249,328.1775294175249,646.8749999999986,0.5073275817082521,0.9999009390962936,0.8230648019143585,910.518567367996,541.4110871960899,0.23025870064599782,56.89177411078966,0,3600.0,3954.3286087062434
044701d81fe1c7e816d83581e907424106a40657,task_burst,contact_bandwidth,0.75,synthetic_v1,781d0e388741aa6fbb946d6cc78bc0e88df2ed45e0c690bc6a0098a567f08c5c,predictive,100,100100,e48fcb73ad5a6e37bc067cd5f88d9971ab578f4fc8d1274cd3abafdcec92af58,c26ffababde35dc2eccf67f481452c34e08b15fafdc0ed211f83460252e592dc,913,846,67,63,0,783,0,0,913,0.06900328587075576,0.08645533141210375,0.925531914893617,38.12897807842113,23.173101553847573,132.9605905624544,168176.0663697085,3179.8287264916166,0.01890773636898645,2452.353049907186,0.014582057380959756,93117.91809419618,129259.71652237473,1478.062191971368,0.03414840872274407,0.0,8000,353.82194511641814,353.82194511641814,646.8749999999986,0.5469711228852853,0.9997268211953035,0.8309130954510692,335.9235644745101,594.2496715170209,0.08495084696170858,20.040367510382506,0,3600.0,3954.3286087062434
044701d81fe1c7e816d83581e907424106a40657,task_burst,contact_bandwidth,1.0,synthetic_v1,781d0e388741aa6fbb946d6cc78bc0e88df2ed45e0c690bc6a0098a567f08c5c,random,100,100100,dec7af41aa55400439c96760e55a223704e0d0e020d883590f92afad37006f38,c26ffababde35dc2eccf67f481452c34e08b15fafdc0ed211f83460252e592dc,913,844,69,28,0,816,0,0,913,0.03066812705366922,0.02881844380403458,0.966824644549763,148.89926316039677,121.45321121851293,347.4708352744465,168176.0663697085,2090.221873503694,0.012428771338417867,1079.5947536231863,0.006419431592899003,87271.87251242346,129259.7165223747,3116.8525897294094,0.023950693543399605,0.0,8000,268.44032346790055,268.44032346790055,862.4999999999984,0.31123515764394327,0.9999423485593633,0.8218591831971739,716.3800126504375,323.8501077005815,0.1811635004418156,35.88128275406399,0,3600.0,3954.3286087062434
044701d81fe1c7e816d83581e907424106a40657,task_burst,contact_bandwidth,1.0,synthetic_v1,781d0e388741aa6fbb946d6cc78bc0e88df2ed45e0c690bc6a0098a567f08c5c,rule,100,100100,dec7af41aa55400439c96760e55a223704e0d0e020d883590f92afad37006f38,c26ffababde35dc2eccf67f481452c34e08b15fafdc0ed211f83460252e592dc,913,844,69,60,0,784,0,0,913,0.06571741511500548,0.1037463976945245,0.9289099526066351,157.68120777782906,151.90139033085734,348.66385857735133,168176.0663697085,4276.296622229464,0.025427498184127473,527.5356632524858,0.0031368058169037086,109049.73961944644,129259.71652237464,1817.4956603241073,0.0392141846202711,0.0,8000,446.74945852495387,446.74945852495387,862.4999999999984,0.5179703866955997,0.9999637266497811,0.8221338690375775,974.2307602076876,542.1558915130599,0.2463707133652788,60,0,3600.0,3954.3286087062434
044701d81fe1c7e816d83581e907424106a40657,task_burst,contact_bandwidth,1.0,synthetic_v1,781d0e388741aa6fbb946d6cc78bc0e88df2ed45e0c690bc6a0098a567f08c5c,greedy,100,100100,dec7af41aa55400439c96760e55a223704e0d0e020d883590f92afad37006f38,c26ffababde35dc2eccf67f481452c34e08b15fafdc0ed211f83460252e592dc,913,845,68,47,0,798,0,0,913,0.05147864184008762,0.05475504322766571,0.9443786982248521,47.179093035743115,20.173444678785216,150.21102617480096,168176.0663697085,1921.2117197087782,0.011423811730054963,1612.4736609921188,0.009588009137087022,106415.47451370384,129259.71652237464,2264.159032206465,0.018053875420734704,0.0,8000,281.6389506482692,281.6389506482692,862.4999999999984,0.32653791379509534,0.9999009390962945,0.8182461334649714,1300.0599248470262,319.95756263174405,0.3287688134933159,60,0,3600.0,3954.3286087062434
044701d81fe1c7e816d83581e907424106a40657,task_burst,contact_bandwidth,1.0,synthetic_v1,781d0e388741aa6fbb946d6cc78bc0e88df2ed45e0c690bc6a0098a567f08c5c,edf,100,100100,dec7af41aa55400439c96760e55a223704e0d0e020d883590f92afad37006f38,c26ffababde35dc2eccf67f481452c34e08b15fafdc0ed211f83460252e592dc,913,843,70,73,0,770,0,0,913,0.07995618838992333,0.0893371757925072,0.9134045077105575,198.96447069955633,183.0376064679267,368.921599462164,168176.0663697085,3690.842010369268,0.021946297651269445,942.3820030211124,0.005603544091401415,109368.32042825707,129259.71652237473,1498.1961702500969,0.03374690217347143,0.0,8000,453.06823332704715,453.06823332704715,862.4999999999984,0.5252965024081716,0.999900939096294,0.8222768709259118,982.3673449698047,552.4774339098813,0.24842835337632965,60,0,3600.0,3954.3286087062434
044701d81fe1c7e816d83581e907424106a40657,task_burst,contact_bandwidth,1.0,synthetic_v1,781d0e388741aa6fbb946d6cc78bc0e88df2ed45e0c690bc6a0098a567f08c5c,contact_knapsack,100,100100,dec7af41aa55400439c96760e55a223704e0d0e020d883590f92afad37006f38,c26ffababde35dc2eccf67f481452c34e08b15fafdc0ed211f83460252e592dc,913,843,70,65,0,778,0,0,913,0.07119386637458927,0.09221902017291066,0.9228944246737841,156.9901923673152,168.6621182421207,346.8682925602893,168176.0663697085,3961.032078969172,0.023552888139632595,519.2930219976552,0.0030877938413428666,109123.23814512286,129259.71652237476,1678.8190483865055,0.03629870361527762,0.0,8000,439.10148512316454,439.10148512316454,862.4999999999984,0.5091031711572932,0.999900939096294,0.8198997915819578,993.7826214589297,540.3700705715739,0.2513151333126233,60,0,3600.0,3954.3286087062434
044701d81fe1c7e816d83581e907424106a40657,task_burst,contact_bandwidth,1.0,synthetic_v1,781d0e388741aa6fbb946d6cc78bc0e88df2ed45e0c690bc6a0098a567f08c5c,predictive,100,100100,dec7af41aa55400439c96760e55a223704e0d0e020d883590f92afad37006f38,c26ffababde35dc2eccf67f481452c34e08b15fafdc0ed211f83460252e592dc,913,852,61,60,0,792,0,0,913,0.06571741511500548,0.09798270893371758,0.9295774647887324,35.790631716246075,24.195828115777886,91.2526749128599,168176.0663697085,4119.975764281488,0.024497991023433575,3376.8588090287985,0.02007930665713936,94232.18052119436,129259.71652237461,1570.536342019906,0.04372153696851829,0.0,8000,473.4828116263621,473.4828116263621,862.4999999999984,0.5489655786972324,0.999700552349086,0.8277706914108727,378.76820616868235,590.632742324032,0.09578571829734853,20.040367510382506,0,3600.0,3954.3286087062434
044701d81fe1c7e816d83581e907424106a40657,task_burst,contact_bandwidth,1.25,synthetic_v1,781d0e388741aa6fbb946d6cc78bc0e88df2ed45e0c690bc6a0098a567f08c5c,random,100,100100,e010d7a017999f22c40a70e420136aeaa21029e708dddcc932dfa38312267da1,c26ffababde35dc2eccf67f481452c34e08b15fafdc0ed211f83460252e592dc,913,849,64,26,0,823,0,0,913,0.028477546549835708,0.025936599423631124,0.9693757361601885,135.84604914397582,141.80150304150857,310.6172709810576,168176.0663697085,2028.6956330714897,0.012062927126691873,894.6280892393208,0.005319592190202751,88998.39402674603,129259.71652237467,3423.015154874847,0.022794744278889133,0.0,8000,303.3152371087204,303.3152371087204,1078.124999999998,0.28133587210084265,0.9999488490971055,0.8227413289062256,775.9091027011989,321.57419201767135,0.19621765904656488,39.61417309277133,0,3600.0,3954.3286087062434
044701d81fe1c7e816d83581e907424106a40657,task_burst,contact_bandwidth,1.25,synthetic_v1,781d0e388741aa6fbb946d6cc78bc0e88df2ed45e0c690bc6a0098a567f08c5c,rule,100,100100,e010d7a017999f22c40a70e420136aeaa21029e708dddcc932dfa38312267da1,c26ffababde35dc2eccf67f481452c34e08b15fafdc0ed211f83460252e592dc,913,849,64,61,0,788,0,0,913,0.06681270536692223,0.11815561959654179,0.928150765606596,157.9520832470697,153.42991643687787,315.861639494929,168176.0663697085,5606.922973218074,0.0333396011349923,701.6154154041044,0.004171910014007069,110608.88526000438,129259.71652237482,1813.2604140984324,0.050691433694843586,0.0,8000,573.7064042316099,573.7064042316099,1078.124999999998,0.5321334763887406,0.9999009390962935,0.818056688373356,1024.5435487543343,553.6490820975378,0.2590941851667556,60,0,3600.0,3954.3286087062434
044701d81fe1c7e816d83581e907424106a40657,task_burst,contact_bandwidth,1.25,synthetic_v1,781d0e388741aa6fbb946d6cc78bc0e88df2ed45e0c690bc6a0098a567f08c5c,greedy,100,100100,e010d7a017999f22c40a70e420136aeaa21029e708dddcc932dfa38312267da1,c26ffababde35dc2eccf67f481452c34e08b15fafdc0ed211f83460252e592dc,913,845,68,40,0,805,0,0,913,0.04381161007667032,0.05763688760806916,0.9526627218934911,50.735667861156394,20.299205082661956,236.9145101318402,168176.0663697085,3021.9477654998745,0.017968952602664637,2590.9823479054176,0.015406367884771144,107807.84634201127,129259.71652237464,2695.196158550282,0.028030870368312536,0.0,8000,400.13871630367225,400.13871630367225,1078.124999999998,0.3711431571512329,0.9999009390962939,0.8164978705908963,1237.2039418686977,375.9704931590572,0.31287332548558217,60,0,3600.0,3954.3286087062434
044701d81fe1c7e816d83581e907424106a40657,task_burst,contact_bandwidth,1.25,synthetic_v1,781d0e388741aa6fbb946d6cc78bc0e88df2ed45e0c690bc6a0098a567f08c5c,edf,100,100100,e010d7a017999f22c40a70e420136aeaa21029e708dddcc932dfa38312267da1,c26ffababde35dc2eccf67f481452c34e08b15fafdc0ed211f83460252e592dc,913,845,68,76,0,769,0,0,913,0.0832420591456736,0.09221902017291066,0.9100591715976332,201.93084518508076,185.24026331769028,365.57506767694167,168176.0663697085,4715.639110752244,0.028039894216491286,1165.4838110566195,0.006930140751981245,110998.52701253927,129259.71652237482,1460.5069343755167,0.04248379899869778,0.0,8000,556.5390110586612,556.5390110586612,1078.124999999998,0.5162100972138317,0.9999464699674703,0.819952700608295,1052.2232899018572,544.6279050569301,0.26609404377399937,60,0,3600.0,3954.3286087062434
044701d81fe1c7e816d83581e907424106a40657,task_burst,contact_bandwidth,1.25,synthetic_v1,781d0e388741aa6fbb946d6cc78bc0e88df2ed45e0c690bc6a0098a567f08c5c,contact_knapsack,100,100100,e010d7a017999f22c40a70e420136aeaa21029e708dddcc932dfa38312267da1,c26ffababde35dc2eccf67f481452c34e08b15fafdc0ed211f83460252e592dc,913,841,72,69,0,772,0,0,913,0.0755750273822563,0.11527377521613832,0.9179548156956004,161.95046852926646,167.2269014008823,344.9707657549751,168176.0663697085,5142.082958322689,0.03057559300393334,755.4061026410089,0.004491757471484486,110626.55598690316,129259.71652237467,1603.2834201000458,0.04648145205687727,0.0,8000,555.6206838715923,555.6206838715923,1078.124999999998,0.515358315475101,0.9999009390962935,0.8210887672028232,1030.513429508167,557.003511130154,0.2606038929691595,60,0,3600.0,3954.3286087062434
044701d81fe1c7e816d83581e907424106a40657,task_burst,contact_bandwidth,1.25,synthetic_v1,781d0e388741aa6fbb946d6cc78bc0e88df2ed45e0c690bc6a0098a567f08c5c,predictive,100,100100,e010d7a017999f22c40a70e420136aeaa21029e708dddcc932dfa38312267da1,c26ffababde35dc2eccf67f481452c34e08b15fafdc0ed211f83460252e592dc,913,851,62,68,0,783,0,0,913,0.07447973713033954,0.10086455331412104,0.9200940070505288,34.627535356937614,24.419182072675994,92.37889609537842,168176.0663697085,4824.897484805697,0.028689560821329486,4032.375883580261,0.02397710905376821,95948.3120325792,129259.71652237476,1411.0045887144,0.05028642383169186,0.0,8000,589.8632937995069,589.8632937995069,1078.124999999998,0.5471195768575147,0.999779626258319,0.8258549881003386,465.8072023265533,576.0651016457025,0.11779678636241454,25.37839059329683,0,3600.0,3954.3286087062434
044701d81fe1c7e816d83581e907424106a40657,task_burst,contact_window_duration,0.75,synthetic_v1,781d0e388741aa6fbb946d6cc78bc0e88df2ed45e0c690bc6a0098a567f08c5c,random,100,100100,c1f7ec6fa534d184c317c60e2ac6adef21a5742a82c49f424b334b36f1f90651,c26ffababde35dc2eccf67f481452c34e08b15fafdc0ed211f83460252e592dc,913,840,73,28,0,812,0,0,913,0.03066812705366922,0.03170028818443804,0.9666666666666667,149.02696406146168,136.64977754557424,305.0441088612811,168176.0663697085,1840.18273817666,0.010942001307910895,954.9168038761361,0.005678077888781763,84274.3875696199,129259.71652237473,3009.7995560578534,0.021835610928130057,0.0,8000,273.4897669013299,273.4897669013299,646.8749999999984,0.42278611308418257,0.9999009390962933,0.8249553063179316,643.7422562406384,304.93041656583966,0.16279432488825318,29.274877012960523,0,3600.0,3954.3286087062434
044701d81fe1c7e816d83581e907424106a40657,task_burst,contact_window_duration,0.75,synthetic_v1,781d0e388741aa6fbb946d6cc78bc0e88df2ed45e0c690bc6a0098a567f08c5c,rule,100,100100,c1f7ec6fa534d184c317c60e2ac6adef21a5742a82c49f424b334b36f1f90651,c26ffababde35dc2eccf67f481452c34e08b15fafdc0ed211f83460252e592dc,913,845,68,55,0,790,0,0,913,0.060240963855421686,0.0893371757925072,0.9349112426035503,167.9596144105932,172.39071328482964,349.22778054652724,168176.0663697085,3182.469890065987,0.01892344112193604,455.1353275217364,0.002706302610986234,102354.2060558355,129259.71652237476,1860.9855646515546,0.031092712382820006,0.0,8000,362.2096047838636,362.2096047838636,646.8749999999984,0.5599375532890659,0.9999982737651752,0.8238952043822837,921.9442469308888,440.7521318514937,0.2331481113888827,57.67338703914719,0,3600.0,3954.3286087062434
044701d81fe1c7e816d83581e907424106a40657,task_burst,contact_window_duration,0.75,synthetic_v1,781d0e388741aa6fbb946d6cc78bc0e88df2ed45e0c690bc6a0098a567f08c5c,greedy,100,100100,c1f7ec6fa534d184c317c60e2ac6adef21a5742a82c49f424b334b36f1f90651,c26ffababde35dc2eccf67f481452c34e08b15fafdc0ed211f83460252e592dc,913,841,72,41,0,800,0,0,913,0.044906900328587074,0.04610951008645533,0.9512485136741974,49.39127098741873,26.364771957656657,142.61788141033492,168176.0663697085,1725.530735983321,0.01026026338486247,1431.1801946059304,0.00851001111810825,99125.21509617846,129259.71652237479,2417.6881730775235,0.017407586296878004,0.0,8000,244.9642369520298,244.9642369520298,646.8749999999984,0.3786886754813997,0.9999055463121379,0.8173649124770495,1116.6704238508871,293.3065150250399,0.28239191386176515,60,0,3600.0,3954.3286087062434
044701d81fe1c7e816d83581e907424106a40657,task_burst,contact_window_duration,0.75,synthetic_v1,781d0e388741aa6fbb946d6cc78bc0e88df2ed45e0c690bc6a0098a567f08c5c,edf,100,100100,c1f7ec6fa534d184c317c60e2ac6adef21a5742a82c49f424b334b36f1f90651,c26ffababde35dc2eccf67f481452c34e08b15fafdc0ed211f83460252e592dc,913,843,70,63,0,780,0,0,913,0.06900328587075576,0.06628242074927954,0.9252669039145908,202.67545113125738,184.79493060698405,364.5871728094776,168176.0663697085,2959.922202603959,0.017600139345018556,816.5210976356528,0.0048551563564381405,102526.5974661255,129259.71652237476,1627.406308986119,0.02886979843042103,0.0,8000,356.69845931484696,356.69845931484696,646.8749999999984,0.5514179081195716,0.9999982737651752,0.822680186524356,950.2155954381188,428.8733449645704,0.240297580061007,60,0,3600.0,3954.3286087062434
044701d81fe1c7e816d83581e907424106a40657,task_burst,contact_window_duration,0.75,synthetic_v1,781d0e388741aa6fbb946d6cc78bc0e88df2ed45e0c690bc6a0098a567f08c5c,contact_knapsack,100,100100,c1f7ec6fa534d184c317c60e2ac6adef21a5742a82c49f424b334b36f1f90651,c26ffababde35dc2eccf67f481452c34e08b15fafdc0ed211f83460252e592dc,913,842,71,55,0,787,0,0,913,0.060240963855421686,0.08069164265129683,0.9346793349168646,155.89030021102673,147.19110689386775,341.53606329539116,168176.0663697085,3351.6924326505205,0.019929663625752516,559.4364603453236,0.003326492719335526,102798.1267918549,129259.71652237476,1869.0568507609983,0.03260460610762888,0.0,8000,362.26365953151054,362.26365953151054,646.8749999999984,0.560021116183979,0.9999009390962937,0.823973376077993,929.4536371339931,443.76094803614,0.2350471417796729,58.84869565205266,0,3600.0,3954.3286087062434
044701d81fe1c7e816d83581e907424106a40657,task_burst,contact_window_duration,0.75,synthetic_v1,781d0e388741aa6fbb946d6cc78bc0e88df2ed45e0c690bc6a0098a567f08c5c,predictive,100,100100,c1f7ec6fa534d184c317c60e2ac6adef21a5742a82c49f424b334b36f1f90651,c26ffababde35dc2eccf67f481452c34e08b15fafdc0ed211f83460252e592dc,913,844,69,60,0,784,0,0,913,0.06571741511500548,0.0893371757925072,0.9289099526066351,31.876963631666158,23.659260097931565,98.25197609944689,168176.0663697085,3306.0290894446803,0.019658142569329084,2643.830972381519,0.015720613696419052,86324.33250043076,129259.7165223747,1438.7388750071793,0.03829776603749798,0.0,8000,374.3427484504466,374.3427484504466,646.8749999999984,0.5786941038847498,0.9998765137060219,0.830336566030735,364.909115747255,470.0532231683403,0.09228092853584165,20.040367510382506,0,3600.0,3954.3286087062434
044701d81fe1c7e816d83581e907424106a40657,task_burst,contact_window_duration,1.0,synthetic_v1,781d0e388741aa6fbb946d6cc78bc0e88df2ed45e0c690bc6a0098a567f08c5c,random,100,100100,4ee161b72c04a0b8534fa2f59c0af68665e54f1abee8abfd227b6e73611fcafe,c26ffababde35dc2eccf67f481452c34e08b15fafdc0ed211f83460252e592dc,913,844,69,28,0,816,0,0,913,0.03066812705366922,0.02881844380403458,0.966824644549763,148.89926316039677,121.45321121851293,347.4708352744465,168176.0663697085,2090.221873503694,0.012428771338417867,1079.5947536231863,0.006419431592899003,87271.87251242346,129259.7165223747,3116.8525897294094,0.023950693543399605,0.0,8000,268.44032346790055,268.44032346790055,862.4999999999984,0.31123515764394327,0.9999423485593633,0.8218591831971739,716.3800126504375,323.8501077005815,0.1811635004418156,35.88128275406399,0,3600.0,3954.3286087062434
044701d81fe1c7e816d83581e907424106a40657,task_burst,contact_window_duration,1.0,synthetic_v1,781d0e388741aa6fbb946d6cc78bc0e88df2ed45e0c690bc6a0098a567f08c5c,rule,100,100100,4ee161b72c04a0b8534fa2f59c0af68665e54f1abee8abfd227b6e73611fcafe,c26ffababde35dc2eccf67f481452c34e08b15fafdc0ed211f83460252e592dc,913,844,69,60,0,784,0,0,913,0.06571741511500548,0.1037463976945245,0.9289099526066351,157.68120777782906,151.90139033085734,348.66385857735133,168176.0663697085,4276.296622229464,0.025427498184127473,527.5356632524858,0.0031368058169037086,109049.73961944644,129259.71652237464,1817.4956603241073,0.0392141846202711,0.0,8000,446.74945852495387,446.74945852495387,862.4999999999984,0.5179703866955997,0.9999637266497811,0.8221338690375775,974.2307602076876,542.1558915130599,0.2463707133652788,60,0,3600.0,3954.3286087062434
044701d81fe1c7e816d83581e907424106a40657,task_burst,contact_window_duration,1.0,synthetic_v1,781d0e388741aa6fbb946d6cc78bc0e88df2ed45e0c690bc6a0098a567f08c5c,greedy,100,100100,4ee161b72c04a0b8534fa2f59c0af68665e54f1abee8abfd227b6e73611fcafe,c26ffababde35dc2eccf67f481452c34e08b15fafdc0ed211f83460252e592dc,913,845,68,47,0,798,0,0,913,0.05147864184008762,0.05475504322766571,0.9443786982248521,47.179093035743115,20.173444678785216,150.21102617480096,168176.0663697085,1921.2117197087782,0.011423811730054963,1612.4736609921188,0.009588009137087022,106415.47451370384,129259.71652237464,2264.159032206465,0.018053875420734704,0.0,8000,281.6389506482692,281.6389506482692,862.4999999999984,0.32653791379509534,0.9999009390962945,0.8182461334649714,1300.0599248470262,319.95756263174405,0.3287688134933159,60,0,3600.0,3954.3286087062434
044701d81fe1c7e816d83581e907424106a40657,task_burst,contact_window_duration,1.0,synthetic_v1,781d0e388741aa6fbb946d6cc78bc0e88df2ed45e0c690bc6a0098a567f08c5c,edf,100,100100,4ee161b72c04a0b8534fa2f59c0af68665e54f1abee8abfd227b6e73611fcafe,c26ffababde35dc2eccf67f481452c34e08b15fafdc0ed211f83460252e592dc,913,843,70,73,0,770,0,0,913,0.07995618838992333,0.0893371757925072,0.9134045077105575,198.96447069955633,183.0376064679267,368.921599462164,168176.0663697085,3690.842010369268,0.021946297651269445,942.3820030211124,0.005603544091401415,109368.32042825707,129259.71652237473,1498.1961702500969,0.03374690217347143,0.0,8000,453.06823332704715,453.06823332704715,862.4999999999984,0.5252965024081716,0.999900939096294,0.8222768709259118,982.3673449698047,552.4774339098813,0.24842835337632965,60,0,3600.0,3954.3286087062434
044701d81fe1c7e816d83581e907424106a40657,task_burst,contact_window_duration,1.0,synthetic_v1,781d0e388741aa6fbb946d6cc78bc0e88df2ed45e0c690bc6a0098a567f08c5c,contact_knapsack,100,100100,4ee161b72c04a0b8534fa2f59c0af68665e54f1abee8abfd227b6e73611fcafe,c26ffababde35dc2eccf67f481452c34e08b15fafdc0ed211f83460252e592dc,913,843,70,65,0,778,0,0,913,0.07119386637458927,0.09221902017291066,0.9228944246737841,156.9901923673152,168.6621182421207,346.8682925602893,168176.0663697085,3961.032078969172,0.023552888139632595,519.2930219976552,0.0030877938413428666,109123.23814512286,129259.71652237476,1678.8190483865055,0.03629870361527762,0.0,8000,439.10148512316454,439.10148512316454,862.4999999999984,0.5091031711572932,0.999900939096294,0.8198997915819578,993.7826214589297,540.3700705715739,0.2513151333126233,60,0,3600.0,3954.3286087062434
044701d81fe1c7e816d83581e907424106a40657,task_burst,contact_window_duration,1.0,synthetic_v1,781d0e388741aa6fbb946d6cc78bc0e88df2ed45e0c690bc6a0098a567f08c5c,predictive,100,100100,4ee161b72c04a0b8534fa2f59c0af68665e54f1abee8abfd227b6e73611fcafe,c26ffababde35dc2eccf67f481452c34e08b15fafdc0ed211f83460252e592dc,913,852,61,60,0,792,0,0,913,0.06571741511500548,0.09798270893371758,0.9295774647887324,35.790631716246075,24.195828115777886,91.2526749128599,168176.0663697085,4119.975764281488,0.024497991023433575,3376.8588090287985,0.02007930665713936,94232.18052119436,129259.71652237461,1570.536342019906,0.04372153696851829,0.0,8000,473.4828116263621,473.4828116263621,862.4999999999984,0.5489655786972324,0.999700552349086,0.8277706914108727,378.76820616868235,590.632742324032,0.09578571829734853,20.040367510382506,0,3600.0,3954.3286087062434
044701d81fe1c7e816d83581e907424106a40657,task_burst,contact_window_duration,1.25,synthetic_v1,781d0e388741aa6fbb946d6cc78bc0e88df2ed45e0c690bc6a0098a567f08c5c,random,100,100100,3fb4831cae2a2e352b9616ced47dc81648b71abdeb0d68eeceab11fba010e9dc,c26ffababde35dc2eccf67f481452c34e08b15fafdc0ed211f83460252e592dc,913,850,63,30,0,820,0,0,913,0.03285870755750274,0.03170028818443804,0.9647058823529412,149.9680824684149,150.3771469571002,284.2720130130515,168176.0663697085,2241.1114740140683,0.01332598343147912,1095.0401586913638,0.006511272277495723,92223.12277572257,129259.71652237479,3074.104092524086,0.024300971454460803,0.0,8000,343.6910601287803,343.6910601287803,1078.1249999999984,0.31878591084408653,0.9999009390962935,0.8223843959820093,742.7400589929484,394.0938756504527,0.18782962482117901,41.39954164965331,0,3600.0,3954.3286087062434
044701d81fe1c7e816d83581e907424106a40657,task_burst,contact_window_duration,1.25,synthetic_v1,781d0e388741aa6fbb946d6cc78bc0e88df2ed45e0c690bc6a0098a567f08c5c,rule,100,100100,3fb4831cae2a2e352b9616ced47dc81648b71abdeb0d68eeceab11fba010e9dc,c26ffababde35dc2eccf67f481452c34e08b15fafdc0ed211f83460252e592dc,913,849,64,71,0,778,0,0,913,0.07776560788608981,0.12680115273775217,0.9163722025912838,151.45795388598057,148.0392279940031,347.0953990778412,168176.0663697085,5062.506474010878,0.03010241934712492,728.2542601515485,0.004330308562162446,113693.24202033212,129259.71652237467,1601.3132678920017,0.04452776949667364,0.0,8000,543.1533722575928,543.1533722575928,1078.1249999999984,0.5037944322389274,0.9999009390962935,0.8176466794819311,1005.8065932371825,654.8335435117299,0.25435584463635585,60,0,3600.0,3954.3286087062434
044701d81fe1c7e816d83581e907424106a40657,task_burst,contact_window_duration,1.25,synthetic_v1,781d0e388741aa6fbb946d6cc78bc0e88df2ed45e0c690bc6a0098a567f08c5c,greedy,100,100100,3fb4831cae2a2e352b9616ced47dc81648b71abdeb0d68eeceab11fba010e9dc,c26ffababde35dc2eccf67f481452c34e08b15fafdc0ed211f83460252e592dc,913,845,68,57,0,788,0,0,913,0.0624315443592552,0.06051873198847262,0.9325443786982248,49.35368056513543,18.367144375197455,211.77570132850678,168176.0663697085,2250.390403069554,0.013381157329024607,1901.2180015750587,0.011304926096889026,110349.60361441347,129259.71652237473,1935.9579581476048,0.02039328035044809,0.0,8000,344.5670293791409,344.5670293791409,1078.1249999999984,0.3195984040618123,0.999900939096294,0.8176490055448145,1368.0842659068837,388.9611108076282,0.34597131429461203,60,0,3600.0,3954.3286087062434
044701d81fe1c7e816d83581e907424106a40657,task_burst,contact_window_duration,1.25,synthetic_v1,781d0e388741aa6fbb946d6cc78bc0e88df2ed45e0c690bc6a0098a567f08c5c,edf,100,100100,3fb4831cae2a2e352b9616ced47dc81648b71abdeb0d68eeceab11fba010e9dc,c26ffababde35dc2eccf67f481452c34e08b15fafdc0ed211f83460252e592dc,913,843,70,86,0,757,0,0,913,0.09419496166484119,0.1037463976945245,0.8979833926453143,198.07392730625034,183.83044388928192,372.09979562174385,168176.0663697085,4363.0230673942415,0.025943186575685655,668.9114897201862,0.003977447589062346,113923.00236209983,129259.71652237485,1324.686073977905,0.0382979993234952,0.0,8000,507.3844561202071,507.3844561202071,1078.1249999999984,0.4706174665462798,0.9999009390962937,0.8171700306520968,1080.7260837588383,619.374599975389,0.2733020420658526,60,0,3600.0,3954.3286087062434
044701d81fe1c7e816d83581e907424106a40657,task_burst,contact_window_duration,1.25,synthetic_v1,781d0e388741aa6fbb946d6cc78bc0e88df2ed45e0c690bc6a0098a567f08c5c,contact_knapsack,100,100100,3fb4831cae2a2e352b9616ced47dc81648b71abdeb0d68eeceab11fba010e9dc,c26ffababde35dc2eccf67f481452c34e08b15fafdc0ed211f83460252e592dc,913,843,70,69,0,774,0,0,913,0.0755750273822563,0.10086455331412104,0.9181494661921709,146.92610026275204,163.37185834083812,320.1266896498919,168176.0663697085,4954.743612780048,0.029461645284816138,701.4552019578598,0.004170957360935184,113680.40337607174,129259.71652237466,1647.5420779140832,0.04358485249554417,0.0,8000,519.0598102206967,519.0598102206967,1078.1249999999984,0.48144678049455997,0.9999009390962935,0.8166524935701485,1028.7605698298942,643.3774976329798,0.2601606167896296,60,0,3600.0,3954.3286087062434
044701d81fe1c7e816d83581e907424106a40657,task_burst,contact_window_duration,1.25,synthetic_v1,781d0e388741aa6fbb946d6cc78bc0e88df2ed45e0c690bc6a0098a567f08c5c,predictive,100,100100,3fb4831cae2a2e352b9616ced47dc81648b71abdeb0d68eeceab11fba010e9dc,c26ffababde35dc2eccf67f481452c34e08b15fafdc0ed211f83460252e592dc,913,852,61,77,0,775,0,0,913,0.08433734939759036,0.11527377521613832,0.9096244131455399,40.20712558905674,24.53338890164082,140.78711513159465,168176.0663697085,4789.556929098542,0.028479420600607094,3864.964926343028,0.02298165850690379,100007.17773686023,129259.71652237458,1298.79451606312,0.04789213171979382,0.0,8000,550.4648328691461,550.4648328691461,1078.1249999999984,0.5105760768641363,0.9999809810746124,0.8273128888704204,421.9230822904208,688.4751759513929,0.10669904402013351,20.040367510382506,0,3600.0,3954.3286087062434
044701d81fe1c7e816d83581e907424106a40657,task_burst,interarrival_s,0.75,synthetic_v1,781d0e388741aa6fbb946d6cc78bc0e88df2ed45e0c690bc6a0098a567f08c5c,random,100,100100,833b8afe27871411a12ec6b2e52b9f232e81346f85dcc6954434b5853848b2a4,4d1f81c3a3a3af1b8d26fa5bb383cdcda6b2be78353d2b9a8413dfea40436a78,1219,1028,191,25,0,1003,0,0,1219,0.020508613617719443,0.026607538802660754,0.97568093385214,172.29256250112903,188.22550156503803,324.88302244522583,221537.37082092182,2139.2647973246844,0.00965645114139205,808.5389113304885,0.003649672776806877,91399.21244102667,130142.97579503732,3655.9684976410667,0.02340572462487024,0.0,8000,328.74919300115226,328.74919300115226,862.4999999999984,0.3811584846390178,0.9999616372633666,0.8644104667411804,704.0749743985093,389.1963155460421,0.17739132688200368,36.579929969364564,0,3600.0,3969.0495965839555
044701d81fe1c7e816d83581e907424106a40657,task_burst,interarrival_s,0.75,synthetic_v1,781d0e388741aa6fbb946d6cc78bc0e88df2ed45e0c690bc6a0098a567f08c5c,rule,100,100100,833b8afe27871411a12ec6b2e52b9f232e81346f85dcc6954434b5853848b2a4,4d1f81c3a3a3af1b8d26fa5bb383cdcda6b2be78353d2b9a8413dfea40436a78,1219,1021,198,68,0,953,0,0,1219,0.05578342904019688,0.09534368070953436,0.9333986287952988,185.91825262966648,191.37794569230346,346.9406768109102,221537.37082092182,4131.845031541136,0.018650781203326118,474.20576859090727,0.0021405226884913613,111883.55105142573,130142.9757950373,1645.3463389915548,0.03692987032242113,0.0,8000,439.7075643859146,439.7075643859146,862.4999999999984,0.509805871751786,0.999688033427287,0.8631351914012848,1073.5090537335218,532.9227823705833,0.2704700527444806,60,0,3600.0,3969.0495965839555
044701d81fe1c7e816d83581e907424106a40657,task_burst,interarrival_s,0.75,synthetic_v1,781d0e388741aa6fbb946d6cc78bc0e88df2ed45e0c690bc6a0098a567f08c5c,greedy,100,100100,833b8afe27871411a12ec6b2e52b9f232e81346f85dcc6954434b5853848b2a4,4d1f81c3a3a3af1b8d26fa5bb383cdcda6b2be78353d2b9a8413dfea40436a78,1219,1040,179,53,0,987,0,0,1219,0.043478260869565216,0.04656319290465632,0.9490384615384615,55.38479995001057,23.824631487636225,231.06307106921724,221537.37082092182,2249.6615938574214,0.010154772468054248,1868.499090229359,0.008434238807229264,109116.09815043991,130142.97579503739,2058.794304725281,0.02061713745258542,0.0,8000,318.9918535492152,318.9918535492152,862.4999999999984,0.36984562730343856,0.9996837143306609,0.865192046640981,1305.4085309047693,356.1229494203485,0.3288970064844481,60,0,3600.0,3969.0495965839555
044701d81fe1c7e816d83581e907424106a40657,task_burst,interarrival_s,0.75,synthetic_v1,781d0e388741aa6fbb946d6cc78bc0e88df2ed45e0c690bc6a0098a567f08c5c,edf,100,100100,833b8afe27871411a12ec6b2e52b9f232e81346f85dcc6954434b5853848b2a4,4d1f81c3a3a3af1b8d26fa5bb383cdcda6b2be78353d2b9a8413dfea40436a78,1219,1024,195,92,0,932,0,0,1219,0.07547169811320754,0.082039911308204,0.91015625,205.69913306716222,199.25136760054306,351.9440054305146,221537.37082092182,3694.53772704931,0.01667681490196868,698.0756944983985,0.003151051634817329,112203.8337596101,130142.97579503733,1219.6068886914143,0.03292701865218467,0.0,8000,447.3075350307522,447.3075350307522,862.4999999999984,0.5186174319197137,0.999957749700624,0.8640268297803029,1068.46708625174,550.4702083059026,0.269199731636344,60,0,3600.0,3969.0495965839555
044701d81fe1c7e816d83581e907424106a40657,task_burst,interarrival_s,0.75,synthetic_v1,781d0e388741aa6fbb946d6cc78bc0e88df2ed45e0c690bc6a0098a567f08c5c,contact_knapsack,100,100100,833b8afe27871411a12ec6b2e52b9f232e81346f85dcc6954434b5853848b2a4,4d1f81c3a3a3af1b8d26fa5bb383cdcda6b2be78353d2b9a8413dfea40436a78,1219,1022,197,72,0,950,0,0,1219,0.05906480721903199,0.07982261640798226,0.9295499021526419,166.59903962698732,151.10061610508956,298.4630418208444,221537.37082092182,3884.244778759288,0.017533135670816866,579.1510440672945,0.002614236333676846,112276.5259441297,130142.97579503745,1559.396193668468,0.03459534168960785,0.0,8000,440.6772573823947,440.6772573823947,862.4999999999984,0.5109301534868353,0.9999615898082101,0.8672382173777815,1064.053639468282,543.4399875245219,0.268087765994177,60,0,3600.0,3969.0495965839555
044701d81fe1c7e816d83581e907424106a40657,task_burst,interarrival_s,0.75,synthetic_v1,781d0e388741aa6fbb946d6cc78bc0e88df2ed45e0c690bc6a0098a567f08c5c,predictive,100,100100,833b8afe27871411a12ec6b2e52b9f232e81346f85dcc6954434b5853848b2a4,4d1f81c3a3a3af1b8d26fa5bb383cdcda6b2be78353d2b9a8413dfea40436a78,1219,1032,187,60,0,972,0,0,1219,0.04922067268252666,0.09312638580931264,0.9418604651162791,38.117814326504046,21.25111206537713,165.14403322807473,221537.37082092182,4498.834547609869,0.020307339258108605,3582.295199770731,0.016170162110781997,94342.22831115045,130142.97579503742,1572.3704718525075,0.04768632910357223,0.0,8000,503.04382563445193,503.04382563445193,862.4999999999984,0.5832392181269018,0.999983002276426,0.8693621675109534,370.45840625485243,599.3142869821122,0.09333680450193797,21.314020349946087,0,3600.0,3969.0495965839555
044701d81fe1c7e816d83581e907424106a40657,task_burst,interarrival_s,1.0,synthetic_v1,781d0e388741aa6fbb946d6cc78bc0e88df2ed45e0c690bc6a0098a567f08c5c,random,100,100100,bcc5cd6c3e17437d505dae2f45eed24050fcbaa8d267d14a9fa36c1d03442d18,c26ffababde35dc2eccf67f481452c34e08b15fafdc0ed211f83460252e592dc,913,844,69,28,0,816,0,0,913,0.03066812705366922,0.02881844380403458,0.966824644549763,148.89926316039677,121.45321121851293,347.4708352744465,168176.0663697085,2090.221873503694,0.012428771338417867,1079.5947536231863,0.006419431592899003,87271.87251242346,129259.7165223747,3116.8525897294094,0.023950693543399605,0.0,8000,268.44032346790055,268.44032346790055,862.4999999999984,0.31123515764394327,0.9999423485593633,0.8218591831971739,716.3800126504375,323.8501077005815,0.1811635004418156,35.88128275406399,0,3600.0,3954.3286087062434
044701d81fe1c7e816d83581e907424106a40657,task_burst,interarrival_s,1.0,synthetic_v1,781d0e388741aa6fbb946d6cc78bc0e88df2ed45e0c690bc6a0098a567f08c5c,rule,100,100100,bcc5cd6c3e17437d505dae2f45eed24050fcbaa8d267d14a9fa36c1d03442d18,c26ffababde35dc2eccf67f481452c34e08b15fafdc0ed211f83460252e592dc,913,844,69,60,0,784,0,0,913,0.06571741511500548,0.1037463976945245,0.9289099526066351,157.68120777782906,151.90139033085734,348.66385857735133,168176.0663697085,4276.296622229464,0.025427498184127473,527.5356632524858,0.0031368058169037086,109049.73961944644,129259.71652237464,1817.4956603241073,0.0392141846202711,0.0,8000,446.74945852495387,446.74945852495387,862.4999999999984,0.5179703866955997,0.9999637266497811,0.8221338690375775,974.2307602076876,542.1558915130599,0.2463707133652788,60,0,3600.0,3954.3286087062434
044701d81fe1c7e816d83581e907424106a40657,task_burst,interarrival_s,1.0,synthetic_v1,781d0e388741aa6fbb946d6cc78bc0e88df2ed45e0c690bc6a0098a567f08c5c,greedy,100,100100,bcc5cd6c3e17437d505dae2f45eed24050fcbaa8d267d14a9fa36c1d03442d18,c26ffababde35dc2eccf67f481452c34e08b15fafdc0ed211f83460252e592dc,913,845,68,47,0,798,0,0,913,0.05147864184008762,0.05475504322766571,0.9443786982248521,47.179093035743115,20.173444678785216,150.21102617480096,168176.0663697085,1921.2117197087782,0.011423811730054963,1612.4736609921188,0.009588009137087022,106415.47451370384,129259.71652237464,2264.159032206465,0.018053875420734704,0.0,8000,281.6389506482692,281.6389506482692,862.4999999999984,0.32653791379509534,0.9999009390962945,0.8182461334649714,1300.0599248470262,319.95756263174405,0.3287688134933159,60,0,3600.0,3954.3286087062434
044701d81fe1c7e816d83581e907424106a40657,task_burst,interarrival_s,1.0,synthetic_v1,781d0e388741aa6fbb946d6cc78bc0e88df2ed45e0c690bc6a0098a567f08c5c,edf,100,100100,bcc5cd6c3e17437d505dae2f45eed24050fcbaa8d267d14a9fa36c1d03442d18,c26ffababde35dc2eccf67f481452c34e08b15fafdc0ed211f83460252e592dc,913,843,70,73,0,770,0,0,913,0.07995618838992333,0.0893371757925072,0.9134045077105575,198.96447069955633,183.0376064679267,368.921599462164,168176.0663697085,3690.842010369268,0.021946297651269445,942.3820030211124,0.005603544091401415,109368.32042825707,129259.71652237473,1498.1961702500969,0.03374690217347143,0.0,8000,453.06823332704715,453.06823332704715,862.4999999999984,0.5252965024081716,0.999900939096294,0.8222768709259118,982.3673449698047,552.4774339098813,0.24842835337632965,60,0,3600.0,3954.3286087062434
044701d81fe1c7e816d83581e907424106a40657,task_burst,interarrival_s,1.0,synthetic_v1,781d0e388741aa6fbb946d6cc78bc0e88df2ed45e0c690bc6a0098a567f08c5c,contact_knapsack,100,100100,bcc5cd6c3e17437d505dae2f45eed24050fcbaa8d267d14a9fa36c1d03442d18,c26ffababde35dc2eccf67f481452c34e08b15fafdc0ed211f83460252e592dc,913,843,70,65,0,778,0,0,913,0.07119386637458927,0.09221902017291066,0.9228944246737841,156.9901923673152,168.6621182421207,346.8682925602893,168176.0663697085,3961.032078969172,0.023552888139632595,519.2930219976552,0.0030877938413428666,109123.23814512286,129259.71652237476,1678.8190483865055,0.03629870361527762,0.0,8000,439.10148512316454,439.10148512316454,862.4999999999984,0.5091031711572932,0.999900939096294,0.8198997915819578,993.7826214589297,540.3700705715739,0.2513151333126233,60,0,3600.0,3954.3286087062434
044701d81fe1c7e816d83581e907424106a40657,task_burst,interarrival_s,1.0,synthetic_v1,781d0e388741aa6fbb946d6cc78bc0e88df2ed45e0c690bc6a0098a567f08c5c,predictive,100,100100,bcc5cd6c3e17437d505dae2f45eed24050fcbaa8d267d14a9fa36c1d03442d18,c26ffababde35dc2eccf67f481452c34e08b15fafdc0ed211f83460252e592dc,913,852,61,60,0,792,0,0,913,0.06571741511500548,0.09798270893371758,0.9295774647887324,35.790631716246075,24.195828115777886,91.2526749128599,168176.0663697085,4119.975764281488,0.024497991023433575,3376.8588090287985,0.02007930665713936,94232.18052119436,129259.71652237461,1570.536342019906,0.04372153696851829,0.0,8000,473.4828116263621,473.4828116263621,862.4999999999984,0.5489655786972324,0.999700552349086,0.8277706914108727,378.76820616868235,590.632742324032,0.09578571829734853,20.040367510382506,0,3600.0,3954.3286087062434
044701d81fe1c7e816d83581e907424106a40657,task_burst,interarrival_s,1.25,synthetic_v1,781d0e388741aa6fbb946d6cc78bc0e88df2ed45e0c690bc6a0098a567f08c5c,random,100,100100,a5440b0b755262c3deb99512864f9d62d6afdb1bd5be644f919126aa0f6be369,e91ef7d8a33f25106b864d6afb3718909dfb036558f6a4d3ffba87489096b6b5,730,721,9,28,0,693,0,0,730,0.038356164383561646,0.02564102564102564,0.9611650485436893,146.67321069378409,120.10462220422983,360.84338240812656,133156.1240656287,1933.1453840228803,0.014517885659318908,1398.1739300306017,0.01050026005068669,87473.7218222999,130866.6396341125,3124.061493653568,0.022099727138054144,0.0,8000,309.71140304673435,309.71140304673435,862.4999999999984,0.3590856846918666,0.9990577646713122,0.7395071191487976,603.0685746360348,381.16506668907647,0.15148249472420106,26.535929114094273,0,3600.0,3981.1106605685422
044701d81fe1c7e816d83581e907424106a40657,task_burst,interarrival_s,1.25,synthetic_v1,781d0e388741aa6fbb946d6cc78bc0e88df2ed45e0c690bc6a0098a567f08c5c,rule,100,100100,a5440b0b755262c3deb99512864f9d62d6afdb1bd5be644f919126aa0f6be369,e91ef7d8a33f25106b864d6afb3718909dfb036558f6a4d3ffba87489096b6b5,730,721,9,66,0,655,0,0,730,0.09041095890410959,0.1575091575091575,0.9084604715672677,170.6361619982029,165.70178237868504,345.7295589817991,133156.1240656287,4190.116015315656,0.03146769286593587,589.3681054771024,0.004426143443365927,109644.15437994868,130866.6396341127,1661.2750663628588,0.03821558968657548,0.0,8000,461.3333886266622,461.3333886266622,862.4999999999984,0.5348792911613485,0.9999571103527307,0.7255852369410012,958.1175443014529,563.0437104466708,0.2406658910015388,60,0,3600.0,3981.1106605685422
044701d81fe1c7e816d83581e907424106a40657,task_burst,interarrival_s,1.25,synthetic_v1,781d0e388741aa6fbb946d6cc78bc0e88df2ed45e0c690bc6a0098a567f08c5c,greedy,100,100100,a5440b0b755262c3deb99512864f9d62d6afdb1bd5be644f919126aa0f6be369,e91ef7d8a33f25106b864d6afb3718909dfb036558f6a4d3ffba87489096b6b5,730,720,10,47,0,673,0,0,730,0.06438356164383562,0.05128205128205128,0.9347222222222222,49.78397510617889,29.513538699230594,142.54537712800357,133156.1240656287,1937.4305345737566,0.014550067059768535,1629.014427090666,0.012233867863920198,107774.6143635789,130866.63963411258,2293.076901352743,0.017976687237662596,0.0,8000,292.8400977746996,292.8400977746996,862.4999999999984,0.33952475104313057,0.9999202706625681,0.7270911678310131,1308.7249973612218,325.7021955917628,0.3287336396658521,60,0,3600.0,3981.1106605685422
044701d81fe1c7e816d83581e907424106a40657,task_burst,interarrival_s,1.25,synthetic_v1,781d0e388741aa6fbb946d6cc78bc0e88df2ed45e0c690bc6a0098a567f08c5c,edf,100,100100,a5440b0b755262c3deb99512864f9d62d6afdb1bd5be644f919126aa0f6be369,e91ef7d8a33f25106b864d6afb3718909dfb036558f6a4d3ffba87489096b6b5,730,719,11,76,0,643,0,0,730,0.10410958904109589,0.10989010989010989,0.894297635605007,196.84187637697195,180.37615048895304,363.4368912066537,133156.1240656287,3314.824411315298,0.024894269299108762,825.4426650560656,0.006199058968172049,110199.91093125608,130866.63963411261,1449.9988280428431,0.030080100639855528,0.0,8000,429.34128166904463,429.34128166904463,862.4999999999984,0.49778699323947295,0.9990577646713121,0.7294995765572344,1021.7232248807716,521.7869689960926,0.2566427592683041,60,0,3600.0,3981.1106605685422
044701d81fe1c7e816d83581e907424106a40657,task_burst,interarrival_s,1.25,synthetic_v1,781d0e388741aa6fbb946d6cc78bc0e88df2ed45e0c690bc6a0098a567f08c5c,contact_knapsack,100,100100,a5440b0b755262c3deb99512864f9d62d6afdb1bd5be644f919126aa0f6be369,e91ef7d8a33f25106b864d6afb3718909dfb036558f6a4d3ffba87489096b6b5,730,720,10,70,0,650,0,0,730,0.0958904109589041,0.13553113553113552,0.9027777777777778,150.8132895953669,137.4090703618515,339.44449171223414,133156.1240656287,3834.1418948579144,0.028794333882594687,734.2016144094597,0.005513840385197705,109615.18327444763,130866.63963411273,1565.9311896349661,0.03497820083243605,0.0,8000,442.98172051723117,442.98172051723117,862.4999999999984,0.5136019948025878,0.9990577646713127,0.7275826563931643,981.1149248958918,550.7123639546102,0.24644251530445496,60,0,3600.0,3981.1106605685422
044701d81fe1c7e816d83581e907424106a40657,task_burst,interarrival_s,1.25,synthetic_v1,781d0e388741aa6fbb946d6cc78bc0e88df2ed45e0c690bc6a0098a567f08c5c,predictive,100,100100,a5440b0b755262c3deb99512864f9d62d6afdb1bd5be644f919126aa0f6be369,e91ef7d8a33f25106b864d6afb3718909dfb036558f6a4d3ffba87489096b6b5,730,719,11,64,0,655,0,0,730,0.08767123287671233,0.13553113553113552,0.9109874826147427,42.30901176853447,23.119612722171553,168.63485072069201,133156.1240656287,4434.7079009010195,0.033304573349666466,3493.867669067443,0.026238880814414656,92328.90360423131,130866.63963411258,1442.6391188161142,0.04803163178359006,0.0,8000,501.27107985274534,501.27107985274534,862.4999999999984,0.5811838606988362,0.9990577646713112,0.7372230421192308,282.7945035496093,609.1345942055978,0.07103407256436912,20.920788941884172,0,3600.0,3981.1106605685422
044701d81fe1c7e816d83581e907424106a40657,task_burst,deadline_s,0.75,synthetic_v1,781d0e388741aa6fbb946d6cc78bc0e88df2ed45e0c690bc6a0098a567f08c5c,random,100,100100,5ef1627d63fd3a7726ee88c74dbd1b0d1ed04ff26dec51dfcf03dc2dfeceea81,f6783a205d334ee8b3643cea3f6803e99aea45e50db0aba649cf04fa52fb12a1,913,906,7,27,0,879,0,0,913,0.029572836801752465,0.03170028818443804,0.9701986754966887,96.67380936029375,82.67769118317165,180.0549505219774,168176.0663697085,2206.5171183081943,0.013120280227375013,1374.4000261563754,0.0081723877589988,85942.34056958338,123476.11424543275,3183.04965072531,0.02567438940671721,0.0,8000,313.5481956175765,313.5481956175765,862.4999999999984,0.36353413984646615,0.9947857748304693,0.7254601381001601,568.6646874046819,388.6327086026618,0.14740130468970883,20.85701919339415,0,3600.0,3857.9352374238824
044701d81fe1c7e816d83581e907424106a40657,task_burst,deadline_s,0.75,synthetic_v1,781d0e388741aa6fbb946d6cc78bc0e88df2ed45e0c690bc6a0098a567f08c5c,rule,100,100100,5ef1627d63fd3a7726ee88c74dbd1b0d1ed04ff26dec51dfcf03dc2dfeceea81,f6783a205d334ee8b3643cea3f6803e99aea45e50db0aba649cf04fa52fb12a1,913,906,7,56,0,850,0,0,913,0.06133625410733844,0.11527377521613832,0.9381898454746137,109.74205265872419,107.0830338286122,247.05888803465626,168176.0663697085,4317.022609281215,0.02566966098369148,871.3566790582713,0.005181216910750732,104239.01482615541,123476.11424543278,1861.4109790384896,0.04141465281958898,0.0,8000,456.2374236360447,456.2374236360447,862.4999999999984,0.5289709259548354,0.9928737862631712,0.7186005255197969,773.5603542582655,554.3413293979022,0.20051149297539964,43.12374880770808,0,3600.0,3857.9352374238824
044701d81fe1c7e816d83581e907424106a40657,task_burst,deadline_s,0.75,synthetic_v1,781d0e388741aa6fbb946d6cc78bc0e88df2ed45e0c690bc6a0098a567f08c5c,greedy,100,100100,5ef1627d63fd3a7726ee88c74dbd1b0d1ed04ff26dec51dfcf03dc2dfeceea81,f6783a205d334ee8b3643cea3f6803e99aea45e50db0aba649cf04fa52fb12a1,913,906,7,39,0,867,0,0,913,0.04271631982475356,0.069164265129683,0.956953642384106,31.047841378175807,18.316935051938344,140.02383737998684,168176.0663697085,2240.015315782183,0.013319465510971478,1838.2526458021007,0.010930524690481181,98727.69284467012,123476.11424543281,2531.47930370949,0.022688824697913636,0.0,8000,287.2440140089702,287.2440140089702,862.4999999999984,0.33303653798141536,0.9990748944230096,0.7193691547900742,1068.0535890852696,325.0285432424512,0.27684590936743075,60,0,3600.0,3857.9352374238824
044701d81fe1c7e816d83581e907424106a40657,task_burst,deadline_s,0.75,synthetic_v1,781d0e388741aa6fbb946d6cc78bc0e88df2ed45e0c690bc6a0098a567f08c5c,edf,100,100100,5ef1627d63fd3a7726ee88c74dbd1b0d1ed04ff26dec51dfcf03dc2dfeceea81,f6783a205d334ee8b3643cea3f6803e99aea45e50db0aba649cf04fa52fb12a1,913,906,7,70,0,836,0,0,913,0.07667031763417305,0.08069164265129683,0.9227373068432672,153.02791536677958,141.18436936380067,263.2834435461723,168176.0663697085,3741.969210013367,0.02225030761385059,1113.2098152855535,0.0066193117684078635,104576.23054211671,123476.11424543269,1493.9461506016673,0.03578221542902465,0.0,8000,443.2507261336202,443.2507261336202,862.4999999999984,0.5139138853723142,0.9916247334136786,0.7210776530193458,810.1231201065178,541.0562198955214,0.20998878162803833,46.9784480579016,0,3600.0,3857.9352374238824
044701d81fe1c7e816d83581e907424106a40657,task_burst,deadline_s,0.75,synthetic_v1,781d0e388741aa6fbb946d6cc78bc0e88df2ed45e0c690bc6a0098a567f08c5c,contact_knapsack,100,100100,5ef1627d63fd3a7726ee88c74dbd1b0d1ed04ff26dec51dfcf03dc2dfeceea81,f6783a205d334ee8b3643cea3f6803e99aea45e50db0aba649cf04fa52fb12a1,913,906,7,63,0,843,0,0,913,0.06900328587075576,0.09510086455331412,0.9304635761589404,123.6200452427164,128.60686473654505,238.25698768099943,168176.0663697085,4274.8153867528745,0.02541869053682923,857.4450999548174,0.0050984965843466675,104751.08898695552,123476.11424543275,1662.7156982056433,0.040809269174139184,0.0,8000,447.50233366338864,447.50233366338864,862.4999999999984,0.5188432854068283,0.9916247334136788,0.7189240113783376,793.4686290795913,552.4490149105545,0.20567183745920684,45.312998955208954,0,3600.0,3857.9352374238824
044701d81fe1c7e816d83581e907424106a40657,task_burst,deadline_s,0.75,synthetic_v1,781d0e388741aa6fbb946d6cc78bc0e88df2ed45e0c690bc6a0098a567f08c5c,predictive,100,100100,5ef1627d63fd3a7726ee88c74dbd1b0d1ed04ff26dec51dfcf03dc2dfeceea81,f6783a205d334ee8b3643cea3f6803e99aea45e50db0aba649cf04fa52fb12a1,913,905,8,61,0,844,0,0,913,0.06681270536692223,0.09221902017291066,0.932596685082873,32.67838273836251,24.512540459463025,87.39073324621154,168176.0663697085,4013.980845925912,0.023867729413422058,3323.2296315587705,0.01976041956084985,91530.08388492226,123476.1142454329,1500.4931784413486,0.04385422448615427,0.0,8000,464.9364917604935,464.9364917604935,862.4999999999984,0.5390568020411528,0.9988690910030754,0.7264413843857426,341.38213245569693,579.6838542292269,0.08848830046293188,20.040367510382506,0,3600.0,3857.9352374238824
044701d81fe1c7e816d83581e907424106a40657,task_burst,deadline_s,1.0,synthetic_v1,781d0e388741aa6fbb946d6cc78bc0e88df2ed45e0c690bc6a0098a567f08c5c,random,100,100100,af18af072078742a0ea6858e00f5b799370dfeea34315264c4f555403478bdf4,c26ffababde35dc2eccf67f481452c34e08b15fafdc0ed211f83460252e592dc,913,844,69,28,0,816,0,0,913,0.03066812705366922,0.02881844380403458,0.966824644549763,148.89926316039677,121.45321121851293,347.4708352744465,168176.0663697085,2090.221873503694,0.012428771338417867,1079.5947536231863,0.006419431592899003,87271.87251242346,129259.7165223747,3116.8525897294094,0.023950693543399605,0.0,8000,268.44032346790055,268.44032346790055,862.4999999999984,0.31123515764394327,0.9999423485593633,0.8218591831971739,716.3800126504375,323.8501077005815,0.1811635004418156,35.88128275406399,0,3600.0,3954.3286087062434
044701d81fe1c7e816d83581e907424106a40657,task_burst,deadline_s,1.0,synthetic_v1,781d0e388741aa6fbb946d6cc78bc0e88df2ed45e0c690bc6a0098a567f08c5c,rule,100,100100,af18af072078742a0ea6858e00f5b799370dfeea34315264c4f555403478bdf4,c26ffababde35dc2eccf67f481452c34e08b15fafdc0ed211f83460252e592dc,913,844,69,60,0,784,0,0,913,0.06571741511500548,0.1037463976945245,0.9289099526066351,157.68120777782906,151.90139033085734,348.66385857735133,168176.0663697085,4276.296622229464,0.025427498184127473,527.5356632524858,0.0031368058169037086,109049.73961944644,129259.71652237464,1817.4956603241073,0.0392141846202711,0.0,8000,446.74945852495387,446.74945852495387,862.4999999999984,0.5179703866955997,0.9999637266497811,0.8221338690375775,974.2307602076876,542.1558915130599,0.2463707133652788,60,0,3600.0,3954.3286087062434
044701d81fe1c7e816d83581e907424106a40657,task_burst,deadline_s,1.0,synthetic_v1,781d0e388741aa6fbb946d6cc78bc0e88df2ed45e0c690bc6a0098a567f08c5c,greedy,100,100100,af18af072078742a0ea6858e00f5b799370dfeea34315264c4f555403478bdf4,c26ffababde35dc2eccf67f481452c34e08b15fafdc0ed211f83460252e592dc,913,845,68,47,0,798,0,0,913,0.05147864184008762,0.05475504322766571,0.9443786982248521,47.179093035743115,20.173444678785216,150.21102617480096,168176.0663697085,1921.2117197087782,0.011423811730054963,1612.4736609921188,0.009588009137087022,106415.47451370384,129259.71652237464,2264.159032206465,0.018053875420734704,0.0,8000,281.6389506482692,281.6389506482692,862.4999999999984,0.32653791379509534,0.9999009390962945,0.8182461334649714,1300.0599248470262,319.95756263174405,0.3287688134933159,60,0,3600.0,3954.3286087062434
044701d81fe1c7e816d83581e907424106a40657,task_burst,deadline_s,1.0,synthetic_v1,781d0e388741aa6fbb946d6cc78bc0e88df2ed45e0c690bc6a0098a567f08c5c,edf,100,100100,af18af072078742a0ea6858e00f5b799370dfeea34315264c4f555403478bdf4,c26ffababde35dc2eccf67f481452c34e08b15fafdc0ed211f83460252e592dc,913,843,70,73,0,770,0,0,913,0.07995618838992333,0.0893371757925072,0.9134045077105575,198.96447069955633,183.0376064679267,368.921599462164,168176.0663697085,3690.842010369268,0.021946297651269445,942.3820030211124,0.005603544091401415,109368.32042825707,129259.71652237473,1498.1961702500969,0.03374690217347143,0.0,8000,453.06823332704715,453.06823332704715,862.4999999999984,0.5252965024081716,0.999900939096294,0.8222768709259118,982.3673449698047,552.4774339098813,0.24842835337632965,60,0,3600.0,3954.3286087062434
044701d81fe1c7e816d83581e907424106a40657,task_burst,deadline_s,1.0,synthetic_v1,781d0e388741aa6fbb946d6cc78bc0e88df2ed45e0c690bc6a0098a567f08c5c,contact_knapsack,100,100100,af18af072078742a0ea6858e00f5b799370dfeea34315264c4f555403478bdf4,c26ffababde35dc2eccf67f481452c34e08b15fafdc0ed211f83460252e592dc,913,843,70,65,0,778,0,0,913,0.07119386637458927,0.09221902017291066,0.9228944246737841,156.9901923673152,168.6621182421207,346.8682925602893,168176.0663697085,3961.032078969172,0.023552888139632595,519.2930219976552,0.0030877938413428666,109123.23814512286,129259.71652237476,1678.8190483865055,0.03629870361527762,0.0,8000,439.10148512316454,439.10148512316454,862.4999999999984,0.5091031711572932,0.999900939096294,0.8198997915819578,993.7826214589297,540.3700705715739,0.2513151333126233,60,0,3600.0,3954.3286087062434
044701d81fe1c7e816d83581e907424106a40657,task_burst,deadline_s,1.0,synthetic_v1,781d0e388741aa6fbb946d6cc78bc0e88df2ed45e0c690bc6a0098a567f08c5c,predictive,100,100100,af18af072078742a0ea6858e00f5b799370dfeea34315264c4f555403478bdf4,c26ffababde35dc2eccf67f481452c34e08b15fafdc0ed211f83460252e592dc,913,852,61,60,0,792,0,0,913,0.06571741511500548,0.09798270893371758,0.9295774647887324,35.790631716246075,24.195828115777886,91.2526749128599,168176.0663697085,4119.975764281488,0.024497991023433575,3376.8588090287985,0.02007930665713936,94232.18052119436,129259.71652237461,1570.536342019906,0.04372153696851829,0.0,8000,473.4828116263621,473.4828116263621,862.4999999999984,0.5489655786972324,0.999700552349086,0.8277706914108727,378.76820616868235,590.632742324032,0.09578571829734853,20.040367510382506,0,3600.0,3954.3286087062434
044701d81fe1c7e816d83581e907424106a40657,task_burst,deadline_s,1.25,synthetic_v1,781d0e388741aa6fbb946d6cc78bc0e88df2ed45e0c690bc6a0098a567f08c5c,random,100,100100,cd831f00d8bcc394b65e8ab20d69e30389f6a0f0f573faddc4ab75ce4b3a3146,f08a4fea2073f77768f57dbe88a434bc0f0dbc11bc6a2796b53e1d876f0e97bc,913,790,123,26,0,764,0,0,913,0.028477546549835708,0.037463976945244955,0.9670886075949368,173.75190190407753,153.72081158161006,409.7471713870368,168176.0663697085,2520.2692019240562,0.014985896961007772,1033.0030288593316,0.006142390241120503,96010.23898813369,135111.05083118242,3692.7014995436034,0.026250004462915116,0.0,8000,345.0079693080588,345.0079693080588,862.4999999999984,0.4000092397774602,0.9998924453300349,0.8456186736815863,722.2777038409918,429.50788868592133,0.17825870968141508,36.63155978251524,0,3600.0,4051.850847186375
044701d81fe1c7e816d83581e907424106a40657,task_burst,deadline_s,1.25,synthetic_v1,781d0e388741aa6fbb946d6cc78bc0e88df2ed45e0c690bc6a0098a567f08c5c,rule,100,100100,cd831f00d8bcc394b65e8ab20d69e30389f6a0f0f573faddc4ab75ce4b3a3146,f08a4fea2073f77768f57dbe88a434bc0f0dbc11bc6a2796b53e1d876f0e97bc,913,790,123,70,0,720,0,0,913,0.07667031763417305,0.12103746397694524,0.9113924050632911,216.1001258642156,219.44338609908857,463.53064896862185,168176.0663697085,4203.971340022778,0.024997441257669874,509.5283939205156,0.003029731904897799,118642.68861799403,135111.0508311825,1694.895551685629,0.035433884624435086,0.0,8000,474.7961231269758,474.7961231269758,862.4999999999984,0.5504882586979439,0.9997857766426217,0.8479575678704264,1201.4029207228346,576.4516266431572,0.2965071928936117,60,0,3600.0,4051.850847186375
044701d81fe1c7e816d83581e907424106a40657,task_burst,deadline_s,1.25,synthetic_v1,781d0e388741aa6fbb946d6cc78bc0e88df2ed45e0c690bc6a0098a567f08c5c,greedy,100,100100,cd831f00d8bcc394b65e8ab20d69e30389f6a0f0f573faddc4ab75ce4b3a3146,f08a4fea2073f77768f57dbe88a434bc0f0dbc11bc6a2796b53e1d876f0e97bc,913,789,124,38,0,751,0,0,913,0.0416210295728368,0.043227665706051875,0.9518377693282636,62.19101564697021,21.515916842808906,363.277386893586,168176.0663697085,2116.980311361387,0.012587881005062519,1842.219334971541,0.010954111216525382,116021.51822069135,135111.05083118248,3053.1978479129302,0.018246445519998752,0.0,8000,296.00896836248415,296.00896836248415,862.4999999999984,0.34319880389853297,0.9998032985225961,0.8423090965464509,1490.2243849700985,349.4779953385777,0.367788559148202,60,0,3600.0,4051.850847186375
044701d81fe1c7e816d83581e907424106a40657,task_burst,deadline_s,1.25,synthetic_v1,781d0e388741aa6fbb946d6cc78bc0e88df2ed45e0c690bc6a0098a567f08c5c,edf,100,100100,cd831f00d8bcc394b65e8ab20d69e30389f6a0f0f573faddc4ab75ce4b3a3146,f08a4fea2073f77768f57dbe88a434bc0f0dbc11bc6a2796b53e1d876f0e97bc,913,787,126,75,0,712,0,0,913,0.08214676889375684,0.0893371757925072,0.9047013977128335,276.6583999126096,279.801271535546,469.7175701888109,168176.0663697085,3567.219373389248,0.021211218994427423,792.8517458097953,0.004714414856551799,118315.72750729487,135111.05083118234,1577.5430334305981,0.030150001597795253,0.0,8000,437.809762984974,437.809762984974,862.4999999999984,0.5076055223014201,0.9998759451750239,0.8460204421510408,1280.7404390271852,520.9274100189506,0.3160877552826352,60,0,3600.0,4051.850847186375
044701d81fe1c7e816d83581e907424106a40657,task_burst,deadline_s,1.25,synthetic_v1,781d0e388741aa6fbb946d6cc78bc0e88df2ed45e0c690bc6a0098a567f08c5c,contact_knapsack,100,100100,cd831f00d8bcc394b65e8ab20d69e30389f6a0f0f573faddc4ab75ce4b3a3146,f08a4fea2073f77768f57dbe88a434bc0f0dbc11bc6a2796b53e1d876f0e97bc,913,784,129,69,0,715,0,0,913,0.0755750273822563,0.09221902017291066,0.9119897959183674,203.9703574140842,186.79266922465672,445.10323213336926,168176.0663697085,3926.065932295483,0.02334497421092397,490.6008897713169,0.0029171861392738745,118040.73866689134,135111.05083118225,1710.7353429984253,0.03326026231820494,0.0,8000,430.23002463173447,430.23002463173447,862.4999999999984,0.4988174198628815,0.9998695362884458,0.848856773006131,1261.6786312242243,523.2529956487386,0.31138328601121634,60,0,3600.0,4051.850847186375
044701d81fe1c7e816d83581e907424106a40657,task_burst,deadline_s,1.25,synthetic_v1,781d0e388741aa6fbb946d6cc78bc0e88df2ed45e0c690bc6a0098a567f08c5c,predictive,100,100100,cd831f00d8bcc394b65e8ab20d69e30389f6a0f0f573faddc4ab75ce4b3a3146,f08a4fea2073f77768f57dbe88a434bc0f0dbc11bc6a2796b53e1d876f0e97bc,913,787,126,64,0,723,0,0,913,0.0700985761226725,0.09798270893371758,0.9186785260482846,49.350930909131144,25.655435872226946,184.0201374040348,168176.0663697085,4067.7578283385446,0.024187495379968168,3315.1104848739365,0.019712141902440444,95663.87768481568,135111.05083118245,1494.748088825245,0.042521356302747934,0.0,8000,465.05932257857154,465.05932257857154,862.4999999999984,0.539199214583852,0.9998274199309078,0.8509215737274952,410.0485742004751,577.0611423152228,0.10120031305822001,21.456104061607494,0,3600.0,4051.850847186375
044701d81fe1c7e816d83581e907424106a40657,task_burst,storage_mb,0.75,synthetic_v1,781d0e388741aa6fbb946d6cc78bc0e88df2ed45e0c690bc6a0098a567f08c5c,random,100,100100,a083465f0bf5cec3541912e0abe4320d8d99394ac5573674025be90953f81763,c26ffababde35dc2eccf67f481452c34e08b15fafdc0ed211f83460252e592dc,913,755,158,25,0,730,0,0,913,0.027382256297918947,0.03170028818443804,0.9668874172185431,158.62423781858527,118.0412438361459,312.9760205455491,168176.0663697085,2157.998244527724,0.012831779759812588,1269.7092783491044,0.007549880941785433,87422.6045914037,129259.7165223748,3496.904183656148,0.02468467113984752,0.0,8000,318.39916587400273,318.39916587400273,862.4999999999984,0.3691584531872502,0.9999342476118863,0.8644534815574247,593.3358445885215,386.44356805680707,0.15004717698022724,29.793944408717344,0,3600.0,3954.3286087062434
044701d81fe1c7e816d83581e907424106a40657,task_burst,storage_mb,0.75,synthetic_v1,781d0e388741aa6fbb946d6cc78bc0e88df2ed45e0c690bc6a0098a567f08c5c,rule,100,100100,a083465f0bf5cec3541912e0abe4320d8d99394ac5573674025be90953f81763,c26ffababde35dc2eccf67f481452c34e08b15fafdc0ed211f83460252e592dc,913,756,157,59,0,697,0,0,913,0.06462212486308871,0.09798270893371758,0.921957671957672,160.09456038051871,148.016786951943,364.0235171449508,168176.0663697085,4382.184909592784,0.02605712575033859,551.411012219019,0.003278772206544711,105851.17576675775,126258.78564190274,1794.0877248603008,0.041399492049563,0.0,8000,462.1122982347743,462.1122982347743,862.4999999999984,0.5357823747649567,0.9999720403886778,0.8607196397093254,823.4913677620245,563.4742602230285,0.20825061578062684,48.245093777968705,0,3600.0,3954.3286087062434
044701d81fe1c7e816d83581e907424106a40657,task_burst,storage_mb,0.75,synthetic_v1,781d0e388741aa6fbb946d6cc78bc0e88df2ed45e0c690bc6a0098a567f08c5c,greedy,100,100100,a083465f0bf5cec3541912e0abe4320d8d99394ac5573674025be90953f81763,c26ffababde35dc2eccf67f481452c34e08b15fafdc0ed211f83460252e592dc,913,755,158,47,0,708,0,0,913,0.05147864184008762,0.05187319884726225,0.937748344370861,46.93514139592102,22.232520502443094,153.68107644205645,168176.0663697085,1980.7378211332195,0.01177776281661197,1634.2975677737736,0.009717777345208138,104118.66543933081,129259.71652237477,2215.290754028315,0.01902384949687413,0.0,8000,294.1448480410956,294.1448480410956,862.4999999999984,0.3410375049751839,0.999709641400715,0.8663503083049104,1230.8024955476353,322.5805913908266,0.31125448017592117,60,0,3600.0,3954.3286087062434
044701d81fe1c7e816d83581e907424106a40657,task_burst,storage_mb,0.75,synthetic_v1,781d0e388741aa6fbb946d6cc78bc0e88df2ed45e0c690bc6a0098a567f08c5c,edf,100,100100,a083465f0bf5cec3541912e0abe4320d8d99394ac5573674025be90953f81763,c26ffababde35dc2eccf67f481452c34e08b15fafdc0ed211f83460252e592dc,913,755,158,68,0,687,0,0,913,0.07447973713033954,0.08645533141210375,0.909933774834437,195.6963413355569,191.2898755401102,366.64171334505363,168176.0663697085,3881.2679569091288,0.02307859876075811,893.511221421586,0.005312951127405625,106162.53222945638,126258.78564190277,1561.2137092567116,0.036559677650871,0.0,8000,452.3211012601685,452.3211012601685,862.4999999999984,0.5244302623306312,0.9999453808426927,0.862160460556966,882.0219532909077,542.3755687517161,0.22305226514280083,53.94319709964075,0,3600.0,3954.3286087062434
044701d81fe1c7e816d83581e907424106a40657,task_burst,storage_mb,0.75,synthetic_v1,781d0e388741aa6fbb946d6cc78bc0e88df2ed45e0c690bc6a0098a567f08c5c,contact_knapsack,100,100100,a083465f0bf5cec3541912e0abe4320d8d99394ac5573674025be90953f81763,c26ffababde35dc2eccf67f481452c34e08b15fafdc0ed211f83460252e592dc,913,758,155,65,0,693,0,0,913,0.07119386637458927,0.08357348703170028,0.9142480211081794,149.4745402512956,164.9664951325808,336.02509201597013,168176.0663697085,4247.92271898548,0.02525878271910043,612.4959532729512,0.0036419923862797193,106003.4986010063,129259.71652237471,1630.823055400097,0.040073419981867975,0.0,8000,427.11449381539336,427.11449381539336,862.4999999999984,0.4952052102207468,0.9998455866266323,0.8595803027790018,882.0014577691873,523.2774512041542,0.22304708208298246,53.56733149733349,0,3600.0,3954.3286087062434
044701d81fe1c7e816d83581e907424106a40657,task_burst,storage_mb,0.75,synthetic_v1,781d0e388741aa6fbb946d6cc78bc0e88df2ed45e0c690bc6a0098a567f08c5c,predictive,100,100100,a083465f0bf5cec3541912e0abe4320d8d99394ac5573674025be90953f81763,c26ffababde35dc2eccf67f481452c34e08b15fafdc0ed211f83460252e592dc,913,762,151,61,0,701,0,0,913,0.06681270536692223,0.0893371757925072,0.9199475065616798,45.40247121473883,27.476294936557935,176.86550689326396,168176.0663697085,3944.363651332342,0.02345377518024046,3244.0036178829205,0.01928932985476953,92221.83513691199,129259.71652237457,1511.8333629001966,0.04277038778806085,0.0,8000,456.20003343417085,456.20003343417085,862.4999999999984,0.5289275749961411,0.999903014892707,0.862850641978432,373.38908893724863,564.2365044352458,0.09442540716397672,20.040367510382506,0,3600.0,3954.3286087062434
044701d81fe1c7e816d83581e907424106a40657,task_burst,storage_mb,1.0,synthetic_v1,781d0e388741aa6fbb946d6cc78bc0e88df2ed45e0c690bc6a0098a567f08c5c,random,100,100100,e5c2ac240143b46c050b7a7065e38b692074b79e612657dcbf6dbb30ee53b3eb,c26ffababde35dc2eccf67f481452c34e08b15fafdc0ed211f83460252e592dc,913,844,69,28,0,816,0,0,913,0.03066812705366922,0.02881844380403458,0.966824644549763,148.89926316039677,121.45321121851293,347.4708352744465,168176.0663697085,2090.221873503694,0.012428771338417867,1079.5947536231863,0.006419431592899003,87271.87251242346,129259.7165223747,3116.8525897294094,0.023950693543399605,0.0,8000,268.44032346790055,268.44032346790055,862.4999999999984,0.31123515764394327,0.9999423485593633,0.8218591831971739,716.3800126504375,323.8501077005815,0.1811635004418156,35.88128275406399,0,3600.0,3954.3286087062434
044701d81fe1c7e816d83581e907424106a40657,task_burst,storage_mb,1.0,synthetic_v1,781d0e388741aa6fbb946d6cc78bc0e88df2ed45e0c690bc6a0098a567f08c5c,rule,100,100100,e5c2ac240143b46c050b7a7065e38b692074b79e612657dcbf6dbb30ee53b3eb,c26ffababde35dc2eccf67f481452c34e08b15fafdc0ed211f83460252e592dc,913,844,69,60,0,784,0,0,913,0.06571741511500548,0.1037463976945245,0.9289099526066351,157.68120777782906,151.90139033085734,348.66385857735133,168176.0663697085,4276.296622229464,0.025427498184127473,527.5356632524858,0.0031368058169037086,109049.73961944644,129259.71652237464,1817.4956603241073,0.0392141846202711,0.0,8000,446.74945852495387,446.74945852495387,862.4999999999984,0.5179703866955997,0.9999637266497811,0.8221338690375775,974.2307602076876,542.1558915130599,0.2463707133652788,60,0,3600.0,3954.3286087062434
044701d81fe1c7e816d83581e907424106a40657,task_burst,storage_mb,1.0,synthetic_v1,781d0e388741aa6fbb946d6cc78bc0e88df2ed45e0c690bc6a0098a567f08c5c,greedy,100,100100,e5c2ac240143b46c050b7a7065e38b692074b79e612657dcbf6dbb30ee53b3eb,c26ffababde35dc2eccf67f481452c34e08b15fafdc0ed211f83460252e592dc,913,845,68,47,0,798,0,0,913,0.05147864184008762,0.05475504322766571,0.9443786982248521,47.179093035743115,20.173444678785216,150.21102617480096,168176.0663697085,1921.2117197087782,0.011423811730054963,1612.4736609921188,0.009588009137087022,106415.47451370384,129259.71652237464,2264.159032206465,0.018053875420734704,0.0,8000,281.6389506482692,281.6389506482692,862.4999999999984,0.32653791379509534,0.9999009390962945,0.8182461334649714,1300.0599248470262,319.95756263174405,0.3287688134933159,60,0,3600.0,3954.3286087062434
044701d81fe1c7e816d83581e907424106a40657,task_burst,storage_mb,1.0,synthetic_v1,781d0e388741aa6fbb946d6cc78bc0e88df2ed45e0c690bc6a0098a567f08c5c,edf,100,100100,e5c2ac240143b46c050b7a7065e38b692074b79e612657dcbf6dbb30ee53b3eb,c26ffababde35dc2eccf67f481452c34e08b15fafdc0ed211f83460252e592dc,913,843,70,73,0,770,0,0,913,0.07995618838992333,0.0893371757925072,0.9134045077105575,198.96447069955633,183.0376064679267,368.921599462164,168176.0663697085,3690.842010369268,0.021946297651269445,942.3820030211124,0.005603544091401415,109368.32042825707,129259.71652237473,1498.1961702500969,0.03374690217347143,0.0,8000,453.06823332704715,453.06823332704715,862.4999999999984,0.5252965024081716,0.999900939096294,0.8222768709259118,982.3673449698047,552.4774339098813,0.24842835337632965,60,0,3600.0,3954.3286087062434
044701d81fe1c7e816d83581e907424106a40657,task_burst,storage_mb,1.0,synthetic_v1,781d0e388741aa6fbb946d6cc78bc0e88df2ed45e0c690bc6a0098a567f08c5c,contact_knapsack,100,100100,e5c2ac240143b46c050b7a7065e38b692074b79e612657dcbf6dbb30ee53b3eb,c26ffababde35dc2eccf67f481452c34e08b15fafdc0ed211f83460252e592dc,913,843,70,65,0,778,0,0,913,0.07119386637458927,0.09221902017291066,0.9228944246737841,156.9901923673152,168.6621182421207,346.8682925602893,168176.0663697085,3961.032078969172,0.023552888139632595,519.2930219976552,0.0030877938413428666,109123.23814512286,129259.71652237476,1678.8190483865055,0.03629870361527762,0.0,8000,439.10148512316454,439.10148512316454,862.4999999999984,0.5091031711572932,0.999900939096294,0.8198997915819578,993.7826214589297,540.3700705715739,0.2513151333126233,60,0,3600.0,3954.3286087062434
044701d81fe1c7e816d83581e907424106a40657,task_burst,storage_mb,1.0,synthetic_v1,781d0e388741aa6fbb946d6cc78bc0e88df2ed45e0c690bc6a0098a567f08c5c,predictive,100,100100,e5c2ac240143b46c050b7a7065e38b692074b79e612657dcbf6dbb30ee53b3eb,c26ffababde35dc2eccf67f481452c34e08b15fafdc0ed211f83460252e592dc,913,852,61,60,0,792,0,0,913,0.06571741511500548,0.09798270893371758,0.9295774647887324,35.790631716246075,24.195828115777886,91.2526749128599,168176.0663697085,4119.975764281488,0.024497991023433575,3376.8588090287985,0.02007930665713936,94232.18052119436,129259.71652237461,1570.536342019906,0.04372153696851829,0.0,8000,473.4828116263621,473.4828116263621,862.4999999999984,0.5489655786972324,0.999700552349086,0.8277706914108727,378.76820616868235,590.632742324032,0.09578571829734853,20.040367510382506,0,3600.0,3954.3286087062434
044701d81fe1c7e816d83581e907424106a40657,task_burst,storage_mb,1.25,synthetic_v1,781d0e388741aa6fbb946d6cc78bc0e88df2ed45e0c690bc6a0098a567f08c5c,random,100,100100,a7cfe219873b007ac7fe0060fe7dd47569089303c1f66e7a6f2b37185c082fe4,c26ffababde35dc2eccf67f481452c34e08b15fafdc0ed211f83460252e592dc,913,902,11,24,0,878,0,0,913,0.02628696604600219,0.02881844380403458,0.9733924611973392,161.61492090993735,174.584595414687,262.0056713501797,168176.0663697085,1888.4370248591717,0.011228928501084937,1096.5634663355402,0.006520330092183977,86259.92164696443,129259.71652237464,3594.1634019568514,0.02189240366560926,0.0,8000,267.8175124390937,267.8175124390937,862.4999999999984,0.31051305790039907,0.999900591943461,0.7499347363709487,695.0481454304287,318.89394229558354,0.17576893935929896,32.669423673951215,0,3600.0,3954.3286087062434
044701d81fe1c7e816d83581e907424106a40657,task_burst,storage_mb,1.25,synthetic_v1,781d0e388741aa6fbb946d6cc78bc0e88df2ed45e0c690bc6a0098a567f08c5c,rule,100,100100,a7cfe219873b007ac7fe0060fe7dd47569089303c1f66e7a6f2b37185c082fe4,c26ffababde35dc2eccf67f481452c34e08b15fafdc0ed211f83460252e592dc,913,902,11,60,0,842,0,0,913,0.06571741511500548,0.1037463976945245,0.9334811529933481,157.3706162250757,147.373362417247,324.89718084387505,168176.0663697085,4274.332279769914,0.025415817910578724,524.7174651040573,0.0031200483899447907,110206.61056077834,129259.71652237464,1836.776842679639,0.038784717704503244,0.0,8000,449.5671069876073,449.5671069876073,862.4999999999984,0.521237225492879,0.9999005919434618,0.7390693003363875,1002.7347809435505,544.2888034446512,0.25357902191937964,60,0,3600.0,3954.3286087062434
044701d81fe1c7e816d83581e907424106a40657,task_burst,storage_mb,1.25,synthetic_v1,781d0e388741aa6fbb946d6cc78bc0e88df2ed45e0c690bc6a0098a567f08c5c,greedy,100,100100,a7cfe219873b007ac7fe0060fe7dd47569089303c1f66e7a6f2b37185c082fe4,c26ffababde35dc2eccf67f481452c34e08b15fafdc0ed211f83460252e592dc,913,900,13,44,0,856,0,0,913,0.04819277108433735,0.05763688760806916,0.9511111111111111,40.553544481011365,18.267943610447674,137.82136178957217,168176.0663697085,1818.48681318683,0.010812994098632168,1494.171713093685,0.008884568091924474,106507.82790746928,129259.71652237479,2420.6324524424836,0.017073738606017533,0.0,8000,261.61075028796125,261.61075028796125,862.4999999999984,0.3033168119280716,0.9985349318120932,0.7410555759239835,1352.6656341774924,295.06128558640705,0.34207213613945214,60,0,3600.0,3954.3286087062434
044701d81fe1c7e816d83581e907424106a40657,task_burst,storage_mb,1.25,synthetic_v1,781d0e388741aa6fbb946d6cc78bc0e88df2ed45e0c690bc6a0098a567f08c5c,edf,100,100100,a7cfe219873b007ac7fe0060fe7dd47569089303c1f66e7a6f2b37185c082fe4,c26ffababde35dc2eccf67f481452c34e08b15fafdc0ed211f83460252e592dc,913,900,13,72,0,828,0,0,913,0.07886089813800658,0.09221902017291066,0.92,202.70890830005214,201.2865960897695,369.21729886774364,168176.0663697085,3696.4372792991676,0.021979567955722867,825.7008131465004,0.004909740315434228,110655.95529563302,129259.71652237473,1536.888267994903,0.03340477491178503,0.0,8000,453.60891164573457,453.60891164573457,862.4999999999984,0.5259233758211425,0.999900591943461,0.7434281376934362,1027.2789727902145,552.1474814362925,0.2597859395216814,60,0,3600.0,3954.3286087062434
044701d81fe1c7e816d83581e907424106a40657,task_burst,storage_mb,1.25,synthetic_v1,781d0e388741aa6fbb946d6cc78bc0e88df2ed45e0c690bc6a0098a567f08c5c,contact_knapsack,100,100100,a7cfe219873b007ac7fe0060fe7dd47569089303c1f66e7a6f2b37185c082fe4,c26ffababde35dc2eccf67f481452c34e08b15fafdc0ed211f83460252e592dc,913,898,15,65,0,833,0,0,913,0.07119386637458927,0.0893371757925072,0.9276169265033407,159.2541598775432,168.58988457853877,328.35617026294176,168176.0663697085,3957.242867445339,0.023530356922167307,504.956922450647,0.0030025492529988126,110508.19674651824,129259.71652237479,1700.1261037925883,0.03580949634462313,0.0,8000,442.5424538441751,442.5424538441751,862.4999999999984,0.5130927001091895,0.9989056948338694,0.7430180818737362,1023.8357377547961,543.3071714840603,0.258915188662019,60,0,3600.0,3954.3286087062434
044701d81fe1c7e816d83581e907424106a40657,task_burst,storage_mb,1.25,synthetic_v1,781d0e388741aa6fbb946d6cc78bc0e88df2ed45e0c690bc6a0098a567f08c5c,predictive,100,100100,a7cfe219873b007ac7fe0060fe7dd47569089303c1f66e7a6f2b37185c082fe4,c26ffababde35dc2eccf67f481452c34e08b15fafdc0ed211f83460252e592dc,913,905,8,62,0,843,0,0,913,0.06790799561883899,0.10086455331412104,0.9314917127071823,37.2364039585452,24.195828115777886,94.9814804804189,168176.0663697085,4111.4572338086555,0.02444733856939112,3344.3628565995527,0.019886080872218163,94056.93540800131,129259.71652237464,1517.0473452903439,0.04371243030589851,0.0,8000,468.90920124366534,468.90920124366534,862.4999999999984,0.543662842021642,0.9995880287137857,0.7548683008310948,388.60177512303903,582.3582776648605,0.09827250427985543,20.040367510382506,0,3600.0,3954.3286087062434
